scenario,model,seed,steps,initial_population,carrying_capacity,birth_count,death_count,turnover_events,reproduction_opportunity_count,evaluated_birth_attempt_count,capacity_blocked_opportunity_count,capacity_blocked_fraction,final_population,mean_population,max_lineage_depth,mean_lineage_depth_alive,parent_offspring_agreement,parent_offspring_mutual_information,shuffled_lineage_mutual_information,shuffled_lineage_mutual_information_p95,lineage_mi_permutation_p_value,theta_parent_child_correlation,mutation_event_rate,transmitted_variant_rate,selection_gradient_birth_rate_bit1_minus_bit0,mean_birth_probability,mean_event_resource_score,mean_event_negativity,mean_event_chsh,final_p_one_alive,final_shannon_diversity_alive,mean_shannon_diversity_alive,theta_mean_alive,theta_std_alive,interaction_birth_covariance
basis_selection,quantum,11,64,24,80,720,664,1384,4038,2103,1935,0.47919762258543835,80,73.56923076923077,19,11.8875,0.7138888888888889,0.006681732393356447,0.0009771734304654407,0.004273648436632084,0.014925373134328358,0.9857301731828786,0.0875,0.47619047619047616,0.1841768925976298,0.3370401188707281,0.414202380517017,0.2071011902585085,1.9496019753046205,0.7,0.8812908992306927,0.88861799578539,2.563057597469456,0.47580916710542237,0.04768848980745323
basis_selection,quantum,12,64,24,80,706,650,1356,4113,2047,2066,0.5023097495745198,80,74.50769230769231,16,10.3375,0.6883852691218131,0.011644648326714847,0.0010991858479544566,0.004400861302210545,0.004975124378109453,0.9845472750873228,0.0764872521246459,0.48148148148148145,0.16086632397574596,0.33842830051057626,0.5360665126323789,0.26803325631618946,2.100940130583288,0.7875,0.7462343013654811,0.8838497175993499,2.3165265454714,0.3667426085320727,0.040528661235487685
basis_selection,quantum,13,64,24,80,714,658,1372,4089,2058,2031,0.4966984592809978,80,74.26153846153846,14,9.4,0.6582633053221288,2.8276463794582422e-05,0.0008636953556826353,0.0028374069359327816,0.8855721393034826,0.9586790371554046,0.09243697478991597,0.5303030303030303,0.15333637412465456,0.34213480068476404,0.5775517693079759,0.28877588465398796,2.1293424230520532,0.7875,0.7462343013654811,0.8746629285875009,2.3220008073912357,0.2721371970718045,0.038189893361338254
basis_selection,quantum,14,64,24,80,746,690,1436,4110,2452,1658,0.40340632603406323,80,75.07692307692308,17,10.675,0.6233243967828418,0.00692875829897421,0.0009294480366032287,0.004043621414926967,0.009950248756218905,0.9703476121154184,0.08981233243967829,0.4626865671641791,0.2004653804576852,0.30671649635036496,0.6847177708582123,0.34235888542910614,2.3101854691874597,0.7125,0.8654698974285928,0.9696491946771204,2.273361218884099,0.3810587038031632,0.0561577305367598
basis_selection,quantum,15,64,24,80,721,665,1386,4108,2077,2031,0.4944011684518014,80,74.66153846153846,15,10.075,0.7212205270457698,0.004091704521253002,0.0011046363773919094,0.003355066918660857,0.05472636815920398,0.9745518688140271,0.07905686546463246,0.543859649122807,0.17338560463113928,0.341053359298929,0.4520849468921945,0.22604247344609724,1.9496527324723307,0.825,0.6690158350565577,0.8625546745674545,2.6429691500013894,0.18059351741424837,0.044923802701926314
basis_selection,quantum,16,64,24,80,693,637,1330,4143,2290,1853,0.4472604392951967,80,74.76923076923077,17,10.5875,0.6565656565656566,0.005455497332955212,0.001088676901680956,0.004209315033449708,0.03482587064676617,0.9790520448720512,0.07503607503607504,0.5192307692307693,0.16323447395867896,0.32350306541153756,0.5242722793411415,0.26213613967057076,2.0549509406081294,0.7375,0.8304955225035798,0.9048631691877401,2.4256020819171615,0.23596866982832237,0.04211967421733141
basis_selection,quantum,17,64,24,80,739,683,1422,4088,2132,1956,0.47847358121330724,80,74.63076923076923,15,8.2875,0.7266576454668471,0.018726055834252617,0.0009805931545901277,0.0034792736582688524,0.004975124378109453,0.9852273052847945,0.07036535859269283,0.5384615384615384,0.1834472049689441,0.33671232876712337,0.4814145685271274,0.2407072842635637,2.018053498171094,0.85,0.6098403047164005,0.8785994133743797,2.492587422972359,0.3896134419196229,0.047070251913863694
basis_selection,quantum,18,64,24,80,716,660,1376,4032,2187,1845,0.4575892857142857,80,73.41538461538461,18,13.6,0.7304469273743017,0.007479490132845077,0.0010301627478261654,0.0046714166571164735,0.01990049751243781,0.968937820300911,0.0782122905027933,0.375,0.16567242281527997,0.3509583333333334,0.381663843078211,0.1908319215391055,1.8644121659636161,0.8375,0.6402569436810504,0.8122734786307164,2.678496575534493,0.24298770219686638,0.04414903982426306
basis_selection,quantum,19,64,24,80,679,623,1302,4062,2045,2017,0.4965534219596258,80,73.3076923076923,18,9.625,0.7422680412371134,0.015485641450814488,0.0010088701119290665,0.003932167823323401,0.004975124378109453,0.9831897907619858,0.0662739322533137,0.4666666666666667,0.14488030136067387,0.3489481043820778,0.3832399024022519,0.19161995120112596,1.8698826749276345,0.75,0.8112781244591328,0.8035611288516247,2.548766608026284,0.3977517416624472,0.03741853559342742
basis_selection,quantum,20,64,24,80,731,675,1406,4124,2136,1988,0.48205625606207564,80,75.06153846153846,17,8.4625,0.7209302325581395,0.009203776141827987,0.0007962868679323467,0.0029356017547003312,0.004975124378109453,0.9874892386689117,0.08071135430916553,0.3898305084745763,0.17309574875185774,0.3406576139670224,0.43268412155410285,0.21634206077705143,1.9774421649130602,0.7875,0.7462343013654811,0.870610651003047,2.537449827153133,0.4991562869609232,0.04472718190037076
basis_selection,quantum,21,64,24,80,696,640,1336,4272,2046,2226,0.5210674157303371,80,76.8,17,9.5875,0.7557471264367817,0.025571663827903,0.0011867850865258018,0.004170553340879473,0.004975124378109453,0.9883927185555181,0.09051724137931035,0.4126984126984127,0.14740117125360358,0.3467110486891386,0.36918196527832986,0.18459098263916493,1.8570542024560308,0.8,0.7219280948873623,0.8192305088371451,2.6652137650446646,0.24375942124761524,0.03383411185456383
basis_selection,quantum,22,64,24,80,725,669,1394,4051,2298,1753,0.4327326586028141,80,73.84615384615384,16,9.7125,0.6648275862068965,0.013208801946143996,0.0011360344273547709,0.004274686985752309,0.004975124378109453,0.969145985969702,0.10206896551724139,0.5540540540540541,0.17531464104855526,0.32485598617625283,0.5810680684150152,0.2905340342075076,2.1355113840113766,0.75,0.8112781244591328,0.9212560602311013,2.141873882200489,0.46582263575631705,0.049287165046545206
basis_selection,quantum,23,64,24,80,684,628,1312,4257,1923,2334,0.5482734319943622,80,76.38461538461539,15,8.6875,0.7412280701754386,0.01163609095632408,0.001049701572981101,0.0035976444210066693,0.004975124378109453,0.9807853931217377,0.07456140350877193,0.43137254901960786,0.15297405954409762,0.35358468404980037,0.4131592167761302,0.2065796083880651,1.904255992906792,0.75,0.8112781244591328,0.8253811971602834,2.6301370049027963,0.22082774833477783,0.035752083001210314
basis_selection,quantum,24,64,24,80,710,654,1364,4124,2023,2101,0.5094568380213385,80,74.73846153846154,15,9.9125,0.7563380281690141,0.014804298459346773,0.0010310693997112326,0.0037355556747696358,0.004975124378109453,0.9943290427873724,0.07323943661971831,0.5384615384615384,0.14588709677419354,0.3577590688651795,0.314741988410826,0.157370994205413,1.834577370813321,0.8375,0.6402569436810504,0.7950548984869905,2.7929582488247604,0.42313319428030527,0.031524557345001376
basis_selection,quantum,25,64,24,80,728,672,1400,4220,1988,2232,0.5289099526066351,80,76.49230769230769,14,8.9875,0.6510989010989011,0.0023818752812580987,0.001068724492282133,0.003466752079220752,0.16417910447761194,0.9537994464669753,0.09203296703296704,0.43283582089552236,0.1756597271013432,0.3438492890995261,0.6040390028610346,0.3020195014305173,2.1609690676967412,0.725,0.8485481782946158,0.8745760651934891,2.3844272500626635,0.25881436452716305,0.037431773769681716
basis_selection,quantum,26,64,24,80,708,652,1360,4054,2099,1955,0.48223976319684264,80,73.63076923076923,17,9.55,0.7782485875706214,0.01845271444418171,0.0009350318675215533,0.004367200392235966,0.004975124378109453,0.9875549067360477,0.07062146892655367,0.44,0.14743659830928824,0.3601584607794771,0.29240599677110507,0.14620299838555254,1.773062822689685,0.825,0.6690158350565577,0.7831676058156442,2.756026109271405,0.4191674522128614,0.027055203689510792
basis_selection,quantum,27,64,24,80,680,624,1304,4087,2113,1974,0.4829948617567898,80,73.70769230769231,17,7.6875,0.7323529411764705,0.009515938997403214,0.0009754976952485778,0.0031407669987928944,0.004975124378109453,0.9722307319792464,0.08235294117647059,0.5535714285714286,0.15045273516332397,0.3479981404453145,0.5272408886729133,0.26362044433645665,2.042085471396833,0.7875,0.7462343013654811,0.8341582253699149,2.497759908415055,0.20322786532607637,0.03299001548710938
basis_selection,quantum,28,64,24,80,707,651,1358,4044,2070,1974,0.48813056379821956,80,73.46153846153847,16,10.625,0.7043847241867044,0.0068697313400416585,0.0010257923844770973,0.004264634658594563,0.03482587064676617,0.9763708956421087,0.08486562942008487,0.4166666666666667,0.17344801022133705,0.3428518298714145,0.5295276862230883,0.26476384311154416,2.0595788325728006,0.8125,0.6962122601251458,0.8645614413591225,2.318968654448508,0.3579608929980417,0.04308204459158945
basis_selection,quantum,29,64,24,80,723,667,1390,4126,2066,2060,0.4992729035385361,80,74.96923076923076,17,10.1125,0.7717842323651453,0.0027545891075884225,0.0010931423169757563,0.004136084075335545,0.1691542288557214,0.9836217779516087,0.0677731673582296,0.5510204081632653,0.17900295196771676,0.3616913233155599,0.3292425559121303,0.16462127795606515,1.81251508509745,0.8625,0.577653903353563,0.7694504133236664,2.764292235909122,0.3048502783807494,0.034670717761337094
basis_selection,quantum,30,64,24,80,679,623,1302,4141,2106,2035,0.49142719149963776,80,74.52307692307693,16,10.6875,0.711340206185567,0.022011219288606845,0.0010530802911222223,0.0046048258878275475,0.004975124378109453,0.9770556989940888,0.08541973490427099,0.5,0.14903518808392355,0.33667413668196094,0.47716836781095895,0.23858418390547947,1.993800631988026,0.825,0.6690158350565577,0.8809858830263078,2.53907703140372,0.4627035428395844,0.03919236435102386
basis_selection,quantum,31,64,24,80,684,628,1312,4000,2277,1723,0.43075,80,72.43076923076923,19,10.475,0.6213450292397661,0.0030865280145283194,0.0010887745325697936,0.003943322468074447,0.09950248756218906,0.988326755583031,0.06725146198830409,0.4782608695652174,0.17250538168570956,0.3163482,0.5698716356721367,0.28493581783606836,2.1503202714923955,0.725,0.8485481782946158,0.917665195337058,2.5192566494898196,0.4267278700845037,0.04640424999999998
basis_selection,quantum,32,64,24,80,731,675,1406,4030,2321,1709,0.4240694789081886,80,73.61538461538461,17,11.275,0.6101231190150479,0.006040430145254905,0.001007046333136574,0.003522218128864305,0.01990049751243781,0.9825795990150111,0.07660738714090287,0.39285714285714285,0.1842915652423667,0.30161349875930527,0.6241635216524258,0.3120817608262129,2.2095734781491263,0.7125,0.8654698974285928,0.9502847952712791,2.1846934752071707,0.42192219728321867,0.05210801125553384
basis_selection,quantum,33,64,24,80,746,690,1436,4088,2159,1929,0.47186888454011744,80,74.73846153846154,15,9.775,0.6970509383378016,0.007464637825946998,0.00098885500018253,0.004967578271209531,0.014925373134328358,0.9779294005800708,0.07372654155495978,0.43636363636363634,0.18309439419753154,0.33431232876712336,0.4854952133470263,0.24274760667351314,2.007292211328916,0.6875,0.8960382325345575,0.8915130904658463,2.5163588202998906,0.3370402784321124,0.045884738301400475
basis_selection,quantum,34,64,24,80,728,672,1400,4128,2487,1641,0.39752906976744184,80,75.07692307692308,16,10.675,0.5659340659340659,0.0001317486103606792,0.0009288542453083295,0.0036778965666104148,0.8059701492537313,0.9460330819643991,0.08653846153846154,0.5238095238095238,0.20754099387191072,0.29586395348837213,0.7206038985664083,0.36030194928320414,2.358431592614184,0.6875,0.8960382325345575,0.979972258239001,1.9643536424480579,0.2249021572147701,0.05396498107084909
basis_selection,quantum,35,64,24,80,710,654,1364,4183,1916,2267,0.5419555343055223,80,75.64615384615385,14,8.975,0.7408450704225352,0.0011027639191989206,0.0012240486675345397,0.00446536223277337,0.35323383084577115,0.9545003062595961,0.0676056338028169,0.4791666666666667,0.17556282290799677,0.35398278747310546,0.40274514115595245,0.20137257057797622,1.887742924636401,0.7375,0.8304955225035798,0.8179353641276225,2.6443495278523974,0.2918868138750914,0.03974261678347102
basis_selection,quantum,36,64,24,80,703,647,1350,4147,2053,2094,0.5049433325295394,80,74.98461538461538,18,10.4125,0.6586059743954481,0.0019597443063846635,0.0009222070518025815,0.002782376912288557,0.14925373134328357,0.9800781235780543,0.07254623044096728,0.3333333333333333,0.17346001982788706,0.336064142753798,0.575089677198803,0.2875448385994015,2.128111276670144,0.6,0.9709505944546686,0.8936898107575524,2.2226142173545367,0.37991040052162167,0.04297545083156619
basis_selection,quantum,37,64,24,80,689,633,1322,4269,1912,2357,0.552119934410869,80,76.64615384615385,14,9.7,0.7561683599419449,0.008614160794372109,0.0009726348876602523,0.0040250647714041975,0.004975124378109453,0.9751851961859105,0.08563134978229318,0.4576271186440678,0.14640054056863663,0.3551395643007731,0.26396443608861364,0.13198221804430682,1.7333736112983573,0.8,0.7219280948873623,0.8012358688530657,2.9017922214566862,0.24062239464402915,0.03583313565836411
basis_selection,quantum,38,64,24,80,706,650,1356,3993,2174,1819,0.4555472076133233,80,72.66153846153846,17,11.975,0.7082152974504249,0.005812592917511759,0.0008307270354703431,0.0034243451382895054,0.01990049751243781,0.9895133190709886,0.07223796033994334,0.43137254901960786,0.18967071025559712,0.3333823190583522,0.3767294514994608,0.1883647257497304,1.914834059642309,0.8,0.7219280948873623,0.8876016690900568,2.640824340329698,0.5395110004113134,0.04550644569644761
basis_selection,quantum,39,64,24,80,692,636,1328,4009,2125,1884,0.46994262908455975,80,72.6923076923077,16,10.3,0.6661849710982659,0.01365680614149457,0.0010156361322783795,0.003695155915210052,0.004975124378109453,0.9823457677928124,0.08670520231213873,0.4166666666666667,0.16651142306633637,0.3277969568470941,0.5627945210956532,0.2813972605478266,2.1109790359616114,0.675,0.9097361225311661,0.9075828302436668,2.323141621269259,0.44588765276654524,0.05048910592225114
basis_selection,quantum,40,64,24,80,749,693,1442,4026,2128,1898,0.4714356681569796,80,73.83076923076923,19,12.3,0.7690253671562083,0.013666843257486044,0.0010690804184179598,0.003659536783443625,0.004975124378109453,0.9868525065570684,0.07476635514018691,0.39285714285714285,0.16411163445945684,0.36396105315449584,0.2385014789674085,0.11925073948370425,1.7279832810369804,0.8,0.7219280948873623,0.7565387920876766,2.9066797233231765,0.2755634997262955,0.035091638576772076
basis_selection,quantum,41,64,24,80,747,691,1438,4179,2057,2122,0.5077769801387891,80,76.15384615384616,13,9.5375,0.7737617135207496,0.0037807226926425026,0.001204675534932797,0.005133755956389608,0.11442786069651742,0.9707883727919735,0.07898259705488621,0.4576271186440678,0.16012891672003604,0.3649989949748744,0.3787691786475771,0.18938458932378854,1.8578409493796733,0.8125,0.6962122601251458,0.7419683931857912,2.628178598668692,0.26281752640253137,0.03215063455244981
basis_selection,quantum,42,64,24,80,746,690,1436,4165,2191,1974,0.47394957983193275,80,75.92307692307692,17,11.7875,0.7050938337801609,0.01849546300511546,0.0010338138781041625,0.004020495265638581,0.004975124378109453,0.9829762843197889,0.07908847184986595,0.5932203389830508,0.16199994881113872,0.3366164705882354,0.42935184199756954,0.21467592099878477,1.9338008788289096,0.8125,0.6962122601251458,0.8648032465459725,2.711620261809043,0.19356993702859987,0.04509505122577242
basis_selection,quantum,43,64,24,80,708,652,1360,4178,2045,2133,0.5105313547151747,80,75.53846153846153,17,9.9375,0.7090395480225988,0.0034727860618985387,0.0009986486767719863,0.003500121165264042,0.07960199004975124,0.9686162892361132,0.062146892655367235,0.4318181818181818,0.17177152719198735,0.35225313547151754,0.5383895122761732,0.2691947561380866,2.0575532916768897,0.7875,0.7462343013654811,0.8294806654707244,2.3905187566000934,0.16565628871308272,0.04423899974357922
basis_selection,quantum,44,64,24,80,754,698,1452,4253,2293,1960,0.46085116388431696,80,77.4,19,10.45,0.6193633952254642,0.00022329452823836166,0.0009158510202240381,0.003701224099784555,0.6019900497512438,0.9906814346976867,0.07957559681697612,0.5333333333333333,0.193807491810609,0.32111384904773105,0.5019669162955837,0.2509834581477918,2.088208876415679,0.6375,0.9447388286467892,0.9391799021909771,2.314127254607033,0.7654449943762044,0.043885592936182216
basis_selection,quantum,45,64,24,80,706,650,1356,4101,2256,1845,0.4498902706656913,80,74.32307692307693,17,10.8,0.6529745042492918,0.00823236630058399,0.001033964113823862,0.003925797148548512,0.009950248756218905,0.9761999992285523,0.08640226628895184,0.5245901639344263,0.16737178008458284,0.3212626188734456,0.6031314464879145,0.30156572324395725,2.1632200411544042,0.6625,0.9224062617590723,0.9215914654669292,2.2274577094571564,0.21906364665893654,0.045043045923877346
basis_selection,quantum,46,64,24,80,683,627,1310,4191,1891,2300,0.5487950369840133,80,75.35384615384615,19,12.2375,0.6925329428989752,0.004600744854212397,0.0011855554278763422,0.005835537629556225,0.06965174129353234,0.9769502689103654,0.08345534407027819,0.49122807017543857,0.14896335285541307,0.3436143163922692,0.40093327354944297,0.20046663677472149,1.9022654490630788,0.7625,0.79085809055281,0.8524599780291912,2.5544583570645956,0.41637899565217573,0.03646791499276296
basis_selection,quantum,47,64,24,80,700,644,1344,4245,2014,2231,0.5255594817432273,80,76.44615384615385,14,7.8125,0.7542857142857143,0.003191170204298207,0.001074285512818866,0.0034944816918269835,0.10945273631840796,0.9788571593175754,0.08428571428571428,0.4915254237288136,0.14871369768678394,0.36347297997644296,0.33651855920948,0.16825927960474,1.8226275212162273,0.8,0.7219280948873623,0.7567008380761612,2.7458853499715468,0.3269141517389316,0.03133846928625236
basis_selection,quantum,48,64,24,80,722,666,1388,4204,2325,1879,0.44695528068506185,80,76.15384615384616,15,8.3375,0.6329639889196675,0.006643052400294971,0.0009292267617589654,0.0036673986845187426,0.014925373134328358,0.9837584632520735,0.07756232686980609,0.4642857142857143,0.17344463172954178,0.31985004757373936,0.5549429497668543,0.27747147488342716,2.112534986925584,0.65,0.934068055375491,0.9256914172734906,2.2832841387467036,0.35703522325706094,0.046816678601594636
basis_selection,quantum,49,64,24,80,749,693,1442,4120,2241,1879,0.45606796116504855,80,75.27692307692308,17,12.3625,0.7129506008010681,0.0028421852693537586,0.0008413601536897632,0.002981926535763877,0.08955223880597014,0.9880839156490406,0.05473965287049399,0.43902439024390244,0.17076224488372416,0.3471456310679612,0.40100341767952175,0.20050170883976087,1.9057083303071851,0.825,0.6690158350565577,0.8247582640101522,2.8654470550709528,0.27379987304012815,0.042806814968423035
basis_selection,quantum,50,64,24,80,748,692,1440,4045,2694,1351,0.33399258343634114,80,74.1076923076923,16,10.9625,0.5227272727272727,0.0008685434605666103,0.0009031840659237486,0.00341762624167425,0.3582089552238806,0.964337170219608,0.07754010695187166,0.5172413793103449,0.2320824703151068,0.2788543881334981,0.7550351842456868,0.3775175921228434,2.425801859875041,0.6125,0.9631672450918831,0.9914641065786765,1.906903993178807,0.37510962404573,0.06376380674152497
basis_selection,quantum,51,64,24,80,747,691,1438,4197,2183,2014,0.4798665713604956,80,76.43076923076923,18,9.15,0.7041499330655957,0.002312578527981963,0.0010036501933903207,0.0037649851379716118,0.1791044776119403,0.9797733217523,0.07095046854082998,0.49056603773584906,0.17291679006788052,0.35400019061234217,0.4912501632977287,0.24562508164886435,2.0052133446652403,0.7875,0.7462343013654811,0.8279965936897653,2.5401465032463912,0.23803193894191316,0.036779904908421104
basis_selection,quantum,52,64,24,80,722,666,1388,4063,2379,1684,0.41447206497661826,80,73.98461538461538,15,9.5375,0.6481994459833795,0.022011616601049784,0.000955408478785801,0.0036097894865735093,0.004975124378109453,0.9862478997280939,0.07340720221606649,0.5283018867924528,0.19501922207146088,0.3141464927393552,0.5848594233436971,0.29242971167184856,2.1817575857892586,0.7375,0.8304955225035798,0.955134188840319,2.554196055105115,0.508955671767253,0.05345854477919121
basis_selection,quantum,53,64,24,80,721,665,1386,4257,2068,2189,0.5142118863049095,80,76.95384615384616,15,9.825,0.7475728155339806,0.013115556519831508,0.001066896702133287,0.003745179117313622,0.004975124378109453,0.9866864208682118,0.07766990291262135,0.5,0.15393724999872935,0.352000845665962,0.29862742580521184,0.14931371290260592,1.8002801323022373,0.825,0.6690158350565577,0.821676795782526,2.847184307786244,0.3267256164540148,0.03335301653803056
basis_selection,quantum,54,64,24,80,704,648,1352,4135,2069,2066,0.4996372430471584,80,74.81538461538462,18,10.375,0.7088068181818182,0.004772878363960493,0.0010643130870696782,0.003645036169553516,0.04975124378109453,0.9845095720703169,0.09375,0.36363636363636365,0.15196463024964635,0.3492158645707377,0.44750066648806225,0.22375033324403112,1.9608946881865932,0.7875,0.7462343013654811,0.8368164998902173,2.612739970702337,0.35955032860110414,0.0335283925670647
basis_selection,quantum,55,64,24,80,656,600,1256,4204,2083,2121,0.5045195052331113,80,75.13846153846154,15,10.125,0.6387195121951219,0.0009827760263255488,0.0010691506360350394,0.003948543535402953,0.39800995024875624,0.9654368739521563,0.08841463414634146,0.4827586206896552,0.1578734372185751,0.3260801141769744,0.5750451866293135,0.28752259331465674,2.112828388290633,0.7375,0.8304955225035798,0.9250870727136951,2.3966677076141596,0.24666907498199095,0.04904644301426489
basis_selection,quantum,56,64,24,80,680,624,1304,4170,1873,2297,0.5508393285371702,80,74.98461538461538,15,10.625,0.7485294117647059,0.000512784697024214,0.0009954127248148511,0.003257075879382397,0.5621890547263682,0.9781908590588507,0.07058823529411765,0.375,0.1518073059944981,0.36176134292565953,0.345891572088907,0.1729457860444535,1.8189237805196565,0.7625,0.79085809055281,0.7816942258799275,2.646162062385212,0.31618829120291014,0.0355071338612563
basis_selection,quantum,57,64,24,80,705,649,1354,4111,1981,2130,0.5181221114084165,80,74.46153846153847,17,9.9625,0.7531914893617021,0.004136598113126137,0.0009095032999572635,0.0037224995373799346,0.04477611940298507,0.9760115988838913,0.08085106382978724,0.45614035087719296,0.1704923859423354,0.35324748236438824,0.30162337596426,0.15081168798213,1.7742202236565587,0.85,0.6098403047164005,0.8080509179707001,2.812812287695202,0.2836153866889708,0.04122081468156729
basis_selection,quantum,58,64,24,80,712,656,1368,4210,1930,2280,0.5415676959619953,80,76.0923076923077,16,10.4,0.7289325842696629,0.0021188242795386163,0.0010145732799436587,0.0035459424995803613,0.21393034825870647,0.9632421925449463,0.10393258426966293,0.47297297297297297,0.17759006643146402,0.3524195724465558,0.46443182673006267,0.23221591336503133,1.9854656309595415,0.8,0.7219280948873623,0.8208688746276092,2.5622623932017965,0.3595486675766743,0.04089527818055642
basis_selection,quantum,59,64,24,80,715,659,1374,4086,2098,1988,0.4865394028389623,80,74.23076923076923,13,9.625,0.6937062937062937,0.0026313047492378255,0.0009215824238546961,0.0030198933550130494,0.1044776119402985,0.9745160338905998,0.08531468531468532,0.4262295081967213,0.1691277856135402,0.33994028389623104,0.46778227353560115,0.23389113676780057,1.9845647379066482,0.85,0.6098403047164005,0.8618183640131212,2.596413294628023,0.22970752895536667,0.04148317296576851
basis_selection,quantum,60,64,24,80,682,626,1308,4218,2357,1861,0.44120436225699383,80,75.75384615384615,18,10.775,0.5161290322580645,0.0036536323633010598,0.00116601371519581,0.0036536323633010598,0.06965174129353234,0.9688544761670252,0.07771260997067449,0.5471698113207547,0.2090971771576898,0.27281877667140825,0.7654833036642779,0.38274165183213893,2.4497362472391155,0.475,0.99819587904281,0.9841530298630121,1.7557206961453442,0.3475767467402009,0.054061136078056043
basis_selection,quantum,61,64,24,80,727,671,1398,4098,2329,1769,0.43167398731088336,80,74.6,18,11.5125,0.6368638239339752,0.0018172489757673563,0.0011142065677679858,0.00425805213355902,0.2537313432835821,0.9740181265924458,0.07840440165061899,0.5614035087719298,0.18819579980397325,0.32359472913616405,0.5980801137229863,0.29904005686149315,2.1708302522286083,0.7,0.8812908992306927,0.9189918229717742,2.1920046959602066,0.41874141109404595,0.053487863593782485
basis_selection,quantum,62,64,24,80,769,713,1482,4116,2339,1777,0.4317298347910593,80,75.52307692307693,16,10.2625,0.7555266579973993,0.01002267665735223,0.000966807670987431,0.003859781954039925,0.009950248756218905,0.9783970622698852,0.09362808842652796,0.5555555555555556,0.1668830389997937,0.3587551020408164,0.37873757962331944,0.18936878981165972,1.892264494218052,0.8875,0.5074109636646971,0.7816225760518388,2.764322132798825,0.33543493791089807,0.03472647215209837
basis_selection,quantum,63,64,24,80,700,644,1344,4161,2247,1914,0.45998558038932946,80,75.15384615384616,18,12.2625,0.66,0.014001203569854438,0.0011743037789357059,0.004447199677027336,0.009950248756218905,0.9738863598149472,0.11428571428571428,0.425,0.18412124712663797,0.31413900504686376,0.5614458679864367,0.28072293399321835,2.102424165348803,0.7375,0.8304955225035798,0.9214985804948618,2.3037621490879814,0.2708033964940271,0.051557991976514145
basis_selection,quantum,64,64,24,80,742,686,1428,4070,2157,1913,0.47002457002457004,80,74.4,18,11.5,0.7803234501347709,0.005809229137571663,0.0010272153473780809,0.0036638565063110903,0.014925373134328358,0.9845496586030291,0.07008086253369272,0.46153846153846156,0.17292781190145962,0.36001945945945957,0.25421206545931113,0.12710603272965557,1.7185172234138313,0.8125,0.6962122601251458,0.7715731455343953,2.8758870171349784,0.2026656965562,0.035869579653363404
basis_selection,quantum,65,64,24,80,657,601,1258,4080,2288,1792,0.4392156862745098,80,73.24615384615385,16,10.7,0.6133942161339422,0.007535602714047341,0.0010431454389187864,0.004311625641088151,0.004975124378109453,0.9750098149512866,0.0989345509893455,0.3230769230769231,0.17760812583034385,0.2998045098039216,0.6336735765010556,0.3168367882505278,2.221181964565523,0.5625,0.9886994082884974,0.9595497745362814,2.109849390811758,0.3723325148435751,0.052197592272203
basis_selection,quantum,66,64,24,80,671,615,1286,4134,1976,2158,0.5220125786163522,80,74.29230769230769,19,10.7125,0.7183308494783904,0.02214427947986787,0.0012046215584602148,0.004268204672505549,0.004975124378109453,0.9835225821499288,0.07451564828614009,0.42,0.14928371767994408,0.339222641509434,0.4658958057177512,0.2329479028588756,1.9809320687442626,0.7625,0.79085809055281,0.8671909094014182,2.4732119537629433,0.30582676163372147,0.038500801289365526
basis_selection,quantum,67,64,24,80,746,690,1436,4154,2256,1898,0.45690900337024554,80,75.75384615384615,16,9.8,0.6474530831099196,0.005771631967924139,0.001052285562504905,0.004187113852968542,0.01990049751243781,0.9608998466615692,0.09517426273458444,0.5211267605633803,0.1863595456645836,0.3236824265767935,0.6181697726787125,0.30908488633935627,2.1895176487607007,0.6875,0.8960382325345575,0.9261650235965653,2.1408746322497243,0.2434279171471081,0.05056643259543676
basis_selection,quantum,68,64,24,80,686,630,1316,4028,2091,1937,0.48088381330685204,80,72.8923076923077,13,9.05,0.6311953352769679,0.00068578691118369,0.001152459823851557,0.0037343837389880903,0.5373134328358209,0.9655147508053314,0.10495626822157435,0.4861111111111111,0.17510214269552737,0.32120893743793444,0.6088770874841334,0.3044385437420667,2.202082445447871,0.725,0.8485481782946158,0.9280882628190289,2.1912644805343726,0.3904195612476294,0.04316507387710061
basis_selection,quantum,69,64,24,80,726,672,1398,4040,2246,1794,0.44405940594059407,78,73.6923076923077,17,11.551282051282051,0.6776859504132231,0.009350495769566532,0.0011249654282728223,0.0035653544399027546,0.009950248756218905,0.9789850097558888,0.07851239669421488,0.5263157894736842,0.17670910819949281,0.3308352475247525,0.5738496505150491,0.28692482525752455,2.1508153847654845,0.6794871794871795,0.9049382594235602,0.9056208355078426,2.4094226914343997,0.4479677092239638,0.04578631996863053
basis_selection,quantum,70,64,24,80,710,654,1364,4237,1966,2271,0.535992447486429,80,76.47692307692307,18,10.1625,0.723943661971831,0.016243299616572403,0.0009281297474231454,0.003456072205041601,0.004975124378109453,0.9792984408505216,0.06901408450704226,0.5510204081632653,0.15821962313190382,0.34970922822751954,0.43105731185321283,0.21552865592660642,1.9447887555375825,0.7375,0.8304955225035798,0.8380385618075327,2.53681679023006,0.3999062874506985,0.034656090860107194
basis_selection,quantum,71,64,24,80,730,674,1404,4013,2189,1824,0.45452280089708447,80,73.33846153846154,18,10.275,0.726027397260274,0.01144535209753492,0.0009220646734140851,0.002944457709187249,0.004975124378109453,0.991153422668689,0.07397260273972603,0.5555555555555556,0.17829295908941928,0.34295429852977827,0.3219557323710238,0.1609778661855119,1.808765959091314,0.875,0.5435644431995964,0.8486634365835936,2.7770452300659527,0.30029312327515106,0.04886355825004073
basis_selection,quantum,72,64,24,80,711,655,1366,4090,2222,1868,0.45672371638141807,80,74.23076923076923,16,11.1375,0.6962025316455697,0.00975402291261315,0.001140469963044565,0.004009068713370109,0.009950248756218905,0.9782099609909856,0.09142053445850915,0.49230769230769234,0.18134446299951937,0.3399241075794622,0.5405398369907842,0.2702699184953921,2.0654556013249197,0.75,0.8112781244591328,0.8769202216148344,2.3650587356694563,0.1781228720899166,0.043818724182662694
basis_selection,quantum,73,64,24,80,702,646,1348,4173,2515,1658,0.3973160795590702,80,75.36923076923077,17,10.3875,0.5811965811965812,0.007992805331623592,0.0010613013654145731,0.0033867381768295205,0.01990049751243781,0.9662505429807012,0.09401709401709402,0.3484848484848485,0.18035668577953418,0.29605588305775227,0.7080924871144282,0.3540462435572141,2.3329508711538005,0.65,0.934068055375491,0.9543827149643774,2.1463747406076004,0.27029710023028464,0.04889241250495509
basis_selection,quantum,74,64,24,80,650,594,1244,4167,2193,1974,0.47372210223182143,80,74.47692307692307,18,11.5875,0.6230769230769231,0.008058996960650978,0.001234282152373694,0.004566185514241632,0.009950248756218905,0.9734039890011035,0.07846153846153846,0.5098039215686274,0.16657113994946693,0.31424036477081835,0.6652790816792531,0.33263954083962655,2.283541264262389,0.65,0.934068055375491,0.939564838677913,2.064117436199828,0.4036528755071223,0.046197312134395714
basis_selection,quantum,75,64,24,80,728,672,1400,4101,2327,1774,0.4325774201414289,80,74.66153846153846,15,9.6125,0.5892857142857143,3.810650985579928e-05,0.0008814360116025197,0.003783547580695469,0.9054726368159204,0.9687374799647418,0.06456043956043957,0.46808510638297873,0.18650417705213876,0.3107931723969764,0.6958817624024869,0.34794088120124345,2.320532323072452,0.675,0.9097361225311661,0.9601016007950584,2.111636247571103,0.2913148678934646,0.05191833537962831
basis_selection,quantum,76,64,24,80,689,633,1322,4111,2399,1712,0.4164436876672343,80,74.21538461538462,18,12.35,0.6298984034833092,0.04500017321389023,0.0008578124602204454,0.0025450840950599772,0.004975124378109453,0.9867388733918637,0.06966618287373004,0.4375,0.1859068107159375,0.28692473850644606,0.6351504235463937,0.31757521177319686,2.231543127699993,0.7,0.8812908992306927,0.96131902708266,2.2814887575826353,0.3221039405982102,0.053803060900440854
basis_selection,quantum,77,64,24,80,689,633,1322,4250,2003,2247,0.5287058823529411,80,76.35384615384615,20,8.9875,0.6516690856313497,3.9560800788643845e-06,0.0011572000845183645,0.003781086710100091,1.0,0.9765704867210143,0.07402031930333818,0.47058823529411764,0.15759530018182788,0.3364137411764706,0.5680873664587137,0.28404368322935686,2.100151270820585,0.6625,0.9224062617590723,0.8933712479681153,2.34724721056918,0.2166147225910837,0.04457295501730102
basis_selection,quantum,78,64,24,80,666,610,1276,4132,1972,2160,0.5227492739593417,80,74.18461538461538,16,9.375,0.6771771771771772,0.002618876939487466,0.0010178843532693766,0.0036719083749361704,0.10945273631840796,0.9879783839407491,0.07807807807807808,0.5192307692307693,0.17448146089039046,0.33404298160697005,0.5582603247062321,0.27913016235311605,2.1490929496040065,0.75,0.8112781244591328,0.9010570226458852,2.37774288775819,0.45522977258905906,0.04125136235121909
basis_selection,quantum,79,64,24,80,714,658,1372,3968,2267,1701,0.42867943548387094,80,72.4,19,11.75,0.6708683473389355,0.015740675982288725,0.0010268877790076182,0.0037482022814136445,0.004975124378109453,0.9922694307156072,0.06862745098039216,0.4489795918367347,0.17219021598979642,0.3253913306451613,0.4554783989205277,0.22773919946026386,2.0167477987273474,0.7875,0.7462343013654811,0.916349430396823,2.503890769859389,0.5815532906768422,0.04920780050890999
basis_selection,quantum,80,64,24,80,691,635,1326,4138,2001,2137,0.5164330594490092,80,74.66153846153846,18,9.925,0.7409551374819102,0.0015013829498022888,0.0010113446704420655,0.0037837101431896503,0.23880597014925373,0.9743700827016506,0.06367583212735166,0.5681818181818182,0.16837713753870046,0.35825654905751575,0.4213260132552943,0.21066300662764714,1.9040125866774733,0.8,0.7219280948873623,0.803158181945949,2.6057351448223436,0.2340992043426016,0.03862333122545268
basis_selection,quantum,81,64,24,80,705,649,1354,4255,2156,2099,0.49330199764982374,80,76.67692307692307,17,9.9375,0.6680851063829787,0.00275648323814897,0.0009793902964879305,0.003768198922421988,0.0945273631840796,0.9731160553555338,0.08368794326241134,0.4067796610169492,0.16514504393063822,0.3374273090481787,0.5413532130498577,0.27067660652492886,2.073736094968963,0.7125,0.8654698974285928,0.881830699186556,2.398808733499483,0.2405086994120894,0.046811589600124805
basis_selection,quantum,82,64,24,80,697,641,1338,4268,2222,2046,0.4793814432989691,80,76.75384615384615,17,9.7375,0.6341463414634146,0.011052835759338863,0.0010936594656810125,0.003957909701686954,0.004975124378109453,0.9854344684352264,0.06743185078909612,0.6170212765957447,0.16409459017176298,0.31674245548266167,0.5980867338893356,0.2990433669446678,2.1885543733972574,0.7375,0.8304955225035798,0.9319590875068763,2.420165603454959,0.47699680397981203,0.045636420290402456
basis_selection,quantum,83,64,24,80,737,681,1418,4225,2006,2219,0.5252071005917159,80,76.70769230769231,15,10.8375,0.7639077340569878,0.000414972644296819,0.0009505810663491923,0.003940463705929473,0.5422885572139303,0.977247276779178,0.08548168249660787,0.3968253968253968,0.14750866320612838,0.3696139171597634,0.3333121572128276,0.1666560786064138,1.8169401393298936,0.8,0.7219280948873623,0.7347978629679138,2.8121757002912364,0.2572843318454712,0.03132517768985681
basis_selection,quantum,84,64,24,80,726,670,1396,4215,2151,2064,0.4896797153024911,80,76.38461538461539,16,10.3125,0.6983471074380165,0.007432122351031779,0.001172668944890524,0.00483957722101043,0.01990049751243781,0.9696220634509987,0.07162534435261708,0.4423076923076923,0.15983553704191047,0.3379643179122183,0.5483052620391896,0.2741526310195948,2.0767964756264234,0.8125,0.6962122601251458,0.8852146116834294,2.258116848550285,0.24382368320570252,0.040390065981940414
basis_selection,quantum,85,64,24,80,681,625,1306,4113,2320,1793,0.43593484074884514,80,74.12307692307692,17,10.0,0.6461086637298091,0.017585556247333094,0.0010211119814415464,0.004113222180306818,0.004975124378109453,0.9743850754729838,0.08663729809104258,0.3728813559322034,0.16294084237056494,0.3111553610503282,0.6256967715557703,0.31284838577788515,2.220602304019357,0.7,0.8812908992306927,0.9317993427302292,2.2923392794052626,0.38138727776385883,0.0467231065222916
basis_selection,quantum,86,64,24,80,708,652,1360,4033,2415,1618,0.4011901810066948,80,73.3076923076923,17,10.4625,0.6694915254237288,0.010986370675382807,0.0011065967150499516,0.003971879895953424,0.009950248756218905,0.9931090924694341,0.07909604519774012,0.5357142857142857,0.1842351188635286,0.3128369947929581,0.4103917087528848,0.2051958543764424,1.9389699802381624,0.8125,0.6962122601251458,0.9170359708873108,2.8894131405816172,0.2675283045912666,0.0549114117973778
basis_selection,quantum,87,64,24,80,718,662,1380,4146,1983,2163,0.5217076700434153,80,75.2,13,8.55,0.6935933147632312,0.0023043721394340553,0.0009221590190724789,0.0033584872270859233,0.15920398009950248,0.9813064949915281,0.10167130919220056,0.4246575342465753,0.16151292088957203,0.3528310660877955,0.46833377446250984,0.23416688723125492,2.0106774233263067,0.7625,0.79085809055281,0.8260640157471453,2.611702061744858,0.3766865652981017,0.03694073690890316
basis_selection,quantum,88,64,24,80,702,646,1348,4068,2000,2068,0.5083579154375615,80,73.75384615384615,16,9.1875,0.6965811965811965,0.011172305092502333,0.000989569839724962,0.00338967628743897,0.004975124378109453,0.987875247415918,0.08262108262108261,0.3793103448275862,0.1659628105039035,0.339656243854474,0.47132492881607546,0.23566246440803773,2.0187489058214436,0.8125,0.6962122601251458,0.852156380657665,2.632799670198996,0.40422817783612575,0.04296647262032181
basis_selection,quantum,89,64,24,80,691,635,1326,4092,2215,1877,0.4586999022482893,80,73.95384615384616,16,9.575,0.6714905933429812,0.028336369539884512,0.001031169800253234,0.0033362100352342973,0.004975124378109453,0.9840353842955099,0.08683068017366136,0.55,0.1665246136119231,0.31369442815249265,0.5886679951324573,0.29433399756622863,2.151301372267304,0.7375,0.8304955225035798,0.9341833601021369,2.2456943327113814,0.3258567970333119,0.04723226733325117
basis_selection,quantum,90,64,24,80,775,719,1494,4121,2606,1515,0.3676292162096578,80,75.6923076923077,14,8.375,0.5883870967741935,0.0012953036605980826,0.001044256343336546,0.0039025635226846364,0.29850746268656714,0.9715414161230609,0.10193548387096774,0.4430379746835443,0.21254501573677947,0.31117097791798115,0.6548974882989722,0.3274487441494861,2.245815634410024,0.575,0.9837082626231857,0.9449436633154168,2.170353378046678,0.2649828308155525,0.060847426498622924
basis_selection,quantum,91,64,24,80,746,690,1436,4162,2070,2092,0.5026429601153292,80,75.87692307692308,17,11.9875,0.7158176943699732,0.004794504935294161,0.0010196177348575923,0.00373059839807532,0.024875621890547265,0.9753793704438539,0.09115281501340483,0.4264705882352941,0.1703185324852026,0.34840422873618454,0.4547562119139358,0.2273781059569679,1.9611961475479047,0.725,0.8485481782946158,0.8491764965204754,2.7218591088635913,0.42164732099431196,0.03750010679909601
basis_selection,quantum,92,64,24,80,703,647,1350,4184,2271,1913,0.45721797323135754,80,75.55384615384615,15,9.675,0.6216216216216216,0.00599813742598411,0.0008818871873446897,0.0029450076081835985,0.009950248756218905,0.9742634021499064,0.07539118065433854,0.5471698113207547,0.18439782355182818,0.31170745697896757,0.6837944612395132,0.3418972306197566,2.3059047453362242,0.6625,0.9224062617590723,0.9420794872537162,2.0574849511081217,0.3411733131999822,0.054264013139374616
basis_selection,quantum,93,64,24,80,724,668,1392,4146,2220,1926,0.4645441389290883,80,75.29230769230769,18,13.0125,0.675414364640884,0.003854330496200384,0.0009491098970371217,0.0038708580176616725,0.06467661691542288,0.9526834497546818,0.08287292817679558,0.45,0.17382582206933295,0.3276526772793054,0.5878098316212902,0.2939049158106451,2.1312502760696077,0.6875,0.8960382325345575,0.9167205201515539,2.231374743381653,0.16881030083293666,0.040972776345492755
basis_selection,quantum,94,64,24,80,676,620,1296,4085,2154,1931,0.4727050183598531,80,73.61538461538461,15,8.625,0.7411242603550295,0.03349448554722276,0.0012091048475064636,0.004467150535368673,0.004975124378109453,0.9899017755939284,0.06656804733727811,0.4666666666666667,0.13842157842157843,0.3415472215422277,0.40401348733797576,0.20200674366898788,1.8945641434516847,0.7875,0.7462343013654811,0.8227498620167605,2.5620030809908063,0.16954569195535144,0.03398294204099241
basis_selection,quantum,95,64,24,80,708,652,1360,4188,2192,1996,0.47659980897803245,80,75.6923076923077,19,10.5875,0.6807909604519774,0.014407908601643767,0.0010692903731087432,0.0038055976749064337,0.004975124378109453,0.9801789727075509,0.08757062146892655,0.41935483870967744,0.16170259656996314,0.32590983763132764,0.5233796972198982,0.2616898486099491,2.0726576057854853,0.775,0.7691928290130137,0.9074149576466483,2.528787661201698,0.3465105091668731,0.04290947255495987
basis_selection,quantum,96,64,24,80,714,658,1372,4109,2097,2012,0.48965685081528354,80,74.56923076923077,19,10.375,0.7745098039215687,0.023819141900645734,0.0010552620914375528,0.0036655920238917727,0.004975124378109453,0.9881915419969528,0.0784313725490196,0.4107142857142857,0.16144561858750023,0.3569301533219762,0.3382705337554048,0.1691352668777024,1.8437794097032234,0.825,0.6690158350565577,0.785856773996461,2.791458132497417,0.29985730039935243,0.0392979552509284
basis_selection,quantum,97,64,24,80,758,702,1460,4124,2286,1838,0.4456838021338506,80,75.47692307692307,18,12.2875,0.6490765171503958,0.0034224412628373457,0.0008402447891911591,0.002605580982269342,0.04477611940298507,0.966863028499017,0.079155672823219,0.55,0.1986496770743346,0.32493579049466537,0.593475044955914,0.296737522477957,2.1518454783135352,0.6875,0.8960382325345575,0.9239078264771372,2.2816121988609352,0.3128432003750839,0.05129762521861106
basis_selection,quantum,98,64,24,80,672,616,1288,4159,2005,2154,0.5179129598461168,80,74.6923076923077,14,9.6,0.7113095238095238,0.0037138306249957648,0.0009949173275095391,0.0037613691330849663,0.06965174129353234,0.9814547561729601,0.08333333333333333,0.5,0.17142511259867,0.34147949026208224,0.37461204204165177,0.18730602102082589,1.88967100417192,0.7375,0.8304955225035798,0.8690855362899125,2.7959297894228046,0.3309079300988507,0.04147264532500801
basis_selection,quantum,99,64,24,80,729,673,1402,4180,2049,2131,0.5098086124401914,80,75.8923076923077,18,9.9125,0.7421124828532236,0.024382201559275122,0.000940817416484172,0.0027094998440347785,0.004975124378109453,0.9866922519044894,0.0877914951989026,0.40625,0.1716017133037156,0.35436344497607664,0.41644945171658393,0.20822472585829196,1.9462768306988338,0.775,0.7691928290130137,0.812746503665115,2.477313700698486,0.4952517779315533,0.03867253496943752
basis_selection,quantum,100,64,24,80,715,659,1374,4185,2132,2053,0.49056152927120666,80,75.75384615384615,17,8.9,0.7174825174825175,0.01684174375022506,0.0008689349280527187,0.004440597306364482,0.004975124378109453,0.985139571081923,0.08811188811188811,0.5873015873015873,0.1617969653542515,0.33506265232974913,0.42367008933845746,0.21183504466922873,1.9516713432410835,0.775,0.7691928290130137,0.8479438118320644,2.7611301104031307,0.3498476041674278,0.042177430060422294
basis_selection,quantum,101,64,24,80,759,703,1462,4138,2433,1705,0.41203479942000965,80,75.70769230769231,17,11.2625,0.6600790513833992,0.02142426317918692,0.0009593747905094263,0.003597094130676229,0.004975124378109453,0.9881069121202345,0.07509881422924901,0.42105263157894735,0.19237175830529651,0.3097281778637023,0.5292692105387939,0.26463460526939697,2.058555631894184,0.7,0.8812908992306927,0.9341515297721008,2.5045920270512463,0.2681451911762996,0.05146561557629592
basis_selection,quantum,102,64,24,80,723,667,1390,4029,2073,1956,0.4854802680565897,80,73.47692307692307,19,12.325,0.7275242047026279,0.005486217960564716,0.0011006478201709038,0.004551182987411062,0.04477611940298507,0.986408475729431,0.0677731673582296,0.5102040816326531,0.15913284320575455,0.36056897493174495,0.38766910393170495,0.19383455196585248,1.896744570082329,0.8125,0.6962122601251458,0.7715387662879822,2.6910981490447776,0.3971970575374646,0.04003033110470312
basis_selection,quantum,103,64,24,80,663,607,1270,4035,2030,2005,0.4969021065675341,80,72.64615384615385,16,10.3,0.702865761689291,0.01140976192486463,0.0011097008228803343,0.003667701956349762,0.004975124378109453,0.9808934763236504,0.09653092006033183,0.578125,0.1538979684004979,0.3434368277571252,0.47352955590621754,0.23676477795310877,1.9960202361083819,0.75,0.8112781244591328,0.8577035075535986,2.4982242283188336,0.45075368481483497,0.04650737275604264
basis_selection,quantum,104,64,24,80,734,678,1412,4172,2143,2029,0.4863374880153404,80,75.84615384615384,16,9.0625,0.720708446866485,0.0067593852723192415,0.0010338147627877506,0.00408533715947486,0.009950248756218905,0.9624085061377909,0.08583106267029973,0.4444444444444444,0.17761519836941492,0.3472120805369128,0.49041910422141965,0.24520955211070983,2.0095427246588335,0.7375,0.8304955225035798,0.8557775109185687,2.403963903036821,0.37396984087500157,0.03924085511867917
basis_selection,quantum,105,64,24,80,721,665,1386,3985,2508,1477,0.37063989962358845,80,72.76923076923077,14,9.925,0.550624133148405,0.0006700225232880892,0.0008980644760051589,0.0032664133132645295,0.417910447761194,0.9753484325237101,0.08044382801664356,0.5344827586206896,0.2054109589041096,0.2930556587202008,0.7409155977986807,0.37045779889934033,2.3990959597538186,0.5375,0.9959386076315955,0.9761060104725031,1.8733930339215026,0.32884866068954977,0.05662432364780727
basis_selection,quantum,106,64,24,80,713,657,1370,4005,1938,2067,0.5161048689138577,80,72.95384615384616,16,12.125,0.7938288920056101,0.012132135289987307,0.0010211211876447186,0.0031995292243373746,0.004975124378109453,0.9775570574393214,0.0785413744740533,0.48214285714285715,0.16022572240884622,0.3658491885143571,0.32760892650892626,0.16380446325446313,1.7887260942798717,0.875,0.5435644431995964,0.7518706314619367,2.716486296120982,0.23445225973710399,0.026606878729927168
basis_selection,quantum,107,64,24,80,743,687,1430,4083,2135,1948,0.4771001714425667,80,74.61538461538461,18,10.95,0.7483176312247645,0.010956959773962258,0.0011768186670161837,0.004521535480279693,0.009950248756218905,0.9853443112056945,0.09286675639300135,0.5217391304347826,0.17660533965800027,0.354051530737203,0.3698871322370069,0.18494356611850346,1.8672890201294647,0.8,0.7219280948873623,0.8088060012385864,2.628345883064783,0.43830230318212915,0.03863123316339038
basis_selection,quantum,108,64,24,80,774,718,1492,4177,2199,1978,0.47354560689490066,80,76.53846153846153,17,11.75,0.7467700258397932,0.007864375406583399,0.0010141918196070422,0.003938073958966101,0.004975124378109453,0.9881565489648435,0.08397932816537468,0.38461538461538464,0.1614872422828976,0.3589315776873355,0.3007473685574037,0.15037368427870185,1.8003336537128907,0.8625,0.577653903353563,0.7766938684131452,2.7688249585894225,0.40914983660866405,0.03523782924022353
basis_selection,quantum,109,64,24,80,693,637,1330,4082,2148,1934,0.4737873591376776,80,73.83076923076923,15,10.375,0.7243867243867244,0.02085984425722128,0.0010377504677630258,0.0037098822588824726,0.004975124378109453,0.9889029589184501,0.0735930735930736,0.45098039215686275,0.1694324362013666,0.33512748652621266,0.3884914768834254,0.1942457384417127,1.9203481151795403,0.7625,0.79085809055281,0.8671650849056945,2.7107666203861887,0.28054277609834727,0.04432276499328681
basis_selection,quantum,110,64,24,80,668,612,1280,4181,2246,1935,0.4628079406840469,80,74.96923076923076,20,10.9,0.5898203592814372,0.01645765309044704,0.0011179753679029928,0.004325016585476599,0.004975124378109453,0.9841906152734882,0.07335329341317365,0.4489795918367347,0.1904577517053558,0.2932124372159771,0.681156677158548,0.340578338579274,2.317373632535833,0.6875,0.8960382325345575,0.9730243734187474,2.0399075398685396,0.36127872823386253,0.05555702065831114
basis_selection,dephased,11,64,24,80,720,664,1384,4038,2103,1935,0.47919762258543835,80,73.56923076923077,19,11.8875,0.7138888888888889,0.006681732393356447,0.0009771734304654407,0.004273648436632084,0.014925373134328358,0.9857301731828786,0.0875,0.47619047619047616,0.1841768925976298,0.3370401188707281,0.0,0.0,1.5293316980115457,0.7,0.8812908992306927,0.88861799578539,2.563057597469456,0.47580916710542237,0.04768848980745323
basis_selection,dephased,12,64,24,80,706,650,1356,4113,2047,2066,0.5023097495745198,80,74.50769230769231,16,10.3375,0.6883852691218131,0.011644648326714847,0.0010991858479544566,0.004400861302210545,0.004975124378109453,0.9845472750873228,0.0764872521246459,0.48148148148148145,0.16086632397574596,0.33842830051057626,0.0,0.0,1.5567595157432608,0.7875,0.7462343013654811,0.8838497175993499,2.3165265454714,0.3667426085320727,0.040528661235487685
basis_selection,dephased,13,64,24,80,714,658,1372,4089,2058,2031,0.4966984592809978,80,74.26153846153846,14,9.4,0.6582633053221288,2.8276463794582422e-05,0.0008636953556826353,0.0028374069359327816,0.8855721393034826,0.9586790371554046,0.09243697478991597,0.5303030303030303,0.15333637412465456,0.34213480068476404,0.0,0.0,1.5466265579598455,0.7875,0.7462343013654811,0.8746629285875009,2.3220008073912357,0.2721371970718045,0.038189893361338254
basis_selection,dephased,14,64,24,80,746,690,1436,4110,2452,1658,0.40340632603406323,80,75.07692307692308,17,10.675,0.6233243967828418,0.00692875829897421,0.0009294480366032287,0.004043621414926967,0.009950248756218905,0.9703476121154184,0.08981233243967829,0.4626865671641791,0.2004653804576852,0.30671649635036496,0.0,0.0,1.5870302422287978,0.7125,0.8654698974285928,0.9696491946771204,2.273361218884099,0.3810587038031632,0.0561577305367598
basis_selection,dephased,15,64,24,80,721,665,1386,4108,2077,2031,0.4944011684518014,80,74.66153846153846,15,10.075,0.7212205270457698,0.004091704521253002,0.0011046363773919094,0.003355066918660857,0.05472636815920398,0.9745518688140271,0.07905686546463246,0.543859649122807,0.17338560463113928,0.341053359298929,0.0,0.0,1.5227299623071642,0.825,0.6690158350565577,0.8625546745674545,2.6429691500013894,0.18059351741424837,0.044923802701926314
basis_selection,dephased,16,64,24,80,693,637,1330,4143,2290,1853,0.4472604392951967,80,74.76923076923077,17,10.5875,0.6565656565656566,0.005455497332955212,0.001088676901680956,0.004209315033449708,0.03482587064676617,0.9790520448720512,0.07503607503607504,0.5192307692307693,0.16323447395867896,0.32350306541153756,0.0,0.0,1.54497342788615,0.7375,0.8304955225035798,0.9048631691877401,2.4256020819171615,0.23596866982832237,0.04211967421733141
basis_selection,dephased,17,64,24,80,739,683,1422,4088,2132,1956,0.47847358121330724,80,74.63076923076923,15,8.2875,0.7266576454668471,0.018726055834252617,0.0009805931545901277,0.0034792736582688524,0.004975124378109453,0.9852273052847945,0.07036535859269283,0.5384615384615384,0.1834472049689441,0.33671232876712337,0.0,0.0,1.539523707209421,0.85,0.6098403047164005,0.8785994133743797,2.492587422972359,0.3896134419196229,0.047070251913863694
basis_selection,dephased,18,64,24,80,716,660,1376,4032,2187,1845,0.4575892857142857,80,73.41538461538461,18,13.6,0.7304469273743017,0.007479490132845077,0.0010301627478261654,0.0046714166571164735,0.01990049751243781,0.968937820300911,0.0782122905027933,0.375,0.16567242281527997,0.3509583333333334,0.0,0.0,1.5127549906679263,0.8375,0.6402569436810504,0.8122734786307164,2.678496575534493,0.24298770219686638,0.04414903982426306
basis_selection,dephased,19,64,24,80,679,623,1302,4062,2045,2017,0.4965534219596258,80,73.3076923076923,18,9.625,0.7422680412371134,0.015485641450814488,0.0010088701119290665,0.003932167823323401,0.004975124378109453,0.9831897907619858,0.0662739322533137,0.4666666666666667,0.14488030136067387,0.3489481043820778,0.0,0.0,1.522718271219099,0.75,0.8112781244591328,0.8035611288516247,2.548766608026284,0.3977517416624472,0.03741853559342742
basis_selection,dephased,20,64,24,80,731,675,1406,4124,2136,1988,0.48205625606207564,80,75.06153846153846,17,8.4625,0.7209302325581395,0.009203776141827987,0.0007962868679323467,0.0029356017547003312,0.004975124378109453,0.9874892386689117,0.08071135430916553,0.3898305084745763,0.17309574875185774,0.3406576139670224,0.0,0.0,1.5348994462281584,0.7875,0.7462343013654811,0.870610651003047,2.537449827153133,0.4991562869609232,0.04472718190037076
basis_selection,dephased,21,64,24,80,696,640,1336,4272,2046,2226,0.5210674157303371,80,76.8,17,9.5875,0.7557471264367817,0.025571663827903,0.0011867850865258018,0.004170553340879473,0.004975124378109453,0.9883927185555181,0.09051724137931035,0.4126984126984127,0.14740117125360358,0.3467110486891386,0.0,0.0,1.5268338645049833,0.8,0.7219280948873623,0.8192305088371451,2.6652137650446646,0.24375942124761524,0.03383411185456383
basis_selection,dephased,22,64,24,80,725,669,1394,4051,2298,1753,0.4327326586028141,80,73.84615384615384,16,9.7125,0.6648275862068965,0.013208801946143996,0.0011360344273547709,0.004274686985752309,0.004975124378109453,0.969145985969702,0.10206896551724139,0.5540540540540541,0.17531464104855526,0.32485598617625283,0.0,0.0,1.5645900438922888,0.75,0.8112781244591328,0.9212560602311013,2.141873882200489,0.46582263575631705,0.049287165046545206
basis_selection,dephased,23,64,24,80,684,628,1312,4257,1923,2334,0.5482734319943622,80,76.38461538461539,15,8.6875,0.7412280701754386,0.01163609095632408,0.001049701572981101,0.0035976444210066693,0.004975124378109453,0.9807853931217377,0.07456140350877193,0.43137254901960786,0.15297405954409762,0.35358468404980037,0.0,0.0,1.523810480427193,0.75,0.8112781244591328,0.8253811971602834,2.6301370049027963,0.22082774833477783,0.035752083001210314
basis_selection,dephased,24,64,24,80,710,654,1364,4124,2023,2101,0.5094568380213385,80,74.73846153846154,15,9.9125,0.7563380281690141,0.014804298459346773,0.0010310693997112326,0.0037355556747696358,0.004975124378109453,0.9943290427873724,0.07323943661971831,0.5384615384615384,0.14588709677419354,0.3577590688651795,0.0,0.0,1.5205522752199343,0.8375,0.6402569436810504,0.7950548984869905,2.7929582488247604,0.42313319428030527,0.031524557345001376
basis_selection,dephased,25,64,24,80,728,672,1400,4220,1988,2232,0.5289099526066351,80,76.49230769230769,14,8.9875,0.6510989010989011,0.0023818752812580987,0.001068724492282133,0.003466752079220752,0.16417910447761194,0.9537994464669753,0.09203296703296704,0.43283582089552236,0.1756597271013432,0.3438492890995261,0.0,0.0,1.5528518994644471,0.725,0.8485481782946158,0.8745760651934891,2.3844272500626635,0.25881436452716305,0.037431773769681716
basis_selection,dephased,26,64,24,80,708,652,1360,4054,2099,1955,0.48223976319684264,80,73.63076923076923,17,9.55,0.7782485875706214,0.01845271444418171,0.0009350318675215533,0.004367200392235966,0.004975124378109453,0.9875549067360477,0.07062146892655367,0.44,0.14743659830928824,0.3601584607794771,0.0,0.0,1.509136811913766,0.825,0.6690158350565577,0.7831676058156442,2.756026109271405,0.4191674522128614,0.027055203689510792
basis_selection,dephased,27,64,24,80,680,624,1304,4087,2113,1974,0.4829948617567898,80,73.70769230769231,17,7.6875,0.7323529411764705,0.009515938997403214,0.0009754976952485778,0.0031407669987928944,0.004975124378109453,0.9722307319792464,0.08235294117647059,0.5535714285714286,0.15045273516332397,0.3479981404453145,0.0,0.0,1.5358416550076708,0.7875,0.7462343013654811,0.8341582253699149,2.497759908415055,0.20322786532607637,0.03299001548710938
basis_selection,dephased,28,64,24,80,707,651,1358,4044,2070,1974,0.48813056379821956,80,73.46153846153847,16,10.625,0.7043847241867044,0.0068697313400416585,0.0010257923844770973,0.004264634658594563,0.03482587064676617,0.9763708956421087,0.08486562942008487,0.4166666666666667,0.17344801022133705,0.3428518298714145,0.0,0.0,1.5459879800077332,0.8125,0.6962122601251458,0.8645614413591225,2.318968654448508,0.3579608929980417,0.04308204459158945
basis_selection,dephased,29,64,24,80,723,667,1390,4126,2066,2060,0.4992729035385361,80,74.96923076923076,17,10.1125,0.7717842323651453,0.0027545891075884225,0.0010931423169757563,0.004136084075335545,0.1691542288557214,0.9836217779516087,0.0677731673582296,0.5510204081632653,0.17900295196771676,0.3616913233155599,0.0,0.0,1.504524761710945,0.8625,0.577653903353563,0.7694504133236664,2.764292235909122,0.3048502783807494,0.034670717761337094
basis_selection,dephased,30,64,24,80,679,623,1302,4141,2106,2035,0.49142719149963776,80,74.52307692307693,16,10.6875,0.711340206185567,0.022011219288606845,0.0010530802911222223,0.0046048258878275475,0.004975124378109453,0.9770556989940888,0.08541973490427099,0.5,0.14903518808392355,0.33667413668196094,0.0,0.0,1.540178415702804,0.825,0.6690158350565577,0.8809858830263078,2.53907703140372,0.4627035428395844,0.03919236435102386
basis_selection,dephased,31,64,24,80,684,628,1312,4000,2277,1723,0.43075,80,72.43076923076923,19,10.475,0.6213450292397661,0.0030865280145283194,0.0010887745325697936,0.003943322468074447,0.09950248756218906,0.988326755583031,0.06725146198830409,0.4782608695652174,0.17250538168570956,0.3163482,0.0,0.0,1.5688118886250604,0.725,0.8485481782946158,0.917665195337058,2.5192566494898196,0.4267278700845037,0.04640424999999998
basis_selection,dephased,32,64,24,80,731,675,1406,4030,2321,1709,0.4240694789081886,80,73.61538461538461,17,11.275,0.6101231190150479,0.006040430145254905,0.001007046333136574,0.003522218128864305,0.01990049751243781,0.9825795990150111,0.07660738714090287,0.39285714285714285,0.1842915652423667,0.30161349875930527,0.0,0.0,1.5826328222341826,0.7125,0.8654698974285928,0.9502847952712791,2.1846934752071707,0.42192219728321867,0.05210801125553384
basis_selection,dephased,33,64,24,80,746,690,1436,4088,2159,1929,0.47186888454011744,80,74.73846153846154,15,9.775,0.6970509383378016,0.007464637825946998,0.00098885500018253,0.004967578271209531,0.014925373134328358,0.9779294005800708,0.07372654155495978,0.43636363636363634,0.18309439419753154,0.33431232876712336,0.0,0.0,1.5375088698017914,0.6875,0.8960382325345575,0.8915130904658463,2.5163588202998906,0.3370402784321124,0.045884738301400475
basis_selection,dephased,34,64,24,80,728,672,1400,4128,2487,1641,0.39752906976744184,80,75.07692307692308,16,10.675,0.5659340659340659,0.0001317486103606792,0.0009288542453083295,0.0036778965666104148,0.8059701492537313,0.9460330819643991,0.08653846153846154,0.5238095238095238,0.20754099387191072,0.29586395348837213,0.0,0.0,1.5942025151540766,0.6875,0.8960382325345575,0.979972258239001,1.9643536424480579,0.2249021572147701,0.05396498107084909
basis_selection,dephased,35,64,24,80,710,654,1364,4183,1916,2267,0.5419555343055223,80,75.64615384615385,14,8.975,0.7408450704225352,0.0011027639191989206,0.0012240486675345397,0.00446536223277337,0.35323383084577115,0.9545003062595961,0.0676056338028169,0.4791666666666667,0.17556282290799677,0.35398278747310546,0.0,0.0,1.510487163865913,0.7375,0.8304955225035798,0.8179353641276225,2.6443495278523974,0.2918868138750914,0.03974261678347102
basis_selection,dephased,36,64,24,80,703,647,1350,4147,2053,2094,0.5049433325295394,80,74.98461538461538,18,10.4125,0.6586059743954481,0.0019597443063846635,0.0009222070518025815,0.002782376912288557,0.14925373134328357,0.9800781235780543,0.07254623044096728,0.3333333333333333,0.17346001982788706,0.336064142753798,0.0,0.0,1.553835981312298,0.6,0.9709505944546686,0.8936898107575524,2.2226142173545367,0.37991040052162167,0.04297545083156619
basis_selection,dephased,37,64,24,80,689,633,1322,4269,1912,2357,0.552119934410869,80,76.64615384615385,14,9.7,0.7561683599419449,0.008614160794372109,0.0009726348876602523,0.0040250647714041975,0.004975124378109453,0.9751851961859105,0.08563134978229318,0.4576271186440678,0.14640054056863663,0.3551395643007731,0.0,0.0,1.4976555513060152,0.8,0.7219280948873623,0.8012358688530657,2.9017922214566862,0.24062239464402915,0.03583313565836411
basis_selection,dephased,38,64,24,80,706,650,1356,3993,2174,1819,0.4555472076133233,80,72.66153846153846,17,11.975,0.7082152974504249,0.005812592917511759,0.0008307270354703431,0.0034243451382895054,0.01990049751243781,0.9895133190709886,0.07223796033994334,0.43137254901960786,0.18967071025559712,0.3333823190583522,0.0,0.0,1.528679102544439,0.8,0.7219280948873623,0.8876016690900568,2.640824340329698,0.5395110004113134,0.04550644569644761
basis_selection,dephased,39,64,24,80,692,636,1328,4009,2125,1884,0.46994262908455975,80,72.6923076923077,16,10.3,0.6661849710982659,0.01365680614149457,0.0010156361322783795,0.003695155915210052,0.004975124378109453,0.9823457677928124,0.08670520231213873,0.4166666666666667,0.16651142306633637,0.3277969568470941,0.0,0.0,1.5552194550021399,0.675,0.9097361225311661,0.9075828302436668,2.323141621269259,0.44588765276654524,0.05048910592225114
basis_selection,dephased,40,64,24,80,749,693,1442,4026,2128,1898,0.4714356681569796,80,73.83076923076923,19,12.3,0.7690253671562083,0.013666843257486044,0.0010690804184179598,0.003659536783443625,0.004975124378109453,0.9868525065570684,0.07476635514018691,0.39285714285714285,0.16411163445945684,0.36396105315449584,0.0,0.0,1.4964998118797697,0.8,0.7219280948873623,0.7565387920876766,2.9066797233231765,0.2755634997262955,0.035091638576772076
basis_selection,dephased,41,64,24,80,747,691,1438,4179,2057,2122,0.5077769801387891,80,76.15384615384616,13,9.5375,0.7737617135207496,0.0037807226926425026,0.001204675534932797,0.005133755956389608,0.11442786069651742,0.9707883727919735,0.07898259705488621,0.4576271186440678,0.16012891672003604,0.3649989949748744,0.0,0.0,1.508448536441503,0.8125,0.6962122601251458,0.7419683931857912,2.628178598668692,0.26281752640253137,0.03215063455244981
basis_selection,dephased,42,64,24,80,746,690,1436,4165,2191,1974,0.47394957983193275,80,75.92307692307692,17,11.7875,0.7050938337801609,0.01849546300511546,0.0010338138781041625,0.004020495265638581,0.004975124378109453,0.9829762843197889,0.07908847184986595,0.5932203389830508,0.16199994881113872,0.3366164705882354,0.0,0.0,1.5368415280036543,0.8125,0.6962122601251458,0.8648032465459725,2.711620261809043,0.19356993702859987,0.04509505122577242
basis_selection,dephased,43,64,24,80,708,652,1360,4178,2045,2133,0.5105313547151747,80,75.53846153846153,17,9.9375,0.7090395480225988,0.0034727860618985387,0.0009986486767719863,0.003500121165264042,0.07960199004975124,0.9686162892361132,0.062146892655367235,0.4318181818181818,0.17177152719198735,0.35225313547151754,0.0,0.0,1.5340470673099542,0.7875,0.7462343013654811,0.8294806654707244,2.3905187566000934,0.16565628871308272,0.04423899974357922
basis_selection,dephased,44,64,24,80,754,698,1452,4253,2293,1960,0.46085116388431696,80,77.4,19,10.45,0.6193633952254642,0.00022329452823836166,0.0009158510202240381,0.003701224099784555,0.6019900497512438,0.9906814346976867,0.07957559681697612,0.5333333333333333,0.193807491810609,0.32111384904773105,0.0,0.0,1.5743532311053814,0.6375,0.9447388286467892,0.9391799021909771,2.314127254607033,0.7654449943762044,0.043885592936182216
basis_selection,dephased,45,64,24,80,706,650,1356,4101,2256,1845,0.4498902706656913,80,74.32307692307693,17,10.8,0.6529745042492918,0.00823236630058399,0.001033964113823862,0.003925797148548512,0.009950248756218905,0.9761999992285523,0.08640226628895184,0.5245901639344263,0.16737178008458284,0.3212626188734456,0.0,0.0,1.5662936458955588,0.6625,0.9224062617590723,0.9215914654669292,2.2274577094571564,0.21906364665893654,0.045043045923877346
basis_selection,dephased,46,64,24,80,683,627,1310,4191,1891,2300,0.5487950369840133,80,75.35384615384615,19,12.2375,0.6925329428989752,0.004600744854212397,0.0011855554278763422,0.005835537629556225,0.06965174129353234,0.9769502689103654,0.08345534407027819,0.49122807017543857,0.14896335285541307,0.3436143163922692,0.0,0.0,1.5220093447882972,0.7625,0.79085809055281,0.8524599780291912,2.5544583570645956,0.41637899565217573,0.03646791499276296
basis_selection,dephased,47,64,24,80,700,644,1344,4245,2014,2231,0.5255594817432273,80,76.44615384615385,14,7.8125,0.7542857142857143,0.003191170204298207,0.001074285512818866,0.0034944816918269835,0.10945273631840796,0.9788571593175754,0.08428571428571428,0.4915254237288136,0.14871369768678394,0.36347297997644296,0.0,0.0,1.5123061032567153,0.8,0.7219280948873623,0.7567008380761612,2.7458853499715468,0.3269141517389316,0.03133846928625236
basis_selection,dephased,48,64,24,80,722,666,1388,4204,2325,1879,0.44695528068506185,80,76.15384615384616,15,8.3375,0.6329639889196675,0.006643052400294971,0.0009292267617589654,0.0036673986845187426,0.014925373134328358,0.9837584632520735,0.07756232686980609,0.4642857142857143,0.17344463172954178,0.31985004757373936,0.0,0.0,1.5648431188179832,0.65,0.934068055375491,0.9256914172734906,2.2832841387467036,0.35703522325706094,0.046816678601594636
basis_selection,dephased,49,64,24,80,749,693,1442,4120,2241,1879,0.45606796116504855,80,75.27692307692308,17,12.3625,0.7129506008010681,0.0028421852693537586,0.0008413601536897632,0.002981926535763877,0.08955223880597014,0.9880839156490406,0.05473965287049399,0.43902439024390244,0.17076224488372416,0.3471456310679612,0.0,0.0,1.5200775673529963,0.825,0.6690158350565577,0.8247582640101522,2.8654470550709528,0.27379987304012815,0.042806814968423035
basis_selection,dephased,50,64,24,80,748,692,1440,4045,2694,1351,0.33399258343634114,80,74.1076923076923,16,10.9625,0.5227272727272727,0.0008685434605666103,0.0009031840659237486,0.00341762624167425,0.3582089552238806,0.964337170219608,0.07754010695187166,0.5172413793103449,0.2320824703151068,0.2788543881334981,0.0,0.0,1.6306491683329187,0.6125,0.9631672450918831,0.9914641065786765,1.906903993178807,0.37510962404573,0.06376380674152497
basis_selection,dephased,51,64,24,80,747,691,1438,4197,2183,2014,0.4798665713604956,80,76.43076923076923,18,9.15,0.7041499330655957,0.002312578527981963,0.0010036501933903207,0.0037649851379716118,0.1791044776119403,0.9797733217523,0.07095046854082998,0.49056603773584906,0.17291679006788052,0.35400019061234217,0.0,0.0,1.5329902502288204,0.7875,0.7462343013654811,0.8279965936897653,2.5401465032463912,0.23803193894191316,0.036779904908421104
basis_selection,dephased,52,64,24,80,722,666,1388,4063,2379,1684,0.41447206497661826,80,73.98461538461538,15,9.5375,0.6481994459833795,0.022011616601049784,0.000955408478785801,0.0036097894865735093,0.004975124378109453,0.9862478997280939,0.07340720221606649,0.5283018867924528,0.19501922207146088,0.3141464927393552,0.0,0.0,1.5763384419209365,0.7375,0.8304955225035798,0.955134188840319,2.554196055105115,0.508955671767253,0.05345854477919121
basis_selection,dephased,53,64,24,80,721,665,1386,4257,2068,2189,0.5142118863049095,80,76.95384615384616,15,9.825,0.7475728155339806,0.013115556519831508,0.001066896702133287,0.003745179117313622,0.004975124378109453,0.9866864208682118,0.07766990291262135,0.5,0.15393724999872935,0.352000845665962,0.0,0.0,1.513090435748114,0.825,0.6690158350565577,0.821676795782526,2.847184307786244,0.3267256164540148,0.03335301653803056
basis_selection,dephased,54,64,24,80,704,648,1352,4135,2069,2066,0.4996372430471584,80,74.81538461538462,18,10.375,0.7088068181818182,0.004772878363960493,0.0010643130870696782,0.003645036169553516,0.04975124378109453,0.9845095720703169,0.09375,0.36363636363636365,0.15196463024964635,0.3492158645707377,0.0,0.0,1.5324078586626841,0.7875,0.7462343013654811,0.8368164998902173,2.612739970702337,0.35955032860110414,0.0335283925670647
basis_selection,dephased,55,64,24,80,656,600,1256,4204,2083,2121,0.5045195052331113,80,75.13846153846154,15,10.125,0.6387195121951219,0.0009827760263255488,0.0010691506360350394,0.003948543535402953,0.39800995024875624,0.9654368739521563,0.08841463414634146,0.4827586206896552,0.1578734372185751,0.3260801141769744,0.0,0.0,1.5487744812410358,0.7375,0.8304955225035798,0.9250870727136951,2.3966677076141596,0.24666907498199095,0.04904644301426489
basis_selection,dephased,56,64,24,80,680,624,1304,4170,1873,2297,0.5508393285371702,80,74.98461538461538,15,10.625,0.7485294117647059,0.000512784697024214,0.0009954127248148511,0.003257075879382397,0.5621890547263682,0.9781908590588507,0.07058823529411765,0.375,0.1518073059944981,0.36176134292565953,0.0,0.0,1.5065004811714124,0.7625,0.79085809055281,0.7816942258799275,2.646162062385212,0.31618829120291014,0.0355071338612563
basis_selection,dephased,57,64,24,80,705,649,1354,4111,1981,2130,0.5181221114084165,80,74.46153846153847,17,9.9625,0.7531914893617021,0.004136598113126137,0.0009095032999572635,0.0037224995373799346,0.04477611940298507,0.9760115988838913,0.08085106382978724,0.45614035087719296,0.1704923859423354,0.35324748236438824,0.0,0.0,1.5035071978257313,0.85,0.6098403047164005,0.8080509179707001,2.812812287695202,0.2836153866889708,0.04122081468156729
basis_selection,dephased,58,64,24,80,712,656,1368,4210,1930,2280,0.5415676959619953,80,76.0923076923077,16,10.4,0.7289325842696629,0.0021188242795386163,0.0010145732799436587,0.0035459424995803613,0.21393034825870647,0.9632421925449463,0.10393258426966293,0.47297297297297297,0.17759006643146402,0.3524195724465558,0.0,0.0,1.5302512230431478,0.8,0.7219280948873623,0.8208688746276092,2.5622623932017965,0.3595486675766743,0.04089527818055642
basis_selection,dephased,59,64,24,80,715,659,1374,4086,2098,1988,0.4865394028389623,80,74.23076923076923,13,9.625,0.6937062937062937,0.0026313047492378255,0.0009215824238546961,0.0030198933550130494,0.1044776119402985,0.9745160338905998,0.08531468531468532,0.4262295081967213,0.1691277856135402,0.33994028389623104,0.0,0.0,1.5312991963701204,0.85,0.6098403047164005,0.8618183640131212,2.596413294628023,0.22970752895536667,0.04148317296576851
basis_selection,dephased,60,64,24,80,682,626,1308,4218,2357,1861,0.44120436225699383,80,75.75384615384615,18,10.775,0.5161290322580645,0.0036536323633010598,0.00116601371519581,0.0036536323633010598,0.06965174129353234,0.9688544761670252,0.07771260997067449,0.5471698113207547,0.2090971771576898,0.27281877667140825,0.0,0.0,1.6414213079027875,0.475,0.99819587904281,0.9841530298630121,1.7557206961453442,0.3475767467402009,0.054061136078056043
basis_selection,dephased,61,64,24,80,727,671,1398,4098,2329,1769,0.43167398731088336,80,74.6,18,11.5125,0.6368638239339752,0.0018172489757673563,0.0011142065677679858,0.00425805213355902,0.2537313432835821,0.9740181265924458,0.07840440165061899,0.5614035087719298,0.18819579980397325,0.32359472913616405,0.0,0.0,1.5633637619921947,0.7,0.8812908992306927,0.9189918229717742,2.1920046959602066,0.41874141109404595,0.053487863593782485
basis_selection,dephased,62,64,24,80,769,713,1482,4116,2339,1777,0.4317298347910593,80,75.52307692307693,16,10.2625,0.7555266579973993,0.01002267665735223,0.000966807670987431,0.003859781954039925,0.009950248756218905,0.9783970622698852,0.09362808842652796,0.5555555555555556,0.1668830389997937,0.3587551020408164,0.0,0.0,1.5204564498052402,0.8875,0.5074109636646971,0.7816225760518388,2.764322132798825,0.33543493791089807,0.03472647215209837
basis_selection,dephased,63,64,24,80,700,644,1344,4161,2247,1914,0.45998558038932946,80,75.15384615384616,18,12.2625,0.66,0.014001203569854438,0.0011743037789357059,0.004447199677027336,0.009950248756218905,0.9738863598149472,0.11428571428571428,0.425,0.18412124712663797,0.31413900504686376,0.0,0.0,1.5617962936736736,0.7375,0.8304955225035798,0.9214985804948618,2.3037621490879814,0.2708033964940271,0.051557991976514145
basis_selection,dephased,64,64,24,80,742,686,1428,4070,2157,1913,0.47002457002457004,80,74.4,18,11.5,0.7803234501347709,0.005809229137571663,0.0010272153473780809,0.0036638565063110903,0.014925373134328358,0.9845496586030291,0.07008086253369272,0.46153846153846156,0.17292781190145962,0.36001945945945957,0.0,0.0,1.4985078778689407,0.8125,0.6962122601251458,0.7715731455343953,2.8758870171349784,0.2026656965562,0.035869579653363404
basis_selection,dephased,65,64,24,80,657,601,1258,4080,2288,1792,0.4392156862745098,80,73.24615384615385,16,10.7,0.6133942161339422,0.007535602714047341,0.0010431454389187864,0.004311625641088151,0.004975124378109453,0.9750098149512866,0.0989345509893455,0.3230769230769231,0.17760812583034385,0.2998045098039216,0.0,0.0,1.5758401027349338,0.5625,0.9886994082884974,0.9595497745362814,2.109849390811758,0.3723325148435751,0.052197592272203
basis_selection,dephased,66,64,24,80,671,615,1286,4134,1976,2158,0.5220125786163522,80,74.29230769230769,19,10.7125,0.7183308494783904,0.02214427947986787,0.0012046215584602148,0.004268204672505549,0.004975124378109453,0.9835225821499288,0.07451564828614009,0.42,0.14928371767994408,0.339222641509434,0.0,0.0,1.536894994307312,0.7625,0.79085809055281,0.8671909094014182,2.4732119537629433,0.30582676163372147,0.038500801289365526
basis_selection,dephased,67,64,24,80,746,690,1436,4154,2256,1898,0.45690900337024554,80,75.75384615384615,16,9.8,0.6474530831099196,0.005771631967924139,0.001052285562504905,0.004187113852968542,0.01990049751243781,0.9608998466615692,0.09517426273458444,0.5211267605633803,0.1863595456645836,0.3236824265767935,0.0,0.0,1.5610283143912291,0.6875,0.8960382325345575,0.9261650235965653,2.1408746322497243,0.2434279171471081,0.05056643259543676
basis_selection,dephased,68,64,24,80,686,630,1316,4028,2091,1937,0.48088381330685204,80,72.8923076923077,13,9.05,0.6311953352769679,0.00068578691118369,0.001152459823851557,0.0037343837389880903,0.5373134328358209,0.9655147508053314,0.10495626822157435,0.4861111111111111,0.17510214269552737,0.32120893743793444,0.0,0.0,1.5671309239207227,0.725,0.8485481782946158,0.9280882628190289,2.1912644805343726,0.3904195612476294,0.04316507387710061
basis_selection,dephased,69,64,24,80,726,672,1398,4040,2246,1794,0.44405940594059407,78,73.6923076923077,17,11.551282051282051,0.6776859504132231,0.009350495769566532,0.0011249654282728223,0.0035653544399027546,0.009950248756218905,0.9789850097558888,0.07851239669421488,0.5263157894736842,0.17670910819949281,0.3308352475247525,0.0,0.0,1.5632870468196405,0.6794871794871795,0.9049382594235602,0.9056208355078426,2.4094226914343997,0.4479677092239638,0.04578631996863053
basis_selection,dephased,70,64,24,80,710,654,1364,4237,1966,2271,0.535992447486429,80,76.47692307692307,18,10.1625,0.723943661971831,0.016243299616572403,0.0009281297474231454,0.003456072205041601,0.004975124378109453,0.9792984408505216,0.06901408450704226,0.5510204081632653,0.15821962313190382,0.34970922822751954,0.0,0.0,1.5265890636466044,0.7375,0.8304955225035798,0.8380385618075327,2.53681679023006,0.3999062874506985,0.034656090860107194
basis_selection,dephased,71,64,24,80,730,674,1404,4013,2189,1824,0.45452280089708447,80,73.33846153846154,18,10.275,0.726027397260274,0.01144535209753492,0.0009220646734140851,0.002944457709187249,0.004975124378109453,0.991153422668689,0.07397260273972603,0.5555555555555556,0.17829295908941928,0.34295429852977827,0.0,0.0,1.5176533838427506,0.875,0.5435644431995964,0.8486634365835936,2.7770452300659527,0.30029312327515106,0.04886355825004073
basis_selection,dephased,72,64,24,80,711,655,1366,4090,2222,1868,0.45672371638141807,80,74.23076923076923,16,11.1375,0.6962025316455697,0.00975402291261315,0.001140469963044565,0.004009068713370109,0.009950248756218905,0.9782099609909856,0.09142053445850915,0.49230769230769234,0.18134446299951937,0.3399241075794622,0.0,0.0,1.5468694288544858,0.75,0.8112781244591328,0.8769202216148344,2.3650587356694563,0.1781228720899166,0.043818724182662694
basis_selection,dephased,73,64,24,80,702,646,1348,4173,2515,1658,0.3973160795590702,80,75.36923076923077,17,10.3875,0.5811965811965812,0.007992805331623592,0.0010613013654145731,0.0033867381768295205,0.01990049751243781,0.9662505429807012,0.09401709401709402,0.3484848484848485,0.18035668577953418,0.29605588305775227,0.0,0.0,1.6053550064899689,0.65,0.934068055375491,0.9543827149643774,2.1463747406076004,0.27029710023028464,0.04889241250495509
basis_selection,dephased,74,64,24,80,650,594,1244,4167,2193,1974,0.47372210223182143,80,74.47692307692307,18,11.5875,0.6230769230769231,0.008058996960650978,0.001234282152373694,0.004566185514241632,0.009950248756218905,0.9734039890011035,0.07846153846153846,0.5098039215686274,0.16657113994946693,0.31424036477081835,0.0,0.0,1.5838912842312045,0.65,0.934068055375491,0.939564838677913,2.064117436199828,0.4036528755071223,0.046197312134395714
basis_selection,dephased,75,64,24,80,728,672,1400,4101,2327,1774,0.4325774201414289,80,74.66153846153846,15,9.6125,0.5892857142857143,3.810650985579928e-05,0.0008814360116025197,0.003783547580695469,0.9054726368159204,0.9687374799647418,0.06456043956043957,0.46808510638297873,0.18650417705213876,0.3107931723969764,0.0,0.0,1.5882530736384024,0.675,0.9097361225311661,0.9601016007950584,2.111636247571103,0.2913148678934646,0.05191833537962831
basis_selection,dephased,76,64,24,80,689,633,1322,4111,2399,1712,0.4164436876672343,80,74.21538461538462,18,12.35,0.6298984034833092,0.04500017321389023,0.0008578124602204454,0.0025450840950599772,0.004975124378109453,0.9867388733918637,0.06966618287373004,0.4375,0.1859068107159375,0.28692473850644606,0.0,0.0,1.5959227172236563,0.7,0.8812908992306927,0.96131902708266,2.2814887575826353,0.3221039405982102,0.053803060900440854
basis_selection,dephased,77,64,24,80,689,633,1322,4250,2003,2247,0.5287058823529411,80,76.35384615384615,20,8.9875,0.6516690856313497,3.9560800788643845e-06,0.0011572000845183645,0.003781086710100091,1.0,0.9765704867210143,0.07402031930333818,0.47058823529411764,0.15759530018182788,0.3364137411764706,0.0,0.0,1.549527947247442,0.6625,0.9224062617590723,0.8933712479681153,2.34724721056918,0.2166147225910837,0.04457295501730102
basis_selection,dephased,78,64,24,80,666,610,1276,4132,1972,2160,0.5227492739593417,80,74.18461538461538,16,9.375,0.6771771771771772,0.002618876939487466,0.0010178843532693766,0.0036719083749361704,0.10945273631840796,0.9879783839407491,0.07807807807807808,0.5192307692307693,0.17448146089039046,0.33404298160697005,0.0,0.0,1.5597419210421068,0.75,0.8112781244591328,0.9010570226458852,2.37774288775819,0.45522977258905906,0.04125136235121909
basis_selection,dephased,79,64,24,80,714,658,1372,3968,2267,1701,0.42867943548387094,80,72.4,19,11.75,0.6708683473389355,0.015740675982288725,0.0010268877790076182,0.0037482022814136445,0.004975124378109453,0.9922694307156072,0.06862745098039216,0.4489795918367347,0.17219021598979642,0.3253913306451613,0.0,0.0,1.5523154807772848,0.7875,0.7462343013654811,0.916349430396823,2.503890769859389,0.5815532906768422,0.04920780050890999
basis_selection,dephased,80,64,24,80,691,635,1326,4138,2001,2137,0.5164330594490092,80,74.66153846153846,18,9.925,0.7409551374819102,0.0015013829498022888,0.0010113446704420655,0.0037837101431896503,0.23880597014925373,0.9743700827016506,0.06367583212735166,0.5681818181818182,0.16837713753870046,0.35825654905751575,0.0,0.0,1.5140422338999444,0.8,0.7219280948873623,0.803158181945949,2.6057351448223436,0.2340992043426016,0.03862333122545268
basis_selection,dephased,81,64,24,80,705,649,1354,4255,2156,2099,0.49330199764982374,80,76.67692307692307,17,9.9375,0.6680851063829787,0.00275648323814897,0.0009793902964879305,0.003768198922421988,0.0945273631840796,0.9731160553555338,0.08368794326241134,0.4067796610169492,0.16514504393063822,0.3374273090481787,0.0,0.0,1.5430541575980155,0.7125,0.8654698974285928,0.881830699186556,2.398808733499483,0.2405086994120894,0.046811589600124805
basis_selection,dephased,82,64,24,80,697,641,1338,4268,2222,2046,0.4793814432989691,80,76.75384615384615,17,9.7375,0.6341463414634146,0.011052835759338863,0.0010936594656810125,0.003957909701686954,0.004975124378109453,0.9854344684352264,0.06743185078909612,0.6170212765957447,0.16409459017176298,0.31674245548266167,0.0,0.0,1.5765948028530323,0.7375,0.8304955225035798,0.9319590875068763,2.420165603454959,0.47699680397981203,0.045636420290402456
basis_selection,dephased,83,64,24,80,737,681,1418,4225,2006,2219,0.5252071005917159,80,76.70769230769231,15,10.8375,0.7639077340569878,0.000414972644296819,0.0009505810663491923,0.003940463705929473,0.5422885572139303,0.977247276779178,0.08548168249660787,0.3968253968253968,0.14750866320612838,0.3696139171597634,0.0,0.0,1.5032300132235754,0.8,0.7219280948873623,0.7347978629679138,2.8121757002912364,0.2572843318454712,0.03132517768985681
basis_selection,dephased,84,64,24,80,726,670,1396,4215,2151,2064,0.4896797153024911,80,76.38461538461539,16,10.3125,0.6983471074380165,0.007432122351031779,0.001172668944890524,0.00483957722101043,0.01990049751243781,0.9696220634509987,0.07162534435261708,0.4423076923076923,0.15983553704191047,0.3379643179122183,0.0,0.0,1.5400583939838146,0.8125,0.6962122601251458,0.8852146116834294,2.258116848550285,0.24382368320570252,0.040390065981940414
basis_selection,dephased,85,64,24,80,681,625,1306,4113,2320,1793,0.43593484074884514,80,74.12307692307692,17,10.0,0.6461086637298091,0.017585556247333094,0.0010211119814415464,0.004113222180306818,0.004975124378109453,0.9743850754729838,0.08663729809104258,0.3728813559322034,0.16294084237056494,0.3111553610503282,0.0,0.0,1.5782701483576502,0.7,0.8812908992306927,0.9317993427302292,2.2923392794052626,0.38138727776385883,0.0467231065222916
basis_selection,dephased,86,64,24,80,708,652,1360,4033,2415,1618,0.4011901810066948,80,73.3076923076923,17,10.4625,0.6694915254237288,0.010986370675382807,0.0011065967150499516,0.003971879895953424,0.009950248756218905,0.9931090924694341,0.07909604519774012,0.5357142857142857,0.1842351188635286,0.3128369947929581,0.0,0.0,1.5515255004694253,0.8125,0.6962122601251458,0.9170359708873108,2.8894131405816172,0.2675283045912666,0.0549114117973778
basis_selection,dephased,87,64,24,80,718,662,1380,4146,1983,2163,0.5217076700434153,80,75.2,13,8.55,0.6935933147632312,0.0023043721394340553,0.0009221590190724789,0.0033584872270859233,0.15920398009950248,0.9813064949915281,0.10167130919220056,0.4246575342465753,0.16151292088957203,0.3528310660877955,0.0,0.0,1.5382305072284876,0.7625,0.79085809055281,0.8260640157471453,2.611702061744858,0.3766865652981017,0.03694073690890316
basis_selection,dephased,88,64,24,80,702,646,1348,4068,2000,2068,0.5083579154375615,80,73.75384615384615,16,9.1875,0.6965811965811965,0.011172305092502333,0.000989569839724962,0.00338967628743897,0.004975124378109453,0.987875247415918,0.08262108262108261,0.3793103448275862,0.1659628105039035,0.339656243854474,0.0,0.0,1.543777566823361,0.8125,0.6962122601251458,0.852156380657665,2.632799670198996,0.40422817783612575,0.04296647262032181
basis_selection,dephased,89,64,24,80,691,635,1326,4092,2215,1877,0.4586999022482893,80,73.95384615384616,16,9.575,0.6714905933429812,0.028336369539884512,0.001031169800253234,0.0033362100352342973,0.004975124378109453,0.9840353842955099,0.08683068017366136,0.55,0.1665246136119231,0.31369442815249265,0.0,0.0,1.5786668212299977,0.7375,0.8304955225035798,0.9341833601021369,2.2456943327113814,0.3258567970333119,0.04723226733325117
basis_selection,dephased,90,64,24,80,775,719,1494,4121,2606,1515,0.3676292162096578,80,75.6923076923077,14,8.375,0.5883870967741935,0.0012953036605980826,0.001044256343336546,0.0039025635226846364,0.29850746268656714,0.9715414161230609,0.10193548387096774,0.4430379746835443,0.21254501573677947,0.31117097791798115,0.0,0.0,1.579101320556849,0.575,0.9837082626231857,0.9449436633154168,2.170353378046678,0.2649828308155525,0.060847426498622924
basis_selection,dephased,91,64,24,80,746,690,1436,4162,2070,2092,0.5026429601153292,80,75.87692307692308,17,11.9875,0.7158176943699732,0.004794504935294161,0.0010196177348575923,0.00373059839807532,0.024875621890547265,0.9753793704438539,0.09115281501340483,0.4264705882352941,0.1703185324852026,0.34840422873618454,0.0,0.0,1.5250088200587146,0.725,0.8485481782946158,0.8491764965204754,2.7218591088635913,0.42164732099431196,0.03750010679909601
basis_selection,dephased,92,64,24,80,703,647,1350,4184,2271,1913,0.45721797323135754,80,75.55384615384615,15,9.675,0.6216216216216216,0.00599813742598411,0.0008818871873446897,0.0029450076081835985,0.009950248756218905,0.9742634021499064,0.07539118065433854,0.5471698113207547,0.18439782355182818,0.31170745697896757,0.0,0.0,1.5955235410262647,0.6625,0.9224062617590723,0.9420794872537162,2.0574849511081217,0.3411733131999822,0.054264013139374616
basis_selection,dephased,93,64,24,80,724,668,1392,4146,2220,1926,0.4645441389290883,80,75.29230769230769,18,13.0125,0.675414364640884,0.003854330496200384,0.0009491098970371217,0.0038708580176616725,0.06467661691542288,0.9526834497546818,0.08287292817679558,0.45,0.17382582206933295,0.3276526772793054,0.0,0.0,1.5475513617077332,0.6875,0.8960382325345575,0.9167205201515539,2.231374743381653,0.16881030083293666,0.040972776345492755
basis_selection,dephased,94,64,24,80,676,620,1296,4085,2154,1931,0.4727050183598531,80,73.61538461538461,15,8.625,0.7411242603550295,0.03349448554722276,0.0012091048475064636,0.004467150535368673,0.004975124378109453,0.9899017755939284,0.06656804733727811,0.4666666666666667,0.13842157842157843,0.3415472215422277,0.0,0.0,1.5269604154575,0.7875,0.7462343013654811,0.8227498620167605,2.5620030809908063,0.16954569195535144,0.03398294204099241
basis_selection,dephased,95,64,24,80,708,652,1360,4188,2192,1996,0.47659980897803245,80,75.6923076923077,19,10.5875,0.6807909604519774,0.014407908601643767,0.0010692903731087432,0.0038055976749064337,0.004975124378109453,0.9801789727075509,0.08757062146892655,0.41935483870967744,0.16170259656996314,0.32590983763132764,0.0,0.0,1.5503615270591058,0.775,0.7691928290130137,0.9074149576466483,2.528787661201698,0.3465105091668731,0.04290947255495987
basis_selection,dephased,96,64,24,80,714,658,1372,4109,2097,2012,0.48965685081528354,80,74.56923076923077,19,10.375,0.7745098039215687,0.023819141900645734,0.0010552620914375528,0.0036655920238917727,0.004975124378109453,0.9881915419969528,0.0784313725490196,0.4107142857142857,0.16144561858750023,0.3569301533219762,0.0,0.0,1.5216149346121974,0.825,0.6690158350565577,0.785856773996461,2.791458132497417,0.29985730039935243,0.0392979552509284
basis_selection,dephased,97,64,24,80,758,702,1460,4124,2286,1838,0.4456838021338506,80,75.47692307692307,18,12.2875,0.6490765171503958,0.0034224412628373457,0.0008402447891911591,0.002605580982269342,0.04477611940298507,0.966863028499017,0.079155672823219,0.55,0.1986496770743346,0.32493579049466537,0.0,0.0,1.5533497648051289,0.6875,0.8960382325345575,0.9239078264771372,2.2816121988609352,0.3128432003750839,0.05129762521861106
basis_selection,dephased,98,64,24,80,672,616,1288,4159,2005,2154,0.5179129598461168,80,74.6923076923077,14,9.6,0.7113095238095238,0.0037138306249957648,0.0009949173275095391,0.0037613691330849663,0.06965174129353234,0.9814547561729601,0.08333333333333333,0.5,0.17142511259867,0.34147949026208224,0.0,0.0,1.517186715052981,0.7375,0.8304955225035798,0.8690855362899125,2.7959297894228046,0.3309079300988507,0.04147264532500801
basis_selection,dephased,99,64,24,80,729,673,1402,4180,2049,2131,0.5098086124401914,80,75.8923076923077,18,9.9125,0.7421124828532236,0.024382201559275122,0.000940817416484172,0.0027094998440347785,0.004975124378109453,0.9866922519044894,0.0877914951989026,0.40625,0.1716017133037156,0.35436344497607664,0.0,0.0,1.541795021616716,0.775,0.7691928290130137,0.812746503665115,2.477313700698486,0.4952517779315533,0.03867253496943752
basis_selection,dephased,100,64,24,80,715,659,1374,4185,2132,2053,0.49056152927120666,80,75.75384615384615,17,8.9,0.7174825174825175,0.01684174375022506,0.0008689349280527187,0.004440597306364482,0.004975124378109453,0.985139571081923,0.08811188811188811,0.5873015873015873,0.1617969653542515,0.33506265232974913,0.0,0.0,1.536236483791566,0.775,0.7691928290130137,0.8479438118320644,2.7611301104031307,0.3498476041674278,0.042177430060422294
basis_selection,dephased,101,64,24,80,759,703,1462,4138,2433,1705,0.41203479942000965,80,75.70769230769231,17,11.2625,0.6600790513833992,0.02142426317918692,0.0009593747905094263,0.003597094130676229,0.004975124378109453,0.9881069121202345,0.07509881422924901,0.42105263157894735,0.19237175830529651,0.3097281778637023,0.0,0.0,1.5613000778130688,0.7,0.8812908992306927,0.9341515297721008,2.5045920270512463,0.2681451911762996,0.05146561557629592
basis_selection,dephased,102,64,24,80,723,667,1390,4029,2073,1956,0.4854802680565897,80,73.47692307692307,19,12.325,0.7275242047026279,0.005486217960564716,0.0011006478201709038,0.004551182987411062,0.04477611940298507,0.986408475729431,0.0677731673582296,0.5102040816326531,0.15913284320575455,0.36056897493174495,0.0,0.0,1.5193937319770499,0.8125,0.6962122601251458,0.7715387662879822,2.6910981490447776,0.3971970575374646,0.04003033110470312
basis_selection,dephased,103,64,24,80,663,607,1270,4035,2030,2005,0.4969021065675341,80,72.64615384615385,16,10.3,0.702865761689291,0.01140976192486463,0.0011097008228803343,0.003667701956349762,0.004975124378109453,0.9808934763236504,0.09653092006033183,0.578125,0.1538979684004979,0.3434368277571252,0.0,0.0,1.5440892284779049,0.75,0.8112781244591328,0.8577035075535986,2.4982242283188336,0.45075368481483497,0.04650737275604264
basis_selection,dephased,104,64,24,80,734,678,1412,4172,2143,2029,0.4863374880153404,80,75.84615384615384,16,9.0625,0.720708446866485,0.0067593852723192415,0.0010338147627877506,0.00408533715947486,0.009950248756218905,0.9624085061377909,0.08583106267029973,0.4444444444444444,0.17761519836941492,0.3472120805369128,0.0,0.0,1.5311896746687421,0.7375,0.8304955225035798,0.8557775109185687,2.403963903036821,0.37396984087500157,0.03924085511867917
basis_selection,dephased,105,64,24,80,721,665,1386,3985,2508,1477,0.37063989962358845,80,72.76923076923077,14,9.925,0.550624133148405,0.0006700225232880892,0.0008980644760051589,0.0032664133132645295,0.417910447761194,0.9753484325237101,0.08044382801664356,0.5344827586206896,0.2054109589041096,0.2930556587202008,0.0,0.0,1.6126157508091543,0.5375,0.9959386076315955,0.9761060104725031,1.8733930339215026,0.32884866068954977,0.05662432364780727
basis_selection,dephased,106,64,24,80,713,657,1370,4005,1938,2067,0.5161048689138577,80,72.95384615384616,16,12.125,0.7938288920056101,0.012132135289987307,0.0010211211876447186,0.0031995292243373746,0.004975124378109453,0.9775570574393214,0.0785413744740533,0.48214285714285715,0.16022572240884622,0.3658491885143571,0.0,0.0,1.5051845434665008,0.875,0.5435644431995964,0.7518706314619367,2.716486296120982,0.23445225973710399,0.026606878729927168
basis_selection,dephased,107,64,24,80,743,687,1430,4083,2135,1948,0.4771001714425667,80,74.61538461538461,18,10.95,0.7483176312247645,0.010956959773962258,0.0011768186670161837,0.004521535480279693,0.009950248756218905,0.9853443112056945,0.09286675639300135,0.5217391304347826,0.17660533965800027,0.354051530737203,0.0,0.0,1.513185921474214,0.8,0.7219280948873623,0.8088060012385864,2.628345883064783,0.43830230318212915,0.03863123316339038
basis_selection,dephased,108,64,24,80,774,718,1492,4177,2199,1978,0.47354560689490066,80,76.53846153846153,17,11.75,0.7467700258397932,0.007864375406583399,0.0010141918196070422,0.003938073958966101,0.004975124378109453,0.9881565489648435,0.08397932816537468,0.38461538461538464,0.1614872422828976,0.3589315776873355,0.0,0.0,1.5079608419843422,0.8625,0.577653903353563,0.7766938684131452,2.7688249585894225,0.40914983660866405,0.03523782924022353
basis_selection,dephased,109,64,24,80,693,637,1330,4082,2148,1934,0.4737873591376776,80,73.83076923076923,15,10.375,0.7243867243867244,0.02085984425722128,0.0010377504677630258,0.0037098822588824726,0.004975124378109453,0.9889029589184501,0.0735930735930736,0.45098039215686275,0.1694324362013666,0.33512748652621266,0.0,0.0,1.5294570736537996,0.7625,0.79085809055281,0.8671650849056945,2.7107666203861887,0.28054277609834727,0.04432276499328681
basis_selection,dephased,110,64,24,80,668,612,1280,4181,2246,1935,0.4628079406840469,80,74.96923076923076,20,10.9,0.5898203592814372,0.01645765309044704,0.0011179753679029928,0.004325016585476599,0.004975124378109453,0.9841906152734882,0.07335329341317365,0.4489795918367347,0.1904577517053558,0.2932124372159771,0.0,0.0,1.6163973414546153,0.6875,0.8960382325345575,0.9730243734187474,2.0399075398685396,0.36127872823386253,0.05555702065831114
basis_selection,classical,11,64,24,80,720,664,1384,4038,2103,1935,0.47919762258543835,80,73.56923076923077,19,11.8875,0.7138888888888889,0.006681732393356447,0.0009771734304654407,0.004273648436632084,0.014925373134328358,0.9857301731828786,0.0875,0.47619047619047616,0.1841768925976298,0.3370401188707281,0.0,0.0,1.5293316980115461,0.7,0.8812908992306927,0.88861799578539,2.563057597469456,0.47580916710542237,0.04768848980745323
basis_selection,classical,12,64,24,80,706,650,1356,4113,2047,2066,0.5023097495745198,80,74.50769230769231,16,10.3375,0.6883852691218131,0.011644648326714847,0.0010991858479544566,0.004400861302210545,0.004975124378109453,0.9845472750873228,0.0764872521246459,0.48148148148148145,0.16086632397574596,0.33842830051057626,0.0,0.0,1.5567595157432608,0.7875,0.7462343013654811,0.8838497175993499,2.3165265454714,0.3667426085320727,0.040528661235487685
basis_selection,classical,13,64,24,80,714,658,1372,4089,2058,2031,0.4966984592809978,80,74.26153846153846,14,9.4,0.6582633053221288,2.8276463794582422e-05,0.0008636953556826353,0.0028374069359327816,0.8855721393034826,0.9586790371554046,0.09243697478991597,0.5303030303030303,0.15333637412465456,0.34213480068476404,0.0,0.0,1.5466265579598455,0.7875,0.7462343013654811,0.8746629285875009,2.3220008073912357,0.2721371970718045,0.038189893361338254
basis_selection,classical,14,64,24,80,746,690,1436,4110,2452,1658,0.40340632603406323,80,75.07692307692308,17,10.675,0.6233243967828418,0.00692875829897421,0.0009294480366032287,0.004043621414926967,0.009950248756218905,0.9703476121154184,0.08981233243967829,0.4626865671641791,0.2004653804576852,0.30671649635036496,0.0,0.0,1.5870302422287983,0.7125,0.8654698974285928,0.9696491946771204,2.273361218884099,0.3810587038031632,0.0561577305367598
basis_selection,classical,15,64,24,80,721,665,1386,4108,2077,2031,0.4944011684518014,80,74.66153846153846,15,10.075,0.7212205270457698,0.004091704521253002,0.0011046363773919094,0.003355066918660857,0.05472636815920398,0.9745518688140271,0.07905686546463246,0.543859649122807,0.17338560463113928,0.341053359298929,0.0,0.0,1.5227299623071642,0.825,0.6690158350565577,0.8625546745674545,2.6429691500013894,0.18059351741424837,0.044923802701926314
basis_selection,classical,16,64,24,80,693,637,1330,4143,2290,1853,0.4472604392951967,80,74.76923076923077,17,10.5875,0.6565656565656566,0.005455497332955212,0.001088676901680956,0.004209315033449708,0.03482587064676617,0.9790520448720512,0.07503607503607504,0.5192307692307693,0.16323447395867896,0.32350306541153756,0.0,0.0,1.5449734278861502,0.7375,0.8304955225035798,0.9048631691877401,2.4256020819171615,0.23596866982832237,0.04211967421733141
basis_selection,classical,17,64,24,80,739,683,1422,4088,2132,1956,0.47847358121330724,80,74.63076923076923,15,8.2875,0.7266576454668471,0.018726055834252617,0.0009805931545901277,0.0034792736582688524,0.004975124378109453,0.9852273052847945,0.07036535859269283,0.5384615384615384,0.1834472049689441,0.33671232876712337,0.0,0.0,1.5395237072094212,0.85,0.6098403047164005,0.8785994133743797,2.492587422972359,0.3896134419196229,0.047070251913863694
basis_selection,classical,18,64,24,80,716,660,1376,4032,2187,1845,0.4575892857142857,80,73.41538461538461,18,13.6,0.7304469273743017,0.007479490132845077,0.0010301627478261654,0.0046714166571164735,0.01990049751243781,0.968937820300911,0.0782122905027933,0.375,0.16567242281527997,0.3509583333333334,0.0,0.0,1.5127549906679263,0.8375,0.6402569436810504,0.8122734786307164,2.678496575534493,0.24298770219686638,0.04414903982426306
basis_selection,classical,19,64,24,80,679,623,1302,4062,2045,2017,0.4965534219596258,80,73.3076923076923,18,9.625,0.7422680412371134,0.015485641450814488,0.0010088701119290665,0.003932167823323401,0.004975124378109453,0.9831897907619858,0.0662739322533137,0.4666666666666667,0.14488030136067387,0.3489481043820778,0.0,0.0,1.522718271219099,0.75,0.8112781244591328,0.8035611288516247,2.548766608026284,0.3977517416624472,0.03741853559342742
basis_selection,classical,20,64,24,80,731,675,1406,4124,2136,1988,0.48205625606207564,80,75.06153846153846,17,8.4625,0.7209302325581395,0.009203776141827987,0.0007962868679323467,0.0029356017547003312,0.004975124378109453,0.9874892386689117,0.08071135430916553,0.3898305084745763,0.17309574875185774,0.3406576139670224,0.0,0.0,1.5348994462281587,0.7875,0.7462343013654811,0.870610651003047,2.537449827153133,0.4991562869609232,0.04472718190037076
basis_selection,classical,21,64,24,80,696,640,1336,4272,2046,2226,0.5210674157303371,80,76.8,17,9.5875,0.7557471264367817,0.025571663827903,0.0011867850865258018,0.004170553340879473,0.004975124378109453,0.9883927185555181,0.09051724137931035,0.4126984126984127,0.14740117125360358,0.3467110486891386,0.0,0.0,1.5268338645049835,0.8,0.7219280948873623,0.8192305088371451,2.6652137650446646,0.24375942124761524,0.03383411185456383
basis_selection,classical,22,64,24,80,725,669,1394,4051,2298,1753,0.4327326586028141,80,73.84615384615384,16,9.7125,0.6648275862068965,0.013208801946143996,0.0011360344273547709,0.004274686985752309,0.004975124378109453,0.969145985969702,0.10206896551724139,0.5540540540540541,0.17531464104855526,0.32485598617625283,0.0,0.0,1.5645900438922895,0.75,0.8112781244591328,0.9212560602311013,2.141873882200489,0.46582263575631705,0.049287165046545206
basis_selection,classical,23,64,24,80,684,628,1312,4257,1923,2334,0.5482734319943622,80,76.38461538461539,15,8.6875,0.7412280701754386,0.01163609095632408,0.001049701572981101,0.0035976444210066693,0.004975124378109453,0.9807853931217377,0.07456140350877193,0.43137254901960786,0.15297405954409762,0.35358468404980037,0.0,0.0,1.523810480427193,0.75,0.8112781244591328,0.8253811971602834,2.6301370049027963,0.22082774833477783,0.035752083001210314
basis_selection,classical,24,64,24,80,710,654,1364,4124,2023,2101,0.5094568380213385,80,74.73846153846154,15,9.9125,0.7563380281690141,0.014804298459346773,0.0010310693997112326,0.0037355556747696358,0.004975124378109453,0.9943290427873724,0.07323943661971831,0.5384615384615384,0.14588709677419354,0.3577590688651795,0.0,0.0,1.5205522752199347,0.8375,0.6402569436810504,0.7950548984869905,2.7929582488247604,0.42313319428030527,0.031524557345001376
basis_selection,classical,25,64,24,80,728,672,1400,4220,1988,2232,0.5289099526066351,80,76.49230769230769,14,8.9875,0.6510989010989011,0.0023818752812580987,0.001068724492282133,0.003466752079220752,0.16417910447761194,0.9537994464669753,0.09203296703296704,0.43283582089552236,0.1756597271013432,0.3438492890995261,0.0,0.0,1.5528518994644471,0.725,0.8485481782946158,0.8745760651934891,2.3844272500626635,0.25881436452716305,0.037431773769681716
basis_selection,classical,26,64,24,80,708,652,1360,4054,2099,1955,0.48223976319684264,80,73.63076923076923,17,9.55,0.7782485875706214,0.01845271444418171,0.0009350318675215533,0.004367200392235966,0.004975124378109453,0.9875549067360477,0.07062146892655367,0.44,0.14743659830928824,0.3601584607794771,0.0,0.0,1.5091368119137667,0.825,0.6690158350565577,0.7831676058156442,2.756026109271405,0.4191674522128614,0.027055203689510792
basis_selection,classical,27,64,24,80,680,624,1304,4087,2113,1974,0.4829948617567898,80,73.70769230769231,17,7.6875,0.7323529411764705,0.009515938997403214,0.0009754976952485778,0.0031407669987928944,0.004975124378109453,0.9722307319792464,0.08235294117647059,0.5535714285714286,0.15045273516332397,0.3479981404453145,0.0,0.0,1.535841655007671,0.7875,0.7462343013654811,0.8341582253699149,2.497759908415055,0.20322786532607637,0.03299001548710938
basis_selection,classical,28,64,24,80,707,651,1358,4044,2070,1974,0.48813056379821956,80,73.46153846153847,16,10.625,0.7043847241867044,0.0068697313400416585,0.0010257923844770973,0.004264634658594563,0.03482587064676617,0.9763708956421087,0.08486562942008487,0.4166666666666667,0.17344801022133705,0.3428518298714145,0.0,0.0,1.5459879800077339,0.8125,0.6962122601251458,0.8645614413591225,2.318968654448508,0.3579608929980417,0.04308204459158945
basis_selection,classical,29,64,24,80,723,667,1390,4126,2066,2060,0.4992729035385361,80,74.96923076923076,17,10.1125,0.7717842323651453,0.0027545891075884225,0.0010931423169757563,0.004136084075335545,0.1691542288557214,0.9836217779516087,0.0677731673582296,0.5510204081632653,0.17900295196771676,0.3616913233155599,0.0,0.0,1.5045247617109452,0.8625,0.577653903353563,0.7694504133236664,2.764292235909122,0.3048502783807494,0.034670717761337094
basis_selection,classical,30,64,24,80,679,623,1302,4141,2106,2035,0.49142719149963776,80,74.52307692307693,16,10.6875,0.711340206185567,0.022011219288606845,0.0010530802911222223,0.0046048258878275475,0.004975124378109453,0.9770556989940888,0.08541973490427099,0.5,0.14903518808392355,0.33667413668196094,0.0,0.0,1.5401784157028038,0.825,0.6690158350565577,0.8809858830263078,2.53907703140372,0.4627035428395844,0.03919236435102386
basis_selection,classical,31,64,24,80,684,628,1312,4000,2277,1723,0.43075,80,72.43076923076923,19,10.475,0.6213450292397661,0.0030865280145283194,0.0010887745325697936,0.003943322468074447,0.09950248756218906,0.988326755583031,0.06725146198830409,0.4782608695652174,0.17250538168570956,0.3163482,0.0,0.0,1.5688118886250604,0.725,0.8485481782946158,0.917665195337058,2.5192566494898196,0.4267278700845037,0.04640424999999998
basis_selection,classical,32,64,24,80,731,675,1406,4030,2321,1709,0.4240694789081886,80,73.61538461538461,17,11.275,0.6101231190150479,0.006040430145254905,0.001007046333136574,0.003522218128864305,0.01990049751243781,0.9825795990150111,0.07660738714090287,0.39285714285714285,0.1842915652423667,0.30161349875930527,0.0,0.0,1.5826328222341826,0.7125,0.8654698974285928,0.9502847952712791,2.1846934752071707,0.42192219728321867,0.05210801125553384
basis_selection,classical,33,64,24,80,746,690,1436,4088,2159,1929,0.47186888454011744,80,74.73846153846154,15,9.775,0.6970509383378016,0.007464637825946998,0.00098885500018253,0.004967578271209531,0.014925373134328358,0.9779294005800708,0.07372654155495978,0.43636363636363634,0.18309439419753154,0.33431232876712336,0.0,0.0,1.5375088698017916,0.6875,0.8960382325345575,0.8915130904658463,2.5163588202998906,0.3370402784321124,0.045884738301400475
basis_selection,classical,34,64,24,80,728,672,1400,4128,2487,1641,0.39752906976744184,80,75.07692307692308,16,10.675,0.5659340659340659,0.0001317486103606792,0.0009288542453083295,0.0036778965666104148,0.8059701492537313,0.9460330819643991,0.08653846153846154,0.5238095238095238,0.20754099387191072,0.29586395348837213,0.0,0.0,1.5942025151540766,0.6875,0.8960382325345575,0.979972258239001,1.9643536424480579,0.2249021572147701,0.05396498107084909
basis_selection,classical,35,64,24,80,710,654,1364,4183,1916,2267,0.5419555343055223,80,75.64615384615385,14,8.975,0.7408450704225352,0.0011027639191989206,0.0012240486675345397,0.00446536223277337,0.35323383084577115,0.9545003062595961,0.0676056338028169,0.4791666666666667,0.17556282290799677,0.35398278747310546,0.0,0.0,1.5104871638659134,0.7375,0.8304955225035798,0.8179353641276225,2.6443495278523974,0.2918868138750914,0.03974261678347102
basis_selection,classical,36,64,24,80,703,647,1350,4147,2053,2094,0.5049433325295394,80,74.98461538461538,18,10.4125,0.6586059743954481,0.0019597443063846635,0.0009222070518025815,0.002782376912288557,0.14925373134328357,0.9800781235780543,0.07254623044096728,0.3333333333333333,0.17346001982788706,0.336064142753798,0.0,0.0,1.553835981312298,0.6,0.9709505944546686,0.8936898107575524,2.2226142173545367,0.37991040052162167,0.04297545083156619
basis_selection,classical,37,64,24,80,689,633,1322,4269,1912,2357,0.552119934410869,80,76.64615384615385,14,9.7,0.7561683599419449,0.008614160794372109,0.0009726348876602523,0.0040250647714041975,0.004975124378109453,0.9751851961859105,0.08563134978229318,0.4576271186440678,0.14640054056863663,0.3551395643007731,0.0,0.0,1.4976555513060152,0.8,0.7219280948873623,0.8012358688530657,2.9017922214566862,0.24062239464402915,0.03583313565836411
basis_selection,classical,38,64,24,80,706,650,1356,3993,2174,1819,0.4555472076133233,80,72.66153846153846,17,11.975,0.7082152974504249,0.005812592917511759,0.0008307270354703431,0.0034243451382895054,0.01990049751243781,0.9895133190709886,0.07223796033994334,0.43137254901960786,0.18967071025559712,0.3333823190583522,0.0,0.0,1.5286791025444395,0.8,0.7219280948873623,0.8876016690900568,2.640824340329698,0.5395110004113134,0.04550644569644761
basis_selection,classical,39,64,24,80,692,636,1328,4009,2125,1884,0.46994262908455975,80,72.6923076923077,16,10.3,0.6661849710982659,0.01365680614149457,0.0010156361322783795,0.003695155915210052,0.004975124378109453,0.9823457677928124,0.08670520231213873,0.4166666666666667,0.16651142306633637,0.3277969568470941,0.0,0.0,1.5552194550021399,0.675,0.9097361225311661,0.9075828302436668,2.323141621269259,0.44588765276654524,0.05048910592225114
basis_selection,classical,40,64,24,80,749,693,1442,4026,2128,1898,0.4714356681569796,80,73.83076923076923,19,12.3,0.7690253671562083,0.013666843257486044,0.0010690804184179598,0.003659536783443625,0.004975124378109453,0.9868525065570684,0.07476635514018691,0.39285714285714285,0.16411163445945684,0.36396105315449584,0.0,0.0,1.4964998118797697,0.8,0.7219280948873623,0.7565387920876766,2.9066797233231765,0.2755634997262955,0.035091638576772076
basis_selection,classical,41,64,24,80,747,691,1438,4179,2057,2122,0.5077769801387891,80,76.15384615384616,13,9.5375,0.7737617135207496,0.0037807226926425026,0.001204675534932797,0.005133755956389608,0.11442786069651742,0.9707883727919735,0.07898259705488621,0.4576271186440678,0.16012891672003604,0.3649989949748744,0.0,0.0,1.5084485364415037,0.8125,0.6962122601251458,0.7419683931857912,2.628178598668692,0.26281752640253137,0.03215063455244981
basis_selection,classical,42,64,24,80,746,690,1436,4165,2191,1974,0.47394957983193275,80,75.92307692307692,17,11.7875,0.7050938337801609,0.01849546300511546,0.0010338138781041625,0.004020495265638581,0.004975124378109453,0.9829762843197889,0.07908847184986595,0.5932203389830508,0.16199994881113872,0.3366164705882354,0.0,0.0,1.536841528003655,0.8125,0.6962122601251458,0.8648032465459725,2.711620261809043,0.19356993702859987,0.04509505122577242
basis_selection,classical,43,64,24,80,708,652,1360,4178,2045,2133,0.5105313547151747,80,75.53846153846153,17,9.9375,0.7090395480225988,0.0034727860618985387,0.0009986486767719863,0.003500121165264042,0.07960199004975124,0.9686162892361132,0.062146892655367235,0.4318181818181818,0.17177152719198735,0.35225313547151754,0.0,0.0,1.5340470673099542,0.7875,0.7462343013654811,0.8294806654707244,2.3905187566000934,0.16565628871308272,0.04423899974357922
basis_selection,classical,44,64,24,80,754,698,1452,4253,2293,1960,0.46085116388431696,80,77.4,19,10.45,0.6193633952254642,0.00022329452823836166,0.0009158510202240381,0.003701224099784555,0.6019900497512438,0.9906814346976867,0.07957559681697612,0.5333333333333333,0.193807491810609,0.32111384904773105,0.0,0.0,1.5743532311053818,0.6375,0.9447388286467892,0.9391799021909771,2.314127254607033,0.7654449943762044,0.043885592936182216
basis_selection,classical,45,64,24,80,706,650,1356,4101,2256,1845,0.4498902706656913,80,74.32307692307693,17,10.8,0.6529745042492918,0.00823236630058399,0.001033964113823862,0.003925797148548512,0.009950248756218905,0.9761999992285523,0.08640226628895184,0.5245901639344263,0.16737178008458284,0.3212626188734456,0.0,0.0,1.5662936458955588,0.6625,0.9224062617590723,0.9215914654669292,2.2274577094571564,0.21906364665893654,0.045043045923877346
basis_selection,classical,46,64,24,80,683,627,1310,4191,1891,2300,0.5487950369840133,80,75.35384615384615,19,12.2375,0.6925329428989752,0.004600744854212397,0.0011855554278763422,0.005835537629556225,0.06965174129353234,0.9769502689103654,0.08345534407027819,0.49122807017543857,0.14896335285541307,0.3436143163922692,0.0,0.0,1.5220093447882974,0.7625,0.79085809055281,0.8524599780291912,2.5544583570645956,0.41637899565217573,0.03646791499276296
basis_selection,classical,47,64,24,80,700,644,1344,4245,2014,2231,0.5255594817432273,80,76.44615384615385,14,7.8125,0.7542857142857143,0.003191170204298207,0.001074285512818866,0.0034944816918269835,0.10945273631840796,0.9788571593175754,0.08428571428571428,0.4915254237288136,0.14871369768678394,0.36347297997644296,0.0,0.0,1.5123061032567153,0.8,0.7219280948873623,0.7567008380761612,2.7458853499715468,0.3269141517389316,0.03133846928625236
basis_selection,classical,48,64,24,80,722,666,1388,4204,2325,1879,0.44695528068506185,80,76.15384615384616,15,8.3375,0.6329639889196675,0.006643052400294971,0.0009292267617589654,0.0036673986845187426,0.014925373134328358,0.9837584632520735,0.07756232686980609,0.4642857142857143,0.17344463172954178,0.31985004757373936,0.0,0.0,1.5648431188179834,0.65,0.934068055375491,0.9256914172734906,2.2832841387467036,0.35703522325706094,0.046816678601594636
basis_selection,classical,49,64,24,80,749,693,1442,4120,2241,1879,0.45606796116504855,80,75.27692307692308,17,12.3625,0.7129506008010681,0.0028421852693537586,0.0008413601536897632,0.002981926535763877,0.08955223880597014,0.9880839156490406,0.05473965287049399,0.43902439024390244,0.17076224488372416,0.3471456310679612,0.0,0.0,1.5200775673529963,0.825,0.6690158350565577,0.8247582640101522,2.8654470550709528,0.27379987304012815,0.042806814968423035
basis_selection,classical,50,64,24,80,748,692,1440,4045,2694,1351,0.33399258343634114,80,74.1076923076923,16,10.9625,0.5227272727272727,0.0008685434605666103,0.0009031840659237486,0.00341762624167425,0.3582089552238806,0.964337170219608,0.07754010695187166,0.5172413793103449,0.2320824703151068,0.2788543881334981,0.0,0.0,1.6306491683329187,0.6125,0.9631672450918831,0.9914641065786765,1.906903993178807,0.37510962404573,0.06376380674152497
basis_selection,classical,51,64,24,80,747,691,1438,4197,2183,2014,0.4798665713604956,80,76.43076923076923,18,9.15,0.7041499330655957,0.002312578527981963,0.0010036501933903207,0.0037649851379716118,0.1791044776119403,0.9797733217523,0.07095046854082998,0.49056603773584906,0.17291679006788052,0.35400019061234217,0.0,0.0,1.5329902502288204,0.7875,0.7462343013654811,0.8279965936897653,2.5401465032463912,0.23803193894191316,0.036779904908421104
basis_selection,classical,52,64,24,80,722,666,1388,4063,2379,1684,0.41447206497661826,80,73.98461538461538,15,9.5375,0.6481994459833795,0.022011616601049784,0.000955408478785801,0.0036097894865735093,0.004975124378109453,0.9862478997280939,0.07340720221606649,0.5283018867924528,0.19501922207146088,0.3141464927393552,0.0,0.0,1.5763384419209365,0.7375,0.8304955225035798,0.955134188840319,2.554196055105115,0.508955671767253,0.05345854477919121
basis_selection,classical,53,64,24,80,721,665,1386,4257,2068,2189,0.5142118863049095,80,76.95384615384616,15,9.825,0.7475728155339806,0.013115556519831508,0.001066896702133287,0.003745179117313622,0.004975124378109453,0.9866864208682118,0.07766990291262135,0.5,0.15393724999872935,0.352000845665962,0.0,0.0,1.5130904357481145,0.825,0.6690158350565577,0.821676795782526,2.847184307786244,0.3267256164540148,0.03335301653803056
basis_selection,classical,54,64,24,80,704,648,1352,4135,2069,2066,0.4996372430471584,80,74.81538461538462,18,10.375,0.7088068181818182,0.004772878363960493,0.0010643130870696782,0.003645036169553516,0.04975124378109453,0.9845095720703169,0.09375,0.36363636363636365,0.15196463024964635,0.3492158645707377,0.0,0.0,1.5324078586626841,0.7875,0.7462343013654811,0.8368164998902173,2.612739970702337,0.35955032860110414,0.0335283925670647
basis_selection,classical,55,64,24,80,656,600,1256,4204,2083,2121,0.5045195052331113,80,75.13846153846154,15,10.125,0.6387195121951219,0.0009827760263255488,0.0010691506360350394,0.003948543535402953,0.39800995024875624,0.9654368739521563,0.08841463414634146,0.4827586206896552,0.1578734372185751,0.3260801141769744,0.0,0.0,1.548774481241036,0.7375,0.8304955225035798,0.9250870727136951,2.3966677076141596,0.24666907498199095,0.04904644301426489
basis_selection,classical,56,64,24,80,680,624,1304,4170,1873,2297,0.5508393285371702,80,74.98461538461538,15,10.625,0.7485294117647059,0.000512784697024214,0.0009954127248148511,0.003257075879382397,0.5621890547263682,0.9781908590588507,0.07058823529411765,0.375,0.1518073059944981,0.36176134292565953,0.0,0.0,1.5065004811714124,0.7625,0.79085809055281,0.7816942258799275,2.646162062385212,0.31618829120291014,0.0355071338612563
basis_selection,classical,57,64,24,80,705,649,1354,4111,1981,2130,0.5181221114084165,80,74.46153846153847,17,9.9625,0.7531914893617021,0.004136598113126137,0.0009095032999572635,0.0037224995373799346,0.04477611940298507,0.9760115988838913,0.08085106382978724,0.45614035087719296,0.1704923859423354,0.35324748236438824,0.0,0.0,1.5035071978257315,0.85,0.6098403047164005,0.8080509179707001,2.812812287695202,0.2836153866889708,0.04122081468156729
basis_selection,classical,58,64,24,80,712,656,1368,4210,1930,2280,0.5415676959619953,80,76.0923076923077,16,10.4,0.7289325842696629,0.0021188242795386163,0.0010145732799436587,0.0035459424995803613,0.21393034825870647,0.9632421925449463,0.10393258426966293,0.47297297297297297,0.17759006643146402,0.3524195724465558,0.0,0.0,1.5302512230431478,0.8,0.7219280948873623,0.8208688746276092,2.5622623932017965,0.3595486675766743,0.04089527818055642
basis_selection,classical,59,64,24,80,715,659,1374,4086,2098,1988,0.4865394028389623,80,74.23076923076923,13,9.625,0.6937062937062937,0.0026313047492378255,0.0009215824238546961,0.0030198933550130494,0.1044776119402985,0.9745160338905998,0.08531468531468532,0.4262295081967213,0.1691277856135402,0.33994028389623104,0.0,0.0,1.5312991963701206,0.85,0.6098403047164005,0.8618183640131212,2.596413294628023,0.22970752895536667,0.04148317296576851
basis_selection,classical,60,64,24,80,682,626,1308,4218,2357,1861,0.44120436225699383,80,75.75384615384615,18,10.775,0.5161290322580645,0.0036536323633010598,0.00116601371519581,0.0036536323633010598,0.06965174129353234,0.9688544761670252,0.07771260997067449,0.5471698113207547,0.2090971771576898,0.27281877667140825,0.0,0.0,1.6414213079027875,0.475,0.99819587904281,0.9841530298630121,1.7557206961453442,0.3475767467402009,0.054061136078056043
basis_selection,classical,61,64,24,80,727,671,1398,4098,2329,1769,0.43167398731088336,80,74.6,18,11.5125,0.6368638239339752,0.0018172489757673563,0.0011142065677679858,0.00425805213355902,0.2537313432835821,0.9740181265924458,0.07840440165061899,0.5614035087719298,0.18819579980397325,0.32359472913616405,0.0,0.0,1.5633637619921952,0.7,0.8812908992306927,0.9189918229717742,2.1920046959602066,0.41874141109404595,0.053487863593782485
basis_selection,classical,62,64,24,80,769,713,1482,4116,2339,1777,0.4317298347910593,80,75.52307692307693,16,10.2625,0.7555266579973993,0.01002267665735223,0.000966807670987431,0.003859781954039925,0.009950248756218905,0.9783970622698852,0.09362808842652796,0.5555555555555556,0.1668830389997937,0.3587551020408164,0.0,0.0,1.5204564498052402,0.8875,0.5074109636646971,0.7816225760518388,2.764322132798825,0.33543493791089807,0.03472647215209837
basis_selection,classical,63,64,24,80,700,644,1344,4161,2247,1914,0.45998558038932946,80,75.15384615384616,18,12.2625,0.66,0.014001203569854438,0.0011743037789357059,0.004447199677027336,0.009950248756218905,0.9738863598149472,0.11428571428571428,0.425,0.18412124712663797,0.31413900504686376,0.0,0.0,1.5617962936736736,0.7375,0.8304955225035798,0.9214985804948618,2.3037621490879814,0.2708033964940271,0.051557991976514145
basis_selection,classical,64,64,24,80,742,686,1428,4070,2157,1913,0.47002457002457004,80,74.4,18,11.5,0.7803234501347709,0.005809229137571663,0.0010272153473780809,0.0036638565063110903,0.014925373134328358,0.9845496586030291,0.07008086253369272,0.46153846153846156,0.17292781190145962,0.36001945945945957,0.0,0.0,1.4985078778689407,0.8125,0.6962122601251458,0.7715731455343953,2.8758870171349784,0.2026656965562,0.035869579653363404
basis_selection,classical,65,64,24,80,657,601,1258,4080,2288,1792,0.4392156862745098,80,73.24615384615385,16,10.7,0.6133942161339422,0.007535602714047341,0.0010431454389187864,0.004311625641088151,0.004975124378109453,0.9750098149512866,0.0989345509893455,0.3230769230769231,0.17760812583034385,0.2998045098039216,0.0,0.0,1.5758401027349342,0.5625,0.9886994082884974,0.9595497745362814,2.109849390811758,0.3723325148435751,0.052197592272203
basis_selection,classical,66,64,24,80,671,615,1286,4134,1976,2158,0.5220125786163522,80,74.29230769230769,19,10.7125,0.7183308494783904,0.02214427947986787,0.0012046215584602148,0.004268204672505549,0.004975124378109453,0.9835225821499288,0.07451564828614009,0.42,0.14928371767994408,0.339222641509434,0.0,0.0,1.5368949943073122,0.7625,0.79085809055281,0.8671909094014182,2.4732119537629433,0.30582676163372147,0.038500801289365526
basis_selection,classical,67,64,24,80,746,690,1436,4154,2256,1898,0.45690900337024554,80,75.75384615384615,16,9.8,0.6474530831099196,0.005771631967924139,0.001052285562504905,0.004187113852968542,0.01990049751243781,0.9608998466615692,0.09517426273458444,0.5211267605633803,0.1863595456645836,0.3236824265767935,0.0,0.0,1.5610283143912298,0.6875,0.8960382325345575,0.9261650235965653,2.1408746322497243,0.2434279171471081,0.05056643259543676
basis_selection,classical,68,64,24,80,686,630,1316,4028,2091,1937,0.48088381330685204,80,72.8923076923077,13,9.05,0.6311953352769679,0.00068578691118369,0.001152459823851557,0.0037343837389880903,0.5373134328358209,0.9655147508053314,0.10495626822157435,0.4861111111111111,0.17510214269552737,0.32120893743793444,0.0,0.0,1.5671309239207234,0.725,0.8485481782946158,0.9280882628190289,2.1912644805343726,0.3904195612476294,0.04316507387710061
basis_selection,classical,69,64,24,80,726,672,1398,4040,2246,1794,0.44405940594059407,78,73.6923076923077,17,11.551282051282051,0.6776859504132231,0.009350495769566532,0.0011249654282728223,0.0035653544399027546,0.009950248756218905,0.9789850097558888,0.07851239669421488,0.5263157894736842,0.17670910819949281,0.3308352475247525,0.0,0.0,1.5632870468196405,0.6794871794871795,0.9049382594235602,0.9056208355078426,2.4094226914343997,0.4479677092239638,0.04578631996863053
basis_selection,classical,70,64,24,80,710,654,1364,4237,1966,2271,0.535992447486429,80,76.47692307692307,18,10.1625,0.723943661971831,0.016243299616572403,0.0009281297474231454,0.003456072205041601,0.004975124378109453,0.9792984408505216,0.06901408450704226,0.5510204081632653,0.15821962313190382,0.34970922822751954,0.0,0.0,1.5265890636466046,0.7375,0.8304955225035798,0.8380385618075327,2.53681679023006,0.3999062874506985,0.034656090860107194
basis_selection,classical,71,64,24,80,730,674,1404,4013,2189,1824,0.45452280089708447,80,73.33846153846154,18,10.275,0.726027397260274,0.01144535209753492,0.0009220646734140851,0.002944457709187249,0.004975124378109453,0.991153422668689,0.07397260273972603,0.5555555555555556,0.17829295908941928,0.34295429852977827,0.0,0.0,1.5176533838427506,0.875,0.5435644431995964,0.8486634365835936,2.7770452300659527,0.30029312327515106,0.04886355825004073
basis_selection,classical,72,64,24,80,711,655,1366,4090,2222,1868,0.45672371638141807,80,74.23076923076923,16,11.1375,0.6962025316455697,0.00975402291261315,0.001140469963044565,0.004009068713370109,0.009950248756218905,0.9782099609909856,0.09142053445850915,0.49230769230769234,0.18134446299951937,0.3399241075794622,0.0,0.0,1.5468694288544858,0.75,0.8112781244591328,0.8769202216148344,2.3650587356694563,0.1781228720899166,0.043818724182662694
basis_selection,classical,73,64,24,80,702,646,1348,4173,2515,1658,0.3973160795590702,80,75.36923076923077,17,10.3875,0.5811965811965812,0.007992805331623592,0.0010613013654145731,0.0033867381768295205,0.01990049751243781,0.9662505429807012,0.09401709401709402,0.3484848484848485,0.18035668577953418,0.29605588305775227,0.0,0.0,1.6053550064899689,0.65,0.934068055375491,0.9543827149643774,2.1463747406076004,0.27029710023028464,0.04889241250495509
basis_selection,classical,74,64,24,80,650,594,1244,4167,2193,1974,0.47372210223182143,80,74.47692307692307,18,11.5875,0.6230769230769231,0.008058996960650978,0.001234282152373694,0.004566185514241632,0.009950248756218905,0.9734039890011035,0.07846153846153846,0.5098039215686274,0.16657113994946693,0.31424036477081835,0.0,0.0,1.5838912842312045,0.65,0.934068055375491,0.939564838677913,2.064117436199828,0.4036528755071223,0.046197312134395714
basis_selection,classical,75,64,24,80,728,672,1400,4101,2327,1774,0.4325774201414289,80,74.66153846153846,15,9.6125,0.5892857142857143,3.810650985579928e-05,0.0008814360116025197,0.003783547580695469,0.9054726368159204,0.9687374799647418,0.06456043956043957,0.46808510638297873,0.18650417705213876,0.3107931723969764,0.0,0.0,1.5882530736384024,0.675,0.9097361225311661,0.9601016007950584,2.111636247571103,0.2913148678934646,0.05191833537962831
basis_selection,classical,76,64,24,80,689,633,1322,4111,2399,1712,0.4164436876672343,80,74.21538461538462,18,12.35,0.6298984034833092,0.04500017321389023,0.0008578124602204454,0.0025450840950599772,0.004975124378109453,0.9867388733918637,0.06966618287373004,0.4375,0.1859068107159375,0.28692473850644606,0.0,0.0,1.5959227172236563,0.7,0.8812908992306927,0.96131902708266,2.2814887575826353,0.3221039405982102,0.053803060900440854
basis_selection,classical,77,64,24,80,689,633,1322,4250,2003,2247,0.5287058823529411,80,76.35384615384615,20,8.9875,0.6516690856313497,3.9560800788643845e-06,0.0011572000845183645,0.003781086710100091,1.0,0.9765704867210143,0.07402031930333818,0.47058823529411764,0.15759530018182788,0.3364137411764706,0.0,0.0,1.549527947247442,0.6625,0.9224062617590723,0.8933712479681153,2.34724721056918,0.2166147225910837,0.04457295501730102
basis_selection,classical,78,64,24,80,666,610,1276,4132,1972,2160,0.5227492739593417,80,74.18461538461538,16,9.375,0.6771771771771772,0.002618876939487466,0.0010178843532693766,0.0036719083749361704,0.10945273631840796,0.9879783839407491,0.07807807807807808,0.5192307692307693,0.17448146089039046,0.33404298160697005,0.0,0.0,1.5597419210421068,0.75,0.8112781244591328,0.9010570226458852,2.37774288775819,0.45522977258905906,0.04125136235121909
basis_selection,classical,79,64,24,80,714,658,1372,3968,2267,1701,0.42867943548387094,80,72.4,19,11.75,0.6708683473389355,0.015740675982288725,0.0010268877790076182,0.0037482022814136445,0.004975124378109453,0.9922694307156072,0.06862745098039216,0.4489795918367347,0.17219021598979642,0.3253913306451613,0.0,0.0,1.5523154807772854,0.7875,0.7462343013654811,0.916349430396823,2.503890769859389,0.5815532906768422,0.04920780050890999
basis_selection,classical,80,64,24,80,691,635,1326,4138,2001,2137,0.5164330594490092,80,74.66153846153846,18,9.925,0.7409551374819102,0.0015013829498022888,0.0010113446704420655,0.0037837101431896503,0.23880597014925373,0.9743700827016506,0.06367583212735166,0.5681818181818182,0.16837713753870046,0.35825654905751575,0.0,0.0,1.5140422338999449,0.8,0.7219280948873623,0.803158181945949,2.6057351448223436,0.2340992043426016,0.03862333122545268
basis_selection,classical,81,64,24,80,705,649,1354,4255,2156,2099,0.49330199764982374,80,76.67692307692307,17,9.9375,0.6680851063829787,0.00275648323814897,0.0009793902964879305,0.003768198922421988,0.0945273631840796,0.9731160553555338,0.08368794326241134,0.4067796610169492,0.16514504393063822,0.3374273090481787,0.0,0.0,1.5430541575980161,0.7125,0.8654698974285928,0.881830699186556,2.398808733499483,0.2405086994120894,0.046811589600124805
basis_selection,classical,82,64,24,80,697,641,1338,4268,2222,2046,0.4793814432989691,80,76.75384615384615,17,9.7375,0.6341463414634146,0.011052835759338863,0.0010936594656810125,0.003957909701686954,0.004975124378109453,0.9854344684352264,0.06743185078909612,0.6170212765957447,0.16409459017176298,0.31674245548266167,0.0,0.0,1.5765948028530323,0.7375,0.8304955225035798,0.9319590875068763,2.420165603454959,0.47699680397981203,0.045636420290402456
basis_selection,classical,83,64,24,80,737,681,1418,4225,2006,2219,0.5252071005917159,80,76.70769230769231,15,10.8375,0.7639077340569878,0.000414972644296819,0.0009505810663491923,0.003940463705929473,0.5422885572139303,0.977247276779178,0.08548168249660787,0.3968253968253968,0.14750866320612838,0.3696139171597634,0.0,0.0,1.5032300132235754,0.8,0.7219280948873623,0.7347978629679138,2.8121757002912364,0.2572843318454712,0.03132517768985681
basis_selection,classical,84,64,24,80,726,670,1396,4215,2151,2064,0.4896797153024911,80,76.38461538461539,16,10.3125,0.6983471074380165,0.007432122351031779,0.001172668944890524,0.00483957722101043,0.01990049751243781,0.9696220634509987,0.07162534435261708,0.4423076923076923,0.15983553704191047,0.3379643179122183,0.0,0.0,1.540058393983815,0.8125,0.6962122601251458,0.8852146116834294,2.258116848550285,0.24382368320570252,0.040390065981940414
basis_selection,classical,85,64,24,80,681,625,1306,4113,2320,1793,0.43593484074884514,80,74.12307692307692,17,10.0,0.6461086637298091,0.017585556247333094,0.0010211119814415464,0.004113222180306818,0.004975124378109453,0.9743850754729838,0.08663729809104258,0.3728813559322034,0.16294084237056494,0.3111553610503282,0.0,0.0,1.5782701483576502,0.7,0.8812908992306927,0.9317993427302292,2.2923392794052626,0.38138727776385883,0.0467231065222916
basis_selection,classical,86,64,24,80,708,652,1360,4033,2415,1618,0.4011901810066948,80,73.3076923076923,17,10.4625,0.6694915254237288,0.010986370675382807,0.0011065967150499516,0.003971879895953424,0.009950248756218905,0.9931090924694341,0.07909604519774012,0.5357142857142857,0.1842351188635286,0.3128369947929581,0.0,0.0,1.5515255004694253,0.8125,0.6962122601251458,0.9170359708873108,2.8894131405816172,0.2675283045912666,0.0549114117973778
basis_selection,classical,87,64,24,80,718,662,1380,4146,1983,2163,0.5217076700434153,80,75.2,13,8.55,0.6935933147632312,0.0023043721394340553,0.0009221590190724789,0.0033584872270859233,0.15920398009950248,0.9813064949915281,0.10167130919220056,0.4246575342465753,0.16151292088957203,0.3528310660877955,0.0,0.0,1.5382305072284876,0.7625,0.79085809055281,0.8260640157471453,2.611702061744858,0.3766865652981017,0.03694073690890316
basis_selection,classical,88,64,24,80,702,646,1348,4068,2000,2068,0.5083579154375615,80,73.75384615384615,16,9.1875,0.6965811965811965,0.011172305092502333,0.000989569839724962,0.00338967628743897,0.004975124378109453,0.987875247415918,0.08262108262108261,0.3793103448275862,0.1659628105039035,0.339656243854474,0.0,0.0,1.5437775668233613,0.8125,0.6962122601251458,0.852156380657665,2.632799670198996,0.40422817783612575,0.04296647262032181
basis_selection,classical,89,64,24,80,691,635,1326,4092,2215,1877,0.4586999022482893,80,73.95384615384616,16,9.575,0.6714905933429812,0.028336369539884512,0.001031169800253234,0.0033362100352342973,0.004975124378109453,0.9840353842955099,0.08683068017366136,0.55,0.1665246136119231,0.31369442815249265,0.0,0.0,1.5786668212299977,0.7375,0.8304955225035798,0.9341833601021369,2.2456943327113814,0.3258567970333119,0.04723226733325117
basis_selection,classical,90,64,24,80,775,719,1494,4121,2606,1515,0.3676292162096578,80,75.6923076923077,14,8.375,0.5883870967741935,0.0012953036605980826,0.001044256343336546,0.0039025635226846364,0.29850746268656714,0.9715414161230609,0.10193548387096774,0.4430379746835443,0.21254501573677947,0.31117097791798115,0.0,0.0,1.579101320556849,0.575,0.9837082626231857,0.9449436633154168,2.170353378046678,0.2649828308155525,0.060847426498622924
basis_selection,classical,91,64,24,80,746,690,1436,4162,2070,2092,0.5026429601153292,80,75.87692307692308,17,11.9875,0.7158176943699732,0.004794504935294161,0.0010196177348575923,0.00373059839807532,0.024875621890547265,0.9753793704438539,0.09115281501340483,0.4264705882352941,0.1703185324852026,0.34840422873618454,0.0,0.0,1.5250088200587149,0.725,0.8485481782946158,0.8491764965204754,2.7218591088635913,0.42164732099431196,0.03750010679909601
basis_selection,classical,92,64,24,80,703,647,1350,4184,2271,1913,0.45721797323135754,80,75.55384615384615,15,9.675,0.6216216216216216,0.00599813742598411,0.0008818871873446897,0.0029450076081835985,0.009950248756218905,0.9742634021499064,0.07539118065433854,0.5471698113207547,0.18439782355182818,0.31170745697896757,0.0,0.0,1.5955235410262647,0.6625,0.9224062617590723,0.9420794872537162,2.0574849511081217,0.3411733131999822,0.054264013139374616
basis_selection,classical,93,64,24,80,724,668,1392,4146,2220,1926,0.4645441389290883,80,75.29230769230769,18,13.0125,0.675414364640884,0.003854330496200384,0.0009491098970371217,0.0038708580176616725,0.06467661691542288,0.9526834497546818,0.08287292817679558,0.45,0.17382582206933295,0.3276526772793054,0.0,0.0,1.5475513617077337,0.6875,0.8960382325345575,0.9167205201515539,2.231374743381653,0.16881030083293666,0.040972776345492755
basis_selection,classical,94,64,24,80,676,620,1296,4085,2154,1931,0.4727050183598531,80,73.61538461538461,15,8.625,0.7411242603550295,0.03349448554722276,0.0012091048475064636,0.004467150535368673,0.004975124378109453,0.9899017755939284,0.06656804733727811,0.4666666666666667,0.13842157842157843,0.3415472215422277,0.0,0.0,1.5269604154575003,0.7875,0.7462343013654811,0.8227498620167605,2.5620030809908063,0.16954569195535144,0.03398294204099241
basis_selection,classical,95,64,24,80,708,652,1360,4188,2192,1996,0.47659980897803245,80,75.6923076923077,19,10.5875,0.6807909604519774,0.014407908601643767,0.0010692903731087432,0.0038055976749064337,0.004975124378109453,0.9801789727075509,0.08757062146892655,0.41935483870967744,0.16170259656996314,0.32590983763132764,0.0,0.0,1.5503615270591062,0.775,0.7691928290130137,0.9074149576466483,2.528787661201698,0.3465105091668731,0.04290947255495987
basis_selection,classical,96,64,24,80,714,658,1372,4109,2097,2012,0.48965685081528354,80,74.56923076923077,19,10.375,0.7745098039215687,0.023819141900645734,0.0010552620914375528,0.0036655920238917727,0.004975124378109453,0.9881915419969528,0.0784313725490196,0.4107142857142857,0.16144561858750023,0.3569301533219762,0.0,0.0,1.5216149346121974,0.825,0.6690158350565577,0.785856773996461,2.791458132497417,0.29985730039935243,0.0392979552509284
basis_selection,classical,97,64,24,80,758,702,1460,4124,2286,1838,0.4456838021338506,80,75.47692307692307,18,12.2875,0.6490765171503958,0.0034224412628373457,0.0008402447891911591,0.002605580982269342,0.04477611940298507,0.966863028499017,0.079155672823219,0.55,0.1986496770743346,0.32493579049466537,0.0,0.0,1.5533497648051289,0.6875,0.8960382325345575,0.9239078264771372,2.2816121988609352,0.3128432003750839,0.05129762521861106
basis_selection,classical,98,64,24,80,672,616,1288,4159,2005,2154,0.5179129598461168,80,74.6923076923077,14,9.6,0.7113095238095238,0.0037138306249957648,0.0009949173275095391,0.0037613691330849663,0.06965174129353234,0.9814547561729601,0.08333333333333333,0.5,0.17142511259867,0.34147949026208224,0.0,0.0,1.517186715052981,0.7375,0.8304955225035798,0.8690855362899125,2.7959297894228046,0.3309079300988507,0.04147264532500801
basis_selection,classical,99,64,24,80,729,673,1402,4180,2049,2131,0.5098086124401914,80,75.8923076923077,18,9.9125,0.7421124828532236,0.024382201559275122,0.000940817416484172,0.0027094998440347785,0.004975124378109453,0.9866922519044894,0.0877914951989026,0.40625,0.1716017133037156,0.35436344497607664,0.0,0.0,1.541795021616716,0.775,0.7691928290130137,0.812746503665115,2.477313700698486,0.4952517779315533,0.03867253496943752
basis_selection,classical,100,64,24,80,715,659,1374,4185,2132,2053,0.49056152927120666,80,75.75384615384615,17,8.9,0.7174825174825175,0.01684174375022506,0.0008689349280527187,0.004440597306364482,0.004975124378109453,0.985139571081923,0.08811188811188811,0.5873015873015873,0.1617969653542515,0.33506265232974913,0.0,0.0,1.536236483791566,0.775,0.7691928290130137,0.8479438118320644,2.7611301104031307,0.3498476041674278,0.042177430060422294
basis_selection,classical,101,64,24,80,759,703,1462,4138,2433,1705,0.41203479942000965,80,75.70769230769231,17,11.2625,0.6600790513833992,0.02142426317918692,0.0009593747905094263,0.003597094130676229,0.004975124378109453,0.9881069121202345,0.07509881422924901,0.42105263157894735,0.19237175830529651,0.3097281778637023,0.0,0.0,1.5613000778130688,0.7,0.8812908992306927,0.9341515297721008,2.5045920270512463,0.2681451911762996,0.05146561557629592
basis_selection,classical,102,64,24,80,723,667,1390,4029,2073,1956,0.4854802680565897,80,73.47692307692307,19,12.325,0.7275242047026279,0.005486217960564716,0.0011006478201709038,0.004551182987411062,0.04477611940298507,0.986408475729431,0.0677731673582296,0.5102040816326531,0.15913284320575455,0.36056897493174495,0.0,0.0,1.51939373197705,0.8125,0.6962122601251458,0.7715387662879822,2.6910981490447776,0.3971970575374646,0.04003033110470312
basis_selection,classical,103,64,24,80,663,607,1270,4035,2030,2005,0.4969021065675341,80,72.64615384615385,16,10.3,0.702865761689291,0.01140976192486463,0.0011097008228803343,0.003667701956349762,0.004975124378109453,0.9808934763236504,0.09653092006033183,0.578125,0.1538979684004979,0.3434368277571252,0.0,0.0,1.544089228477905,0.75,0.8112781244591328,0.8577035075535986,2.4982242283188336,0.45075368481483497,0.04650737275604264
basis_selection,classical,104,64,24,80,734,678,1412,4172,2143,2029,0.4863374880153404,80,75.84615384615384,16,9.0625,0.720708446866485,0.0067593852723192415,0.0010338147627877506,0.00408533715947486,0.009950248756218905,0.9624085061377909,0.08583106267029973,0.4444444444444444,0.17761519836941492,0.3472120805369128,0.0,0.0,1.5311896746687421,0.7375,0.8304955225035798,0.8557775109185687,2.403963903036821,0.37396984087500157,0.03924085511867917
basis_selection,classical,105,64,24,80,721,665,1386,3985,2508,1477,0.37063989962358845,80,72.76923076923077,14,9.925,0.550624133148405,0.0006700225232880892,0.0008980644760051589,0.0032664133132645295,0.417910447761194,0.9753484325237101,0.08044382801664356,0.5344827586206896,0.2054109589041096,0.2930556587202008,0.0,0.0,1.6126157508091543,0.5375,0.9959386076315955,0.9761060104725031,1.8733930339215026,0.32884866068954977,0.05662432364780727
basis_selection,classical,106,64,24,80,713,657,1370,4005,1938,2067,0.5161048689138577,80,72.95384615384616,16,12.125,0.7938288920056101,0.012132135289987307,0.0010211211876447186,0.0031995292243373746,0.004975124378109453,0.9775570574393214,0.0785413744740533,0.48214285714285715,0.16022572240884622,0.3658491885143571,0.0,0.0,1.505184543466501,0.875,0.5435644431995964,0.7518706314619367,2.716486296120982,0.23445225973710399,0.026606878729927168
basis_selection,classical,107,64,24,80,743,687,1430,4083,2135,1948,0.4771001714425667,80,74.61538461538461,18,10.95,0.7483176312247645,0.010956959773962258,0.0011768186670161837,0.004521535480279693,0.009950248756218905,0.9853443112056945,0.09286675639300135,0.5217391304347826,0.17660533965800027,0.354051530737203,0.0,0.0,1.513185921474214,0.8,0.7219280948873623,0.8088060012385864,2.628345883064783,0.43830230318212915,0.03863123316339038
basis_selection,classical,108,64,24,80,774,718,1492,4177,2199,1978,0.47354560689490066,80,76.53846153846153,17,11.75,0.7467700258397932,0.007864375406583399,0.0010141918196070422,0.003938073958966101,0.004975124378109453,0.9881565489648435,0.08397932816537468,0.38461538461538464,0.1614872422828976,0.3589315776873355,0.0,0.0,1.5079608419843424,0.8625,0.577653903353563,0.7766938684131452,2.7688249585894225,0.40914983660866405,0.03523782924022353
basis_selection,classical,109,64,24,80,693,637,1330,4082,2148,1934,0.4737873591376776,80,73.83076923076923,15,10.375,0.7243867243867244,0.02085984425722128,0.0010377504677630258,0.0037098822588824726,0.004975124378109453,0.9889029589184501,0.0735930735930736,0.45098039215686275,0.1694324362013666,0.33512748652621266,0.0,0.0,1.5294570736537996,0.7625,0.79085809055281,0.8671650849056945,2.7107666203861887,0.28054277609834727,0.04432276499328681
basis_selection,classical,110,64,24,80,668,612,1280,4181,2246,1935,0.4628079406840469,80,74.96923076923076,20,10.9,0.5898203592814372,0.01645765309044704,0.0011179753679029928,0.004325016585476599,0.004975124378109453,0.9841906152734882,0.07335329341317365,0.4489795918367347,0.1904577517053558,0.2932124372159771,0.0,0.0,1.6163973414546156,0.6875,0.8960382325345575,0.9730243734187474,2.0399075398685396,0.36127872823386253,0.05555702065831114
basis_selection,no_inheritance,11,64,24,80,719,663,1382,4085,2627,1458,0.35691554467564257,80,74.27692307692308,16,10.7375,0.48261474269819193,0.0010320315166434755,0.0011452260261720602,0.005225872584515151,0.3582089552238806,0.01694244663398014,0.0,0.0,0.2297647633615582,0.264821052631579,0.6272405728119423,0.31362028640597117,2.265460986993475,0.4625,0.9959386076315955,0.983739698414765,1.5980306314919317,0.7087324497692887,0.06768171460503469
basis_selection,no_inheritance,12,64,24,80,707,651,1358,4050,2689,1361,0.3360493827160494,80,73.55384615384615,13,8.8625,0.44413012729844414,0.0018242843324228868,0.0009478427589600591,0.003600066014646421,0.19900497512437812,-0.029527376939962147,0.0,0.0,0.22918113962722914,0.26362172839506176,0.6339148378749297,0.3169574189374649,2.275656485461814,0.3,0.8812908992306927,0.9820404729731844,1.4555015920439818,0.7468546489029556,0.05811888431641519
basis_selection,no_inheritance,13,64,24,80,698,642,1340,4053,2527,1526,0.3765112262521589,80,73.46153846153847,18,9.125,0.49140401146131807,0.0006714473372943473,0.0009573401688219539,0.003155089656663169,0.5024875621890548,0.015358111787902506,0.0,0.0,0.20474300605555534,0.27326770293609676,0.6381911929568803,0.31909559647844016,2.2813435291240824,0.475,0.99819587904281,0.9892395190752714,1.6471947579978494,0.6577742717482311,0.06284781176916343
basis_selection,no_inheritance,14,64,24,80,746,691,1437,4151,2611,1540,0.37099494097807756,79,75.70769230769231,15,9.784810126582279,0.46648793565683644,0.0007167102125411381,0.00091486307113278,0.003055642711528743,0.3582089552238806,0.01323804040129378,0.0,0.0,0.21027486831974038,0.2822900505902192,0.6236398895747173,0.31181994478735864,2.262610032431167,0.4936708860759494,0.9998844148717587,0.993305109101402,1.679757427988929,0.7063046716456067,0.059189529262162546
basis_selection,no_inheritance,15,64,24,80,673,617,1290,4134,2683,1451,0.35099177552007743,80,74.32307692307693,14,9.2625,0.4888558692421991,0.0015335759984264098,0.0011825826690132447,0.00457745941106624,0.2835820895522388,-0.06281262198008393,0.0,0.0,0.19885028562520563,0.2514906627963232,0.6354597659545795,0.31772988297728977,2.279005459421798,0.475,0.99819587904281,0.9682660122334291,1.5101547114180418,0.719927261472325,0.05610318715858602
basis_selection,no_inheritance,16,64,24,80,699,643,1342,4089,2769,1320,0.32281731474688186,80,74.03076923076924,12,8.1875,0.4592274678111588,0.0003076737348409941,0.0012616163504587626,0.0042888778889739534,0.6417910447761194,0.007022456826919809,0.0,0.0,0.2078238952584745,0.25834707752506725,0.6399261702484398,0.3199630851242199,2.2851731650243097,0.3,0.8812908992306927,0.9775071936225791,1.5492405069919057,0.7719494427140013,0.056511869882638774
basis_selection,no_inheritance,17,64,24,80,755,699,1454,4133,2711,1422,0.34406000483909993,80,75.56923076923077,14,9.0375,0.4503311258278146,0.0020505707999122977,0.0010067973447291639,0.004484614063024181,0.15920398009950248,0.016892006087395262,0.0,0.0,0.23667273945835732,0.2667669005564965,0.6280985482002424,0.3140492741001212,2.2739584710492458,0.45,0.9927744539878084,0.9895579779744753,1.6255098316641898,0.7012604645349637,0.06325276148043672
basis_selection,no_inheritance,18,64,24,80,709,653,1362,4094,2818,1276,0.31167562286272593,80,74.26153846153846,17,9.525,0.4837799717912553,0.001797419614479016,0.0009488016820628404,0.0035844225726106268,0.18407960199004975,0.02502938949568875,0.0,0.0,0.24985116366849386,0.25476033219345384,0.6357254370925679,0.31786271854628395,2.2799656097207612,0.5125,0.9995491108252484,0.9728240180788583,1.6404110367614422,0.6860430804618335,0.07194474070386464
basis_selection,no_inheritance,19,64,24,80,687,631,1318,4079,2529,1550,0.3799950968374602,80,73.6923076923077,15,10.35,0.4774381368267831,0.00013672481829087296,0.0009278329304330207,0.0029775585447606827,0.8258706467661692,-0.010861713237116755,0.0,0.0,0.21568156996916893,0.26937729835744056,0.6121228527743221,0.30606142638716105,2.2472067720450184,0.475,0.99819587904281,0.9876946371695854,1.581965147823834,0.709733901345805,0.06082499946959537
basis_selection,no_inheritance,20,64,24,80,721,665,1386,4106,2868,1238,0.30150998538723817,80,74.63076923076923,13,9.2875,0.46601941747572817,3.272240794570218e-05,0.0010107398516479083,0.003604105373610007,0.900497512437811,0.03428125008324187,0.0,0.0,0.22685031883519136,0.25868153921091086,0.6282633456102049,0.31413167280510246,2.2705978473908828,0.4125,0.9777945702913884,0.9818939606496071,1.54293461099667,0.6585623394132606,0.05949190105648915
basis_selection,no_inheritance,21,64,24,80,690,634,1324,4215,2583,1632,0.3871886120996441,80,75.83076923076923,13,7.525,0.45652173913043476,0.00021917445685388452,0.0010259768167565355,0.004482358410133242,0.6716417910447762,-0.05215591919432335,0.0,0.0,0.22029132377383176,0.25802315539739035,0.6362368596393753,0.31811842981968763,2.281003952754141,0.375,0.9544340029249649,0.9756082788932297,1.597066602883853,0.7022663715917697,0.05821692565528131
basis_selection,no_inheritance,22,64,24,80,728,672,1400,3957,2839,1118,0.2825372757139247,80,72.44615384615385,18,9.65,0.4532967032967033,0.0010229024758778484,0.0008942413768819794,0.003378792135541934,0.27860696517412936,-0.0403845341006058,0.0,0.0,0.24386966158786672,0.25173040181956025,0.6407582626385406,0.3203791313192703,2.289398400066638,0.5125,0.9995491108252484,0.9629089158944941,1.5604144379514064,0.6566253420626201,0.0646429787386505
basis_selection,no_inheritance,23,64,24,80,720,664,1384,4134,2595,1539,0.3722786647314949,80,75.04615384615384,13,7.6875,0.5041666666666667,0.003171248330539389,0.0010567242448400046,0.0038472774048901714,0.0945273631840796,0.03932250623042298,0.0,0.0,0.21587807696796074,0.2693540396710209,0.6491947564280058,0.3245973782140029,2.296996753988486,0.4375,0.9886994082884974,0.9907735151145114,1.4057056685359446,0.6797565681002465,0.06512983415521957
basis_selection,no_inheritance,24,64,24,80,708,652,1360,4098,2483,1615,0.39409468033186923,80,74.3076923076923,14,9.6375,0.4943502824858757,3.519553075245676e-05,0.0010782258963429748,0.004108151029554861,0.900497512437811,0.03557980342167418,0.0,0.0,0.21408275388445358,0.2848415812591508,0.6376569488808715,0.31882847444043577,2.2741733274763916,0.4,0.9709505944546686,0.9873484546888591,1.6719314969539003,0.7140871442109082,0.06033582785446172
basis_selection,no_inheritance,25,64,24,80,732,676,1408,4069,2673,1396,0.343081838289506,80,74.23076923076923,18,10.4,0.4726775956284153,4.8854739854671536e-05,0.0009562777105664474,0.0036148818121086606,0.835820895522388,-0.04859167068527197,0.0,0.0,0.22620577332117897,0.2672909314327845,0.63449806614858,0.31724903307429,2.2754258384854724,0.4625,0.9959386076315955,0.9851174775678743,1.6065747240630301,0.654462051920646,0.062141079405567276
basis_selection,no_inheritance,26,64,24,80,668,612,1280,3942,2662,1280,0.32470826991374935,80,71.29230769230769,22,11.8625,0.48952095808383234,0.00028328192754526436,0.00106551950330635,0.00465567179160159,0.6019900497512438,0.06795557924132868,0.0,0.0,0.2203651019440493,0.26496012176560124,0.6412246040051138,0.3206123020025569,2.28815398596266,0.4375,0.9886994082884974,0.9857931744949571,1.5925301334582112,0.7147462526040717,0.060908799098856305
basis_selection,no_inheritance,27,64,24,80,675,619,1294,3835,2706,1129,0.29439374185136896,80,69.75384615384615,16,9.875,0.43851851851851853,0.0032162280939956565,0.0008384683358314028,0.0032177677411211435,0.06965174129353234,-0.04905253832068276,0.0,0.0,0.23597919080517776,0.25997945241199477,0.6376057622843696,0.3188028811421848,2.2776261365294284,0.5125,0.9995491108252484,0.9636913633815735,1.6559904693135095,0.7298717326107881,0.06640103758526848
basis_selection,no_inheritance,28,64,24,80,709,653,1362,3945,2648,1297,0.3287705956907478,80,71.96923076923076,18,10.2125,0.46544428772919605,2.991877224193607e-07,0.0008589502659841234,0.0032503680619321504,1.0,0.05427517017635154,0.0,0.0,0.2343605822646555,0.25972288973384033,0.6328443405789376,0.3164221702894688,2.275483076224322,0.4625,0.9959386076315955,0.9738514990367394,1.6085520962952853,0.7439305736776405,0.062195042416239764
basis_selection,no_inheritance,29,64,24,80,739,683,1422,4044,2860,1184,0.29277942631058357,80,73.95384615384616,14,8.05,0.4817320703653586,7.51789069693364e-05,0.001015458960674557,0.004381220105030928,0.8009950248756219,-0.014403781036351126,0.0,0.0,0.2272116612058666,0.26258100890207714,0.6365670982790564,0.3182835491395282,2.280738627746938,0.45,0.9927744539878084,0.9865895970363762,1.5121137067408974,0.615748768676124,0.06927855165875663
basis_selection,no_inheritance,30,64,24,80,696,640,1336,4226,2639,1587,0.3755324183625178,80,76.0923076923077,14,7.9625,0.45545977011494254,0.0012680944337793553,0.000908948311253007,0.0037460079565673253,0.2736318407960199,0.016495085706576592,0.0,0.0,0.21447150520214567,0.27001514434453383,0.6389513267894379,0.31947566339471895,2.27958357555671,0.425,0.9837082626231857,0.9857605285046097,1.650288431767499,0.7205695420295523,0.05819729979311362
basis_selection,no_inheritance,31,64,24,80,709,653,1362,4113,2765,1348,0.3277413080476538,80,74.55384615384615,16,9.9375,0.46262341325811,5.788760614976445e-07,0.0010622337333693619,0.0037359589400831617,1.0,-0.007610568743992088,0.0,0.0,0.2179283731008202,0.2572276197422806,0.6381141593323513,0.31905707966617564,2.2845613001912746,0.3625,0.944738828646789,0.9761994284189016,1.407936200517377,0.6864855240702771,0.06265221213341626
basis_selection,no_inheritance,32,64,24,80,691,635,1326,4004,2610,1394,0.34815184815184813,80,72.6,16,9.9375,0.4804630969609262,4.91263354092243e-05,0.00099251064507985,0.0036209470381028813,0.835820895522388,0.040837883969832504,0.0,0.0,0.20727581401241607,0.2612755244755245,0.6318509440329927,0.31592547201649634,2.272531499452863,0.4625,0.9959386076315955,0.9811785875919535,1.6318592366877904,0.6861954678789741,0.05763030675618088
basis_selection,no_inheritance,33,64,24,80,730,674,1404,4099,2635,1464,0.3571602829958527,80,74.66153846153846,13,9.0,0.4712328767123288,1.3660457762263182e-05,0.0011246534194471656,0.004300053269988059,0.8756218905472637,0.0003685941286325652,0.0,0.0,0.2335900318952188,0.26934169309587713,0.6370590410736426,0.3185295205368213,2.278800532615421,0.3625,0.944738828646789,0.9893488047699367,1.50239633320662,0.677766214521155,0.06019188062041679
basis_selection,no_inheritance,34,64,24,80,761,705,1466,4150,2766,1384,0.33349397590361446,80,75.92307692307692,18,10.9375,0.48620236530880423,2.455184894415048e-05,0.0010411417841028297,0.003913589148795617,0.945273631840796,-0.007963284377231178,0.0,0.0,0.2066955146100875,0.27328674698795186,0.6447240949456765,0.32236204747283825,2.287656517334047,0.5125,0.9995491108252484,0.992048616637966,1.6277322787060382,0.6377207677143628,0.06052257221657715
basis_selection,no_inheritance,35,64,24,80,695,639,1334,4205,2905,1300,0.3091557669441142,80,75.75384615384615,18,10.1,0.479136690647482,0.0005679234680216385,0.0012091168603086022,0.005426552490899713,0.42786069651741293,-0.010581308262151944,0.0,0.0,0.23251776595851525,0.2437877764565993,0.6493079101826935,0.32465395509134676,2.2979232471348285,0.375,0.9544340029249649,0.9478524830327104,1.5776922715645383,0.6869832497605441,0.0594352174029841
basis_selection,no_inheritance,36,64,24,80,728,672,1400,4064,2556,1508,0.37106299212598426,80,74.0923076923077,17,10.4375,0.4876373626373626,0.0002071258290427926,0.0007416325050158408,0.0025424458644411167,0.6567164179104478,-0.03990681183316737,0.0,0.0,0.2302573117115439,0.27473622047244095,0.6204988427584759,0.31024942137923794,2.2588778785281827,0.4375,0.9886994082884974,0.9905603115992274,1.5417245456199091,0.7433603659140211,0.06674507099014197
basis_selection,no_inheritance,37,64,24,80,671,615,1286,4167,2585,1582,0.3796496280297576,80,74.8,16,9.725,0.46199701937406856,0.000845054221775058,0.0009924424797912185,0.0043577456078202695,0.40298507462686567,-0.002004420001185775,0.0,0.0,0.19771915878727025,0.2655887688984881,0.623774181232006,0.311887090616003,2.26624546239867,0.4125,0.9777945702913884,0.9838527906066519,1.5755906971242386,0.7615163239849143,0.053694653311824346
basis_selection,no_inheritance,38,64,24,80,704,648,1352,4025,2662,1363,0.3386335403726708,80,73.12307692307692,13,9.5625,0.4502840909090909,0.0020715888957027074,0.0010521144759540926,0.003450006734712932,0.21393034825870647,-0.06236170239291232,0.0,0.0,0.24230319820162355,0.26785878260869567,0.6314026626821522,0.3157013313410761,2.27459905576644,0.55,0.9927744539878084,0.9861935825825677,1.7137897671507727,0.7132249144648628,0.06992606766714247
basis_selection,no_inheritance,39,64,24,80,714,658,1372,4085,2634,1451,0.35520195838433294,80,74.2,17,10.45,0.47619047619047616,6.422717279773297e-07,0.0008965748853877345,0.0032604588172380038,1.0,-0.014153039197732345,0.0,0.0,0.21321025641025643,0.26749424724602205,0.6315607293780623,0.31578036468903115,2.2707663487857013,0.4875,0.9995491108252484,0.9730104892070396,1.6032482717305463,0.7179854872553717,0.06006810599125976
basis_selection,no_inheritance,40,64,24,80,732,676,1408,4123,2589,1534,0.37205918020858597,80,75.06153846153846,15,9.5875,0.4726775956284153,0.0007971756135437824,0.0009950855182839329,0.002963467511801457,0.4079601990049751,-0.009711672405836468,0.0,0.0,0.24204866040143033,0.26967266553480473,0.6287697934411158,0.3143848967205579,2.2659833979592596,0.55,0.9927744539878084,0.9913545539611845,1.5328566562139492,0.7470849405554559,0.06356437438647593
basis_selection,no_inheritance,41,64,24,80,700,644,1344,4076,2515,1561,0.38297350343473996,80,73.84615384615384,18,10.5625,0.48428571428571426,0.0013110599173789643,0.0010063906153982985,0.003670996349970198,0.2736318407960199,-0.009810836593725303,0.0,0.0,0.22461748197995676,0.2702618253189401,0.6353583924501798,0.3176791962250899,2.2796926385385334,0.4375,0.9886994082884974,0.9883408193354037,1.5366789916858952,0.7164822540363032,0.06755983708941304
basis_selection,no_inheritance,42,64,24,80,713,657,1370,4154,2713,1441,0.3468945594607607,80,75.24615384615385,16,10.7625,0.4908835904628331,0.0001245300293590229,0.001015916605633623,0.002914494520766437,0.8258706467661692,0.0468687529172661,0.0,0.0,0.213372975943384,0.27491632161771784,0.6391023565493061,0.31955117827465307,2.279521988899934,0.45,0.9927744539878084,0.9900990216941807,1.6389572778189971,0.6491666147203667,0.05809182302258568
basis_selection,no_inheritance,43,64,24,80,734,678,1412,4204,2647,1557,0.3703615604186489,80,76.33846153846154,13,8.3,0.5,0.001093002308824297,0.001077800084926979,0.003902218070276932,0.3283582089552239,-0.00800019005972435,0.0,0.0,0.2259059415200575,0.2679035204567079,0.6396616130342896,0.3198308065171448,2.284421606440998,0.5625,0.9886994082884974,0.9851990568824743,1.698247420653172,0.6274048352828269,0.06317122653338172
basis_selection,no_inheritance,44,64,24,80,734,678,1412,4136,2713,1423,0.3440522243713733,80,75.29230769230769,14,9.9,0.4768392370572207,0.0003769365932455382,0.001077151522853116,0.003588271935403696,0.5970149253731343,-0.019990914075637866,0.0,0.0,0.23871800792799064,0.27683036750483564,0.6350046019595567,0.31750230097977833,2.275083897136553,0.475,0.99819587904281,0.9925696825687923,1.5071353533070284,0.750885824831188,0.06492492676466295
basis_selection,no_inheritance,45,64,24,80,727,671,1398,4092,2879,1213,0.29643206256109483,80,74.50769230769231,14,9.95,0.46354883081155435,9.85608680458311e-05,0.00117908322720514,0.004326355021326798,0.7611940298507462,0.030784933406802117,0.0,0.0,0.22049978616694532,0.25987996089931575,0.6394633248932463,0.31973166244662315,2.2854958392098013,0.3875,0.9631672450918832,0.9742997694892153,1.42099691878263,0.6368221419401864,0.06381524066700492
basis_selection,no_inheritance,46,64,24,80,677,621,1298,4252,2493,1759,0.4136876763875823,80,76.2,19,10.7875,0.465288035450517,0.0012963985755601991,0.0010420931173876677,0.0034862402745482746,0.3034825870646766,-0.037939809767913855,0.0,0.0,0.18730563078085194,0.26583668861712134,0.6393111040979647,0.3196555520489823,2.2826255628446477,0.575,0.9837082626231857,0.9857818554477653,1.6036375270104244,0.6304736362169937,0.05020508305980078
basis_selection,no_inheritance,47,64,24,80,710,654,1364,4130,2919,1211,0.29322033898305083,80,74.83076923076923,15,9.5375,0.4295774647887324,0.0018011467270151304,0.00108385471828742,0.0041372867647501525,0.23880597014925373,-0.03681677869039933,0.0,0.0,0.2354120963092792,0.2530969491525424,0.6414906654990051,0.32074533274950257,2.2851267470836283,0.325,0.9097361225311662,0.9723096917706063,1.3914639760981176,0.6372509681612172,0.059261647778904705
basis_selection,no_inheritance,48,64,24,80,706,650,1356,4117,2846,1271,0.30871994170512507,80,74.56923076923077,19,9.975,0.45042492917847027,0.0014720974002441524,0.0010388287154485419,0.0037265422032273995,0.24875621890547264,-0.02422457547467973,0.0,0.0,0.2170841131837165,0.2641868350740831,0.6364255199333979,0.31821275996669895,2.2812337595851435,0.4875,0.9995491108252484,0.9865021868067071,1.6427514462387407,0.7348738327550359,0.05547045730455588
basis_selection,no_inheritance,49,64,24,80,711,655,1366,4151,2718,1433,0.3452180197542761,80,75.16923076923077,15,10.9125,0.49507735583684953,0.0012142492432904786,0.0009684704919917536,0.0036614840185682923,0.31840796019900497,-0.022140638128082188,0.0,0.0,0.22949154946929845,0.26907858347386177,0.6308662459941353,0.31543312299706766,2.275531125832326,0.45,0.9927744539878084,0.9898220135051319,1.4704516337858466,0.7117776890773192,0.05876766843282561
basis_selection,no_inheritance,50,64,24,80,685,629,1314,4165,2659,1506,0.3615846338535414,80,74.98461538461538,17,9.45,0.4656934306569343,0.0012857179327729045,0.001167951593147424,0.004348860685876331,0.3681592039800995,0.01448719184456097,0.0,0.0,0.20949494163171706,0.26904941176470587,0.6391900738347681,0.31959503691738406,2.2792552954710366,0.5,1.0,0.9920231247596003,1.6618547237012682,0.689829856692408,0.0561602792377455
basis_selection,no_inheritance,51,64,24,80,737,681,1418,4166,2836,1330,0.31925108017282766,80,75.8,13,9.1125,0.4531886024423338,0.001777319927526156,0.0010547863181322688,0.0037543504715275636,0.21890547263681592,-0.0497583731739858,0.0,0.0,0.2576131455926852,0.26047527604416704,0.6233232748331317,0.31166163741656583,2.2621375693279,0.45,0.9927744539878084,0.9781543144439866,1.6876102207241395,0.6924184687642833,0.06259459506800012
basis_selection,no_inheritance,52,64,24,80,682,626,1308,3930,2640,1290,0.3282442748091603,80,71.32307692307693,13,8.925,0.4530791788856305,0.00047634982139407,0.0013150873283656146,0.005279234757776134,0.6318407960199005,0.038877848456302606,0.0,0.0,0.2420373242136909,0.26503531806615777,0.6351875172562237,0.31759375862811184,2.2793133134119814,0.5125,0.9995491108252484,0.9880967167932265,1.6727262723891614,0.6730738435641205,0.06226094050463259
basis_selection,no_inheritance,53,64,24,80,694,638,1332,4171,2711,1460,0.35003596259889713,80,75.21538461538462,15,10.0375,0.4755043227665706,0.0010740415111584866,0.0009394915710424914,0.0032325995259523156,0.3383084577114428,0.02590143306947434,0.0,0.0,0.23274778138500307,0.26035837928554306,0.6419234496997696,0.3209617248498848,2.291270358362338,0.4,0.9709505944546686,0.9836036263611846,1.4903517317043546,0.7147810762438443,0.06237667225510067
basis_selection,no_inheritance,54,64,24,80,674,618,1292,4105,2516,1589,0.387088915956151,80,73.8923076923077,14,9.825,0.4599406528189911,0.0027407402025230003,0.0008216966981465154,0.0028045824554806913,0.08955223880597014,-0.02955710307546774,0.0,0.0,0.19180524436854982,0.2687570280146164,0.6392893536386436,0.3196446768193218,2.2791126599567697,0.5,1.0,0.9890317933495029,1.605130559083338,0.7307909996662916,0.05066611674957459
basis_selection,no_inheritance,55,64,24,80,675,619,1294,4140,2489,1651,0.398792270531401,80,74.44615384615385,13,8.7625,0.46814814814814815,0.00014768512934603024,0.0012584927179831577,0.004458979483400732,0.7810945273631841,0.023593231495627854,0.0,0.0,0.19388668271998308,0.2739198067632851,0.6318115983702421,0.3159057991851211,2.2709894782578797,0.475,0.99819587904281,0.9915477319401628,1.5664691999147102,0.7126533398390787,0.05388311279143038
basis_selection,no_inheritance,56,64,24,80,686,630,1316,4104,2579,1525,0.371588693957115,80,74.06153846153846,16,10.325,0.48104956268221577,0.0004954221107431904,0.001119529223325947,0.0038824257689556627,0.5422885572139303,0.001530014027137417,0.0,0.0,0.22716385071027437,0.2638604288499026,0.6205653823246908,0.3102826911623454,2.2567300097819656,0.45,0.9927744539878084,0.9829537326626168,1.5709330461840352,0.7256613018026898,0.05811082897301732
basis_selection,no_inheritance,57,64,24,80,705,649,1354,4119,2877,1242,0.30152949745083757,80,74.58461538461539,13,7.65,0.43546099290780144,0.0017428856858267387,0.0010031984738962574,0.004202398941677437,0.1791044776119403,-0.05100837981379724,0.0,0.0,0.23944109294554292,0.2575585336246662,0.6393812780531181,0.31969063902655903,2.2880762679248523,0.3875,0.9631672450918832,0.9779746582219406,1.5360238355931544,0.6348109017911812,0.06047773565275021
basis_selection,no_inheritance,58,64,24,80,729,673,1402,4087,2661,1426,0.34891118179593833,80,74.46153846153847,16,10.4,0.4897119341563786,0.00023410492852352863,0.0010876278254222458,0.004356095464809648,0.681592039800995,-0.02996248178694106,0.0,0.0,0.2098904151579593,0.2810804012723269,0.6386850656130119,0.31934253280650593,2.2806350863360243,0.475,0.99819587904281,0.9960869213522076,1.6505074672771483,0.6603641387296918,0.05342852177280194
basis_selection,no_inheritance,59,64,24,80,704,648,1352,4099,2771,1328,0.3239814588924128,80,74.26153846153846,14,8.725,0.46448863636363635,0.0009436423551355162,0.0010018862187357157,0.003390321591267915,0.3681592039800995,0.025829086285595115,0.0,0.0,0.21538186749449845,0.25887123688704566,0.6467462748621565,0.32337313743107826,2.2908058756552823,0.45,0.9927744539878084,0.9761693632585597,1.585527079522802,0.6665726267174811,0.05634032923018192
basis_selection,no_inheritance,60,64,24,80,683,627,1310,4156,2672,1484,0.3570741097208855,80,74.81538461538462,13,8.8125,0.4685212298682284,6.598624844915196e-06,0.0010693705613021602,0.0039679084524945184,1.0,0.01873153450724637,0.0,0.0,0.22142674669746293,0.2628833493743985,0.6372698527564258,0.3186349263782129,2.284714990299978,0.4,0.9709505944546686,0.9791501529032673,1.4940585313228554,0.7258721618984006,0.06085644697972529
basis_selection,no_inheritance,61,64,24,80,725,669,1394,4173,2638,1535,0.3678408818595734,80,75.72307692307692,18,10.85,0.46482758620689657,2.1884728920623956e-06,0.0010220970098552276,0.004103324409671056,1.0,0.045864866880105944,0.0,0.0,0.22907099530954544,0.26524447639587834,0.6361255489203745,0.31806277446018727,2.275651366135962,0.4625,0.9959386076315955,0.9892434788945963,1.6448551324974425,0.701752994673352,0.06154182666071511
basis_selection,no_inheritance,62,64,24,80,719,663,1382,4199,2714,1485,0.3536556322934032,80,76.03076923076924,14,8.0875,0.4951321279554937,0.0025271286471690024,0.0008359961603461607,0.003244162018756734,0.10945273631840796,-0.01500099483844929,0.0,0.0,0.2173748429503105,0.265769278399619,0.6327975041387156,0.3163987520693578,2.2723733523384784,0.35,0.934068055375491,0.9839886419321514,1.4165887144178104,0.7602917346227565,0.058094384055083825
basis_selection,no_inheritance,63,64,24,80,670,614,1284,3901,2629,1272,0.32607023840041016,80,70.6923076923077,16,9.475,0.48955223880597015,0.0005325026882584977,0.0011708546070851227,0.004195297895299828,0.5920398009950248,0.06890446797202285,0.0,0.0,0.21195439725535686,0.26258918226095873,0.6247378170663157,0.31236890853315785,2.2661361470405414,0.5125,0.9995491108252484,0.9744405835263871,1.7061652607636355,0.7341767994097746,0.057024927583164
basis_selection,no_inheritance,64,64,24,80,723,667,1390,4100,2529,1571,0.3831707317073171,80,74.56923076923077,15,11.3125,0.48686030428769017,0.00024642513368991655,0.0009879493121848504,0.004541938205142558,0.6268656716417911,-0.008564296475822825,0.0,0.0,0.20894736240541922,0.27591882926829275,0.6357845232179424,0.3178922616089712,2.278894938734598,0.375,0.9544340029249649,0.9775464872742416,1.5479385318434533,0.7161507782571092,0.0601290303390839
basis_selection,no_inheritance,65,64,24,80,728,672,1400,4074,2823,1251,0.3070692194403535,80,74.24615384615385,17,10.9125,0.49038461538461536,0.0015212842895197549,0.0009297820373757995,0.0033072065669962794,0.19900497512437812,0.0029843187683336143,0.0,0.0,0.24581446313318273,0.26168247422680413,0.6290243796254276,0.3145121898127138,2.274624351216015,0.425,0.9837082626231857,0.9787405758657479,1.6566371354043774,0.6490509160214014,0.06523136409415503
basis_selection,no_inheritance,66,64,24,80,697,645,1342,4144,2479,1665,0.4017857142857143,76,74.84615384615384,13,7.552631578947368,0.45911047345767575,0.0007402371909742255,0.0010404601689214445,0.0035149913899885617,0.4577114427860697,0.01789604640156895,0.0,0.0,0.2218428854181972,0.27152297297297295,0.6359093558018019,0.31795467790090093,2.2758162416421333,0.4342105263157895,0.9874750082985964,0.9949366666315266,1.4471377131318899,0.663398315008564,0.06411907805488888
basis_selection,no_inheritance,67,64,24,80,701,645,1346,4101,2615,1486,0.3623506461838576,80,74.24615384615385,13,8.1,0.48787446504992865,0.0012178465670161353,0.0009904672602341212,0.003304653225133347,0.25870646766169153,-0.031686260605864325,0.0,0.0,0.22051998425966318,0.2578833455254816,0.6356697497476743,0.31783487487383716,2.2828922117821024,0.4375,0.9886994082884974,0.9775765022889594,1.5551754256969,0.7238922204928996,0.0655790711503567
basis_selection,no_inheritance,68,64,24,80,710,654,1364,3973,2776,1197,0.3012836647369746,80,72.41538461538461,21,12.4625,0.4943661971830986,0.00045869675981955946,0.0010258479241291732,0.004011741520542876,0.5472636815920398,-0.02899623468718312,0.0,0.0,0.23287795796203084,0.2627059652655424,0.6264976375405388,0.3132488187702694,2.2639983668596684,0.4625,0.9959386076315955,0.9817523298828137,1.5648884594463859,0.7984109640718078,0.05911099265625658
basis_selection,no_inheritance,69,64,24,80,722,667,1389,4041,2747,1294,0.32021776787923784,79,73.64615384615385,18,12.443037974683545,0.48337950138504154,0.0002680328045113183,0.0009920060382975387,0.004201677971698219,0.6119402985074627,0.012526743835695762,0.0,0.0,0.23532392703264798,0.25627171492204903,0.646869942702189,0.3234349713510945,2.291877497334007,0.43037974683544306,0.9859690274511929,0.9756476904441961,1.5780780872088245,0.6443318410532555,0.06320876690732659
basis_selection,no_inheritance,70,64,24,80,695,639,1334,4119,2685,1434,0.3481427530954115,80,74.43076923076923,13,8.8,0.4330935251798561,0.004616970161694628,0.001275603102146451,0.004630080165731562,0.05970149253731343,-0.06672620152272173,0.0,0.0,0.23478406116194311,0.254733381888808,0.6395180713510391,0.31975903567551955,2.2827139569162513,0.5125,0.9995491108252484,0.974409962719643,1.5507455815203597,0.6780890525394815,0.0683252976321514
basis_selection,no_inheritance,71,64,24,80,738,682,1420,4079,2853,1226,0.3005638636920814,80,74.47692307692307,16,10.4125,0.481029810298103,0.0005092864052030788,0.000979069083775474,0.0033207519497036216,0.5522388059701493,0.06136150536410584,0.0,0.0,0.23945518984015468,0.26937729835744056,0.6440932286314598,0.3220466143157299,2.2930839818570083,0.525,0.99819587904281,0.9830800955744767,1.6545216454182778,0.7253510629883946,0.06634433291355737
basis_selection,no_inheritance,72,64,24,80,715,668,1383,3993,2698,1295,0.3243175557225144,71,72.8,16,10.549295774647888,0.4643356643356643,0.0007368013572668121,0.0011557652074112952,0.003886326782774321,0.46766169154228854,-0.029753907245097855,0.0,0.0,0.21146196919287513,0.26943741547708494,0.6403988320036331,0.32019941600181656,2.2898961702608167,0.38028169014084506,0.9582407282588408,0.9905758907679215,1.4494285329807763,0.7258130654271375,0.05932075346732815
basis_selection,no_inheritance,73,64,24,80,742,686,1428,3971,2722,1249,0.31453034500125915,80,72.87692307692308,13,7.7375,0.4946091644204852,0.004274952085639036,0.0008970809989023258,0.0035494401081554647,0.03482587064676617,0.02592401629367802,0.0,0.0,0.24013714407755735,0.27278740871317053,0.6443992912519348,0.3221996456259674,2.2931637013824195,0.425,0.9837082626231857,0.9924038699613513,1.5712088262195045,0.709953157883746,0.06439243061680945
basis_selection,no_inheritance,74,64,24,80,718,662,1380,4187,2668,1519,0.3627895868163363,80,75.83076923076923,22,13.275,0.4582172701949861,0.0020006170393017265,0.0008835495787043462,0.0037517914154079866,0.15422885572139303,-0.02470765949890078,0.0,0.0,0.2133007900731333,0.2752553140673514,0.637038465682688,0.318519232841344,2.278860554399457,0.425,0.9837082626231857,0.9902610022432423,1.5333370680246343,0.6388861466779582,0.06114162885120611
basis_selection,no_inheritance,75,64,24,80,679,623,1302,4045,2461,1584,0.3915945611866502,80,73.04615384615384,15,9.4875,0.46244477172312226,0.0010777181257447237,0.0010289574940595798,0.003945146258565582,0.36318407960199006,-0.0014576723217227688,0.0,0.0,0.20587159871666447,0.2703872435105068,0.6286502812512165,0.31432514062560823,2.268749450300415,0.4875,0.9995491108252484,0.9872593937394107,1.591093168347514,0.6944790502808027,0.05777151666740514
basis_selection,no_inheritance,76,64,24,80,664,608,1272,4114,2599,1515,0.3682547399124939,80,73.87692307692308,15,9.075,0.4563253012048193,0.0002688697610831589,0.0011117113260790076,0.004692430408925258,0.6417910447761194,0.0630484051312042,0.0,0.0,0.21662606965086073,0.24959066601847352,0.6371588355375395,0.31857941776876975,2.2802534616284804,0.3875,0.9631672450918832,0.9687916973412,1.5493570246433166,0.6417774724712666,0.058149733092994524
basis_selection,no_inheritance,77,64,24,80,652,596,1248,4133,2435,1698,0.41083958383740626,80,73.98461538461538,17,10.2375,0.44631901840490795,0.0020525518679177894,0.0011895697555083648,0.004934444681724144,0.20398009950248755,-0.06625811295843573,0.0,0.0,0.19005090525397145,0.2700065811759014,0.6323922339274649,0.31619611696373245,2.275009721912942,0.4125,0.9777945702913884,0.9916531685647134,1.5255483076915752,0.6873556986064985,0.0540057836201092
basis_selection,no_inheritance,78,64,24,80,707,651,1358,4082,2601,1481,0.36281234688878,80,74.04615384615384,16,9.2,0.4512022630834512,0.0015697712322006972,0.0010370615306110106,0.0040562189632627164,0.26865671641791045,0.06920164723724638,0.0,0.0,0.22118883260735975,0.26469122978931897,0.6431330845626096,0.3215665422813048,2.289267262708559,0.4875,0.9995491108252484,0.9870278702804672,1.5173725869153583,0.6296575463465757,0.06010601867977889
basis_selection,no_inheritance,79,64,24,80,712,656,1368,4067,2584,1483,0.36464224243914434,80,73.8923076923077,15,8.825,0.4705056179775281,0.000350346161130736,0.001115952308419844,0.003912749134368773,0.6517412935323383,0.06193629536895396,0.0,0.0,0.21535881691967307,0.26214320137693636,0.6358548907731618,0.3179274453865809,2.277365523758316,0.5,1.0,0.984818078966244,1.6721531922237816,0.7214752289899052,0.06320327047162874
basis_selection,no_inheritance,80,64,24,80,738,682,1420,4159,2669,1490,0.3582591969223371,80,75.70769230769231,14,9.0875,0.44579945799457993,0.00143387062033422,0.0011092432287236143,0.004334797828020782,0.2835820895522388,-0.0594118830582946,0.0,0.0,0.23318039606138743,0.26654801635008424,0.6298926617810287,0.3149463308905143,2.275755780208839,0.4625,0.9959386076315955,0.9850528709964133,1.5789872061704944,0.7450860936061404,0.06395369306887021
basis_selection,no_inheritance,81,64,24,80,708,652,1360,4054,2679,1375,0.33917118894918596,80,73.63076923076923,14,8.275,0.4703389830508475,5.614165274386114e-06,0.000929411652210706,0.003107590124201535,1.0,-0.0902315258031003,0.0,0.0,0.23665336289726532,0.26293339911198815,0.6398922421092607,0.31994612105463033,2.283684886924973,0.5125,0.9995491108252484,0.9810758554540843,1.5600412823632621,0.652042555179363,0.05910696470855099
basis_selection,no_inheritance,82,64,24,80,699,644,1343,4187,2617,1570,0.37497014568903747,79,75.53846153846153,17,10.708860759493671,0.474964234620887,0.0002037703563186697,0.0011794696700156528,0.003944657295195882,0.746268656716418,0.020242514056265974,0.0,0.0,0.22300876146338694,0.2646558395032243,0.6330782646933174,0.3165391323466587,2.2708077754176315,0.3924050632911392,0.966334094295981,0.9907362479094147,1.5545939612668591,0.6486837784080435,0.06106268284428545
basis_selection,no_inheritance,83,64,24,80,722,666,1388,4186,2598,1588,0.37935977066411847,80,75.87692307692308,14,9.2125,0.4889196675900277,0.0005332075490910417,0.0010637057872472796,0.004217577817970651,0.5074626865671642,-0.01379870097181502,0.0,0.0,0.22521594587874644,0.2732923076923077,0.6350822798201838,0.3175411399100919,2.27323297382987,0.4625,0.9959386076315955,0.993173746454436,1.5706954083539828,0.7206838475614791,0.055784884842405756
basis_selection,no_inheritance,84,64,24,80,724,668,1392,4052,3001,1051,0.2593780848963475,80,73.84615384615384,15,10.425,0.47928176795580113,0.0013951633492577734,0.0010496129358990756,0.002918560321340566,0.27860696517412936,-0.04829996202859453,0.0,0.0,0.22791012489881607,0.2551164856860809,0.6300458719405463,0.31502293597027314,2.2726363773251737,0.4125,0.9777945702913884,0.9758987205233727,1.6537921146280918,0.7483346696415161,0.061530069608417316
basis_selection,no_inheritance,85,64,24,80,667,611,1278,4261,2524,1737,0.40765078620042244,80,76.18461538461538,11,6.875,0.4827586206896552,0.0002926829036230122,0.0012993297510078916,0.004401961945259259,0.7064676616915423,-0.06975935761851461,0.0,0.0,0.1908405068532159,0.2659277164984745,0.6349747956218983,0.31748739781094915,2.276196101075794,0.5375,0.9959386076315955,0.9897059324012367,1.653069105030942,0.6985271419901808,0.05213112426382267
basis_selection,no_inheritance,86,64,24,80,749,693,1442,4051,2887,1164,0.28733646013330044,80,74.21538461538462,14,9.4,0.45794392523364486,0.001102563057748628,0.000988610547449184,0.0034416948583717855,0.3283582089552239,-0.035563762727922964,0.0,0.0,0.22752335059491247,0.25580498642310545,0.650786435363819,0.3253932176819095,2.298462863078165,0.55,0.9927744539878084,0.973241981620128,1.6304646947001213,0.642557580674682,0.05767028276417175
basis_selection,no_inheritance,87,64,24,80,684,628,1312,4012,2441,1571,0.3915752741774676,80,72.61538461538461,15,8.875,0.48830409356725146,0.0012794650761316709,0.0009989885911735534,0.004248433515630953,0.26865671641791045,-0.03703355723905656,0.0,0.0,0.2105642401472906,0.2688907278165504,0.6390256042283254,0.3195128021141627,2.2819583428888306,0.4625,0.9959386076315955,0.984298141445356,1.576174838646687,0.7399155452418251,0.05818039401237963
basis_selection,no_inheritance,88,64,24,80,706,650,1356,4075,2791,1284,0.3150920245398773,80,73.92307692307692,16,10.225,0.46458923512747874,6.234217119617394e-05,0.0009345054026359242,0.0035713897500252445,0.845771144278607,0.01223777849188628,0.0,0.0,0.24256563808531922,0.25319626993865035,0.636941334929606,0.318470667464803,2.2780072606536095,0.5125,0.9995491108252484,0.9759128309745223,1.5940270653342328,0.745456253997883,0.06812613195829725
basis_selection,no_inheritance,89,64,24,80,688,632,1320,4135,2567,1568,0.37920193470374847,80,74.56923076923077,14,8.8375,0.4476744186046512,0.0029148276453645483,0.0011643970829839304,0.005070010425025997,0.15422885572139303,-0.03215308437445712,0.0,0.0,0.1890432997359039,0.2706858524788392,0.6293371209879483,0.3146685604939741,2.273291926222337,0.5125,0.9995491108252484,0.9826072539043261,1.6720133750186659,0.6813214222235532,0.05316370558932285
basis_selection,no_inheritance,90,64,24,80,743,687,1430,4079,2782,1297,0.317970090708507,80,74.55384615384615,20,12.85,0.46433378196500674,0.00029254165220668656,0.0009567699602352797,0.003218578073255006,0.6218905472636815,-0.018352279109868027,0.0,0.0,0.2599517523437129,0.25955430252512873,0.6298243981732857,0.31491219908664286,2.2691796159569453,0.4375,0.9886994082884974,0.9776223466787659,1.5341908625812022,0.7373600278721365,0.0694891365018694
basis_selection,no_inheritance,91,64,24,80,727,671,1398,4093,2717,1376,0.3361837283166382,80,74.52307692307693,14,10.5,0.45529573590096284,0.00023682933135926645,0.001270635482124566,0.004871727120103916,0.7611940298507462,0.05372078161008027,0.0,0.0,0.2343264498838455,0.2581753237234303,0.6333175441127582,0.3166587720563791,2.2758186151874926,0.425,0.9837082626231857,0.9811086619884358,1.4279474656515945,0.6618958985290064,0.060277929776956465
basis_selection,no_inheritance,92,64,24,80,701,645,1346,4009,2603,1406,0.35071090047393366,80,72.83076923076923,19,11.2625,0.4579172610556348,0.0021984521919823433,0.0009221874620731893,0.004120931021223351,0.13930348258706468,-0.06768291776120644,0.0,0.0,0.2337918333285373,0.2619547019206785,0.6262134659095491,0.31310673295477454,2.2692304492136657,0.4125,0.9777945702913884,0.9748405620074129,1.4391084950281237,0.7039639427165731,0.05931739642178257
basis_selection,no_inheritance,93,64,24,80,722,666,1388,4093,2737,1356,0.331297336916687,80,74.44615384615385,15,8.1875,0.45290858725761773,0.0019824008007158916,0.0009684458758142142,0.0037801906296731393,0.18407960199004975,-0.04295729731148589,0.0,0.0,0.22711258164890574,0.263605668214024,0.6212044330979255,0.31060221654896275,2.259549453146905,0.5125,0.9995491108252484,0.972856833062847,1.655800572105092,0.6994479692039764,0.05823455144317771
basis_selection,no_inheritance,94,64,24,80,656,600,1256,3946,2796,1150,0.2914343639128231,80,71.16923076923077,15,8.025,0.49085365853658536,0.0023545361001531505,0.001075402317548585,0.005204251090190803,0.16417910447761194,0.02840536139504839,0.0,0.0,0.22855535320333437,0.24728271667511403,0.636912524242808,0.318456262121404,2.2818523743261,0.4875,0.9995491108252484,0.9558775312453984,1.5208106626567564,0.6763623020059414,0.06352702692635431
basis_selection,no_inheritance,95,64,24,80,694,638,1332,4240,2632,1608,0.37924528301886795,80,76.27692307692308,15,9.7875,0.47262247838616717,8.870408686683946e-05,0.0009928251361256831,0.00361318346188105,0.7960199004975125,-0.004901883352903948,0.0,0.0,0.1960090786316036,0.26907075471698116,0.637221698643827,0.3186108493219135,2.281841591606851,0.5125,0.9995491108252484,0.9833401854898084,1.6368987777033823,0.7777831455402755,0.0545239631541474
basis_selection,no_inheritance,96,64,24,80,670,614,1284,3979,2617,1362,0.3422970595627042,80,71.8923076923077,16,9.8625,0.4253731343283582,0.005726485557934084,0.0010149100448317383,0.0034625799987688874,0.029850746268656716,0.0016528140635657033,0.0,0.0,0.21337271487813114,0.25835647147524504,0.6218952736567476,0.3109476368283738,2.267090460369823,0.4375,0.9886994082884974,0.9720884576561705,1.550794952976783,0.7538012797442017,0.05809710580952112
basis_selection,no_inheritance,97,64,24,80,722,666,1388,4201,2785,1416,0.337062604141871,80,76.1076923076923,19,10.3,0.4792243767313019,1.3997972186527647e-06,0.0009809537279000804,0.0033089307247217642,1.0,-0.03554945980916128,0.0,0.0,0.2249926703865821,0.2524605570102357,0.6159831894435402,0.3079915947217701,2.2547815640277755,0.45,0.9927744539878084,0.9745825479678624,1.545856148394399,0.6981568936648171,0.0622768600962773
basis_selection,no_inheritance,98,64,24,80,668,612,1280,4173,2514,1659,0.39755571531272466,80,74.84615384615384,12,8.45,0.47904191616766467,0.00013890243424823697,0.0015466994179986332,0.006129668923687063,0.8059701492537313,-0.03859237885659177,0.0,0.0,0.21398579830224523,0.260114162473041,0.6302163916081551,0.31510819580407756,2.2735824599033876,0.4,0.9709505944546686,0.9824845114604139,1.5794261027185192,0.7118554012691484,0.057023374793821656
basis_selection,no_inheritance,99,64,24,80,705,649,1354,3994,2666,1328,0.3324987481221833,80,72.66153846153846,14,8.5625,0.4652482269503546,6.813985310013095e-05,0.0009042877856258863,0.003463110930698978,0.8706467661691543,-0.00011666412158939772,0.0,0.0,0.20800079424416118,0.26426700050075114,0.6324006314395003,0.31620031571975016,2.272849262116779,0.4375,0.9886994082884974,0.9824368750912594,1.5487712323240332,0.7160094755174115,0.054361462072929106
basis_selection,no_inheritance,100,64,24,80,733,677,1410,4123,2844,1279,0.3102110113994664,80,75.07692307692308,16,10.875,0.4542974079126876,0.001457904885904509,0.0008107010738048258,0.003133212355403505,0.22885572139303484,0.018180548616433374,0.0,0.0,0.24661040305450244,0.25842105263157894,0.6340514963039463,0.31702574815197315,2.28167773623327,0.4375,0.9886994082884974,0.9781830360070095,1.4829509949420616,0.7180099649110346,0.06629474957216927
basis_selection,no_inheritance,101,64,24,80,738,682,1420,4085,2959,1126,0.27564259485924114,80,74.56923076923077,17,10.9125,0.47289972899729,4.691399465246585e-05,0.0011096942458588875,0.004430740413582025,0.8706467661691543,-0.03764783046744718,0.0,0.0,0.2422001451135793,0.25797630354957163,0.6262346145526083,0.31311730727630416,2.267749599744538,0.475,0.99819587904281,0.9764895105282992,1.5424566479046848,0.7962072018771919,0.06536730942382574
basis_selection,no_inheritance,102,64,24,80,734,678,1412,4044,2843,1201,0.2969831849653808,80,73.87692307692308,15,10.4125,0.46866485013623976,8.927589856066965e-05,0.0010997130198177182,0.003576663138519949,0.8109452736318408,0.03213558395807737,0.0,0.0,0.2586692923771575,0.24782908011869437,0.6419282958103978,0.3209641479051989,2.284785048048148,0.4125,0.9777945702913884,0.966692375903035,1.6311092135386747,0.7323736535887545,0.07072034524288222
basis_selection,no_inheritance,103,64,24,80,699,643,1342,4089,2686,1403,0.343115676204451,80,74.03076923076924,16,9.975,0.45350500715307585,0.00034122296789949966,0.0010380851251656845,0.0036223775519372485,0.6417910447761194,0.013448703931497339,0.0,0.0,0.22589400714916277,0.26584798239178287,0.6414869096159941,0.32074345480799704,2.2873433019529124,0.525,0.99819587904281,0.9864736190331638,1.6238165764129406,0.6570118799231168,0.06512578618044906
basis_selection,no_inheritance,104,64,24,80,741,685,1426,4016,2819,1197,0.2980577689243028,80,73.55384615384615,15,8.825,0.47368421052631576,9.082478026850365e-05,0.0008839708529760995,0.0033877475316736842,0.746268656716418,-0.02307927814865381,0.0,0.0,0.25333203048661324,0.2645916334661355,0.6381619539244698,0.3190809769622349,2.2859983849333476,0.325,0.9097361225311662,0.9856789992484369,1.4784193540710677,0.6766392818137729,0.06826565748956367
basis_selection,no_inheritance,105,64,24,80,668,612,1280,3973,2556,1417,0.3566574377045054,80,71.76923076923077,16,8.5625,0.4535928143712575,0.0017382174954118576,0.0011844061316772215,0.005207501066334021,0.26865671641791045,-0.03373346513767102,0.0,0.0,0.21195013963486742,0.26377719607349615,0.623639134756413,0.3118195673782065,2.2600890209746596,0.475,0.99819587904281,0.9799010644503692,1.5764269734704983,0.7139874891924389,0.06466889612105473
basis_selection,no_inheritance,106,64,24,80,672,621,1293,3931,2621,1310,0.3332485372678708,75,71.18461538461538,16,9.213333333333333,0.4836309523809524,1.2708031161736007e-06,0.001284117953001185,0.005266133407013321,1.0,-0.03966651183945831,0.0,0.0,0.2056478189959836,0.2736841516153651,0.6433584512924903,0.3216792256462451,2.29196239088785,0.4666666666666667,0.9967916319816366,0.9889398198784811,1.5561130789576998,0.6081603860318061,0.055754502383101624
basis_selection,no_inheritance,107,64,24,80,703,647,1350,4057,2707,1350,0.3327581957111166,80,73.6,13,8.6,0.48079658605974396,0.0005622728341943724,0.0012547764061117096,0.005069147768577437,0.572139303482587,-0.02953340562879055,0.0,0.0,0.21707618233493342,0.27290165146660095,0.6282786592508034,0.3141393296254017,2.267360651377071,0.4875,0.9995491108252484,0.9892143529605638,1.4458315210707293,0.7450831704288332,0.057431599704214936
basis_selection,no_inheritance,108,64,24,80,711,655,1366,4197,2659,1538,0.36645222778174885,80,75.87692307692308,13,7.85,0.4739803094233474,0.00032145040170425323,0.0010163856871920126,0.004096641710885603,0.582089552238806,0.027819032424140678,0.0,0.0,0.22066752334998424,0.26288310698117706,0.6401702637091987,0.32008513185459936,2.287640461559922,0.45,0.9927744539878084,0.9799510439824505,1.5514306937844355,0.7379856563422236,0.06354789313923292
basis_selection,no_inheritance,109,64,24,80,712,656,1368,4153,2588,1565,0.3768360221526607,80,75.21538461538462,14,9.275,0.5154494382022472,0.0016858872318490144,0.0009334991036308187,0.003874441338000335,0.19900497512437812,-0.0629723637637467,0.0,0.0,0.22382313427492884,0.2656561521791476,0.6349795742813521,0.31748978714067605,2.2735075283238486,0.45,0.9927744539878084,0.9855074337388278,1.6322084613279308,0.6949333067101251,0.0684530644573918
basis_selection,no_inheritance,110,64,24,80,721,665,1386,4209,2812,1397,0.33190781658351154,80,76.21538461538462,15,9.1875,0.46879334257975036,0.0004744358600380135,0.001011551592319075,0.004118044906303225,0.47761194029850745,-0.03247338432310116,0.0,0.0,0.2168825873559182,0.2549769541458779,0.6332834704802056,0.3166417352401028,2.2748382951259245,0.4875,0.9995491108252484,0.974915732027506,1.5269640111955416,0.7044510244682382,0.062281658830953254
resource_selection,quantum,11,64,24,80,716,660,1376,4223,1498,2725,0.6452758702344304,80,76.35384615384615,15,9.1375,0.5698324022346368,0.013213523771078067,0.0010334159681015592,0.0039643301136073434,0.004975124378109453,0.9839290018661357,0.08100558659217877,0.4827586206896552,0.01769860869879869,0.4683176955630644,0.6707423638016927,0.33537118190084636,2.317089237974366,0.625,0.9544340029249649,0.9826656079498499,1.8526143702921096,0.42583075122513536,0.007753734510600669
resource_selection,quantum,12,64,24,80,738,682,1420,4269,1540,2729,0.6392597798079176,80,77.4,16,8.275,0.55420054200542,0.00505594609372392,0.000725373976923487,0.00274938568287312,0.009950248756218905,0.9848880919203824,0.07046070460704607,0.5384615384615384,0.0038727355348919246,0.4836671501432922,0.738158723015609,0.3690793615078045,2.4344448388099993,0.4875,0.9995491108252484,0.9736641373901787,1.743442311987009,0.3437742514018231,-8.411817566607713e-05
resource_selection,quantum,13,64,24,80,738,682,1420,4260,1556,2704,0.6347417840375587,80,77.26153846153846,14,8.5875,0.5826558265582655,0.015292805626815752,0.0009784414527590202,0.003634150775396505,0.004975124378109453,0.9815270478993389,0.08401084010840108,0.45161290322580644,0.005346098204064065,0.4709312824381748,0.7017731017901784,0.3508865508950892,2.341911107634647,0.65,0.934068055375491,0.9807586816664173,1.6978923251883464,0.35285826024151096,0.009273292336176677
resource_selection,quantum,14,64,24,80,780,724,1504,4194,1706,2488,0.5932284215546018,80,76.8923076923077,14,10.0625,0.5820512820512821,0.006605107270696138,0.000899344426760022,0.0033608654407853264,0.004975124378109453,0.9833058271644253,0.0782051282051282,0.6229508196721312,-0.013597292416002493,0.45780900691522936,0.6402059070730375,0.32010295353651874,2.2378065208048725,0.675,0.9097361225311661,0.9102446014540978,2.053419335289065,0.27766720698878494,0.0047243729205084205
resource_selection,quantum,15,64,24,80,763,707,1470,4218,1635,2583,0.612375533428165,80,77.0,16,10.1875,0.6251638269986893,0.045679910017161166,0.0009082849553382968,0.003523895886203398,0.004975124378109453,0.9835008465953399,0.08781127129750983,0.47761194029850745,0.0026044290134561443,0.4794097529346214,0.7146536152963464,0.3573268076481732,2.3682037233269377,0.4125,0.9777945702913884,0.9949036029668766,1.2973077992109787,0.412196138574476,-0.0019670040632831687
resource_selection,quantum,16,64,24,80,759,703,1462,4238,1629,2609,0.6156205757432751,80,77.24615384615385,19,10.6125,0.5915678524374176,0.02326918020797597,0.0008358234327546282,0.0029969798221729793,0.004975124378109453,0.9809052369071616,0.0922266139657444,0.5142857142857142,0.017761699379652857,0.47617307383676527,0.719846078528794,0.359923039264397,2.404398575434652,0.5375,0.9959386076315955,0.9806372694848222,1.7222732286553672,0.4200690960192027,0.0035463093639626704
resource_selection,quantum,17,64,24,80,720,664,1384,4277,1441,2836,0.663081599251812,80,77.24615384615385,15,9.2,0.5430555555555555,0.005409158949992207,0.0010280187197643496,0.0035488609662595117,0.01990049751243781,0.9733418305282433,0.06944444444444445,0.52,0.006486917921299795,0.49367436694128325,0.7626834100011644,0.3813417050005822,2.461864682950345,0.5,1.0,0.9871197418357504,1.7019283154373959,0.28273934227449155,0.0038038064194795642
resource_selection,quantum,18,64,24,80,765,709,1474,4230,1620,2610,0.6170212765957447,80,77.21538461538462,20,11.9,0.5176470588235295,0.0006298703831876321,0.0010751018377665419,0.003738191469640725,0.4427860696517413,0.9787205503769892,0.06535947712418301,0.48,0.02597103082031721,0.495978975311337,0.7753805177331914,0.3876902588665957,2.4726579964768094,0.425,0.9837082626231857,0.9850275626091399,1.4359226994217436,0.28535092317148236,0.015602836879432628
resource_selection,quantum,19,64,24,80,725,669,1394,4279,1463,2816,0.6580976863753213,80,77.35384615384615,14,8.9875,0.5834482758620689,0.013543673920341746,0.0010286821414633158,0.004644655391905086,0.004975124378109453,0.9688030221982524,0.08413793103448276,0.5245901639344263,0.017083231155405054,0.4884128993198774,0.7472813663115784,0.3736406831557892,2.432778488436153,0.2625,0.8304955225035799,0.9569613269959448,1.2555091432120709,0.3289869142901569,0.004764814724497063
resource_selection,quantum,20,64,24,80,760,704,1464,4231,1592,2639,0.6237296147482865,80,77.15384615384616,15,8.9,0.5986842105263158,0.022051740373439613,0.0010229864469355361,0.004293568460053073,0.004975124378109453,0.989266496117348,0.08947368421052632,0.6470588235294118,0.025892740475257137,0.4734503949008338,0.6989484726870161,0.34947423634350805,2.3602763411903167,0.375,0.9544340029249649,0.9632287540479261,1.302275962113682,0.5053187172614553,0.009349456725664604
resource_selection,quantum,21,64,24,80,721,665,1386,4295,1492,2803,0.6526193247962747,80,77.53846153846153,15,10.85,0.579750346740638,0.01188685861430041,0.001002386165922153,0.0038412722019455295,0.004975124378109453,0.9772146733034136,0.08321775312066575,0.5166666666666667,0.021324211502782936,0.4917322792855113,0.7582007149604663,0.37910035748023313,2.4581905305657843,0.45,0.9927744539878084,0.9522954899950894,1.487114611899408,0.30875763583356836,0.007199209628652861
resource_selection,quantum,22,64,24,80,837,781,1618,4176,1787,2389,0.5720785440613027,80,77.49230769230769,16,10.5875,0.5400238948626045,0.004220046345917966,0.0009840560711736291,0.0033149176363746974,0.03482587064676617,0.9845838893630094,0.07526881720430108,0.4444444444444444,-0.01579778975919313,0.47555166594586545,0.713348888782259,0.3566744443911295,2.3886909116775943,0.3,0.8812908992306927,0.9840298304189032,1.5267834744908844,0.34790725865464295,0.002971103349187478
resource_selection,quantum,23,64,24,80,722,666,1388,4262,1657,2605,0.6112153918348193,80,77.04615384615384,18,9.325,0.6398891966759003,0.056459715802285065,0.0009609047736536715,0.003255437669043736,0.004975124378109453,0.9945924883965587,0.07202216066481995,0.4423076923076923,0.005798542080848262,0.4363519259662192,0.5909082288206247,0.29545411441031233,2.2302686525382596,0.525,0.99819587904281,0.98948162529723,1.569710271251007,0.7548271912019808,-0.0004538486964016478
resource_selection,quantum,24,64,24,80,770,714,1484,4253,1678,2575,0.6054549729602633,80,77.64615384615385,15,9.1375,0.6077922077922078,0.026130699996019545,0.0008152694126477996,0.003377797917755967,0.004975124378109453,0.9860063072919736,0.08441558441558442,0.6307692307692307,0.014823470369056707,0.4740589281117281,0.7093931501331997,0.35469657506659985,2.395619068930508,0.3625,0.944738828646789,0.9632151794364173,1.339025985882996,0.5000203160323425,0.009419444671881794
resource_selection,quantum,25,64,24,80,757,701,1458,4249,1574,2675,0.6295598964462227,80,77.38461538461539,18,10.1375,0.5508586525759577,0.006732169899840108,0.001009018969576843,0.004087221848414785,0.014925373134328358,0.9756449215018624,0.08850726552179657,0.40298507462686567,0.021059534269960517,0.48216602866782166,0.7271635082857116,0.3635817541428558,2.389577762922705,0.3125,0.8960382325345575,0.9808288023273773,1.3848290591899621,0.3880721207982634,0.0034910267258764444
resource_selection,quantum,26,64,24,80,762,706,1468,4228,1717,2511,0.5938978240302744,80,77.13846153846154,17,10.825,0.6062992125984252,0.013740020407544913,0.0009459240437550042,0.0035166086326060293,0.004975124378109453,0.9802717211883402,0.08923884514435695,0.5,0.018474499774334296,0.4716265117347737,0.7001920383033445,0.35009601915167227,2.3804015892050514,0.3,0.8812908992306927,0.8968436123907745,1.0871420781793917,0.30478380200356514,0.004481431623568241
resource_selection,quantum,27,64,24,80,729,673,1402,4221,1524,2697,0.6389481165600569,80,76.52307692307693,16,10.85,0.49519890260631,5.0756364477719165e-05,0.0009121263088454852,0.0028947983068814687,0.8407960199004975,0.9602862545415952,0.0877914951989026,0.5,0.028940275216342737,0.4962268463931212,0.7735793261047733,0.38678966305238666,2.478936780719847,0.3625,0.944738828646789,0.9778326858549543,1.7168211065201433,0.2376497869255657,0.012467866778403657
resource_selection,quantum,28,64,24,80,728,672,1400,4252,1525,2727,0.6413452492944497,80,76.98461538461538,14,9.2625,0.5989010989010989,0.024201005183289104,0.0009367475722646588,0.0031074190271957593,0.004975124378109453,0.9840634277529846,0.07280219780219781,0.5094339622641509,0.006566068515497542,0.4738230183784885,0.6941047218991111,0.34705236094955555,2.3682602772264763,0.45,0.9927744539878084,0.9718879689180557,1.5897956483337303,0.5454120208844485,0.00044005632012913477
resource_selection,quantum,29,64,24,80,740,684,1424,4256,1586,2670,0.6273496240601504,80,77.23076923076923,14,9.675,0.5824324324324325,0.01669540266697201,0.0010189163500992663,0.0035043224958741757,0.004975124378109453,0.9950794858909111,0.06351351351351352,0.5319148936170213,0.00834696385213185,0.45596529687271253,0.6468902502519871,0.32344512512599355,2.2662896701639017,0.5875,0.9777945702913884,0.9854998268017604,1.7924952581337918,0.501432604216972,0.009612700689694163
resource_selection,quantum,30,64,24,80,657,601,1258,4310,1406,2904,0.6737819025522042,80,76.78461538461538,14,8.3125,0.5372907153729072,0.0037907383219748063,0.001108600948887819,0.004737415610456207,0.07462686567164178,0.9740391361354344,0.0806697108066971,0.5094339622641509,0.020652402565219746,0.49110517990981933,0.7553159699306088,0.3776579849653044,2.4368062869320015,0.5,1.0,0.979301641328658,1.834030730361615,0.3283107388278669,0.008863378211788267
resource_selection,quantum,31,64,24,80,733,677,1410,4270,1470,2800,0.6557377049180327,80,77.33846153846154,16,10.5,0.592087312414734,0.019799819634240406,0.000895286318050744,0.003471266692034601,0.004975124378109453,0.9741735255611058,0.07366984993178717,0.4074074074074074,0.0052055455499262215,0.4898136449780853,0.7543219001623573,0.37716095008117867,2.461305716930821,0.4125,0.9777945702913884,0.9667262753239466,1.3833358168816914,0.38725362988753026,0.004884851011084355
resource_selection,quantum,32,64,24,80,778,722,1500,4218,1613,2605,0.6175912754860123,80,77.23076923076923,16,10.1625,0.5694087403598972,0.009043613032314601,0.0010053572045542773,0.003915022152359461,0.009950248756218905,0.984106287793551,0.08354755784061697,0.5692307692307692,-0.003816743659599109,0.48115995854145094,0.7333146154848417,0.36665730774242083,2.423752756079252,0.4,0.9709505944546686,0.9691326197080216,1.399304454381187,0.350341214540349,0.0032500869515169235
resource_selection,quantum,33,64,24,80,754,698,1452,4254,1522,2732,0.6422190879172543,80,77.41538461538461,17,9.9125,0.5901856763925729,0.0026966198515315613,0.0010395361684614622,0.003841131378443848,0.11442786069651742,0.9822498937890182,0.08355437665782493,0.5555555555555556,-0.01560668337852969,0.46764984427922984,0.6816475549486163,0.34082377747430814,2.352885015998426,0.375,0.9544340029249649,0.9054347995328189,1.322127599475309,0.5589390779018024,-0.0020441503767907572
resource_selection,quantum,34,64,24,80,778,722,1500,4247,1558,2689,0.633152813750883,80,77.67692307692307,15,9.55,0.5308483290488432,0.0027439985823496764,0.000870144071405549,0.0032314130819784716,0.1044776119402985,0.9767269118943612,0.08868894601542417,0.5072463768115942,0.0003521692115401598,0.49217802988516723,0.7531923888123682,0.3765961944061841,2.4457550991088275,0.45,0.9927744539878084,0.9939909386166831,1.7300900791530822,0.2917319226162416,0.004901533286366937
resource_selection,quantum,35,64,24,80,731,675,1406,4265,1522,2743,0.6431418522860493,80,77.23076923076923,17,11.35,0.5581395348837209,0.009557471828492481,0.001068639101363061,0.003992238950181894,0.004975124378109453,0.9802868408235819,0.08071135430916553,0.5423728813559322,0.015467749519051333,0.47821494137224657,0.7190210959980782,0.3595105479990391,2.3776841590171145,0.45,0.9927744539878084,0.9785175357087588,1.6120795240526646,0.3778786636296945,0.016767687040704558
resource_selection,quantum,36,64,24,80,746,690,1436,4252,1578,2674,0.6288805268109126,80,77.26153846153846,19,11.9,0.5630026809651475,0.011188046726625205,0.0009292302104461857,0.003091140000830388,0.009950248756218905,0.9822033162731466,0.09517426273458444,0.43661971830985913,0.007145380009251245,0.4758713387457812,0.707944240254935,0.3539721201274675,2.343359324209594,0.5625,0.9886994082884974,0.9911865728530006,1.677454755276166,0.5501915603719485,0.005603140440135973
resource_selection,quantum,37,64,24,80,702,646,1348,4324,1490,2834,0.6554116558741906,80,77.6923076923077,18,10.1375,0.5997150997150997,0.025930943900820028,0.0011204320497480585,0.003587192717423821,0.004975124378109453,0.9836122874149338,0.0868945868945869,0.5737704918032787,0.006748795695785459,0.480538474306727,0.7112268989605591,0.35561344948027956,2.380567799516709,0.5125,0.9995491108252484,0.9822579741685695,1.6499804073459163,0.4061041486021756,0.0015317985111603094
resource_selection,quantum,38,64,24,80,729,673,1402,4247,1524,2723,0.6411584647986814,80,76.92307692307692,18,11.025,0.5692729766803841,0.008962548631245223,0.0009083768485268881,0.0037293453725240726,0.004975124378109453,0.9852704224062314,0.0823045267489712,0.5333333333333333,0.0034406286136355324,0.4778519885577777,0.7233710576551078,0.3616855288275539,2.416550321680657,0.4625,0.9959386076315955,0.9624794463858165,1.5534010754842709,0.31492484826049844,0.007265894251092296
resource_selection,quantum,39,64,24,80,759,703,1462,4245,1577,2668,0.6285041224970553,80,77.35384615384615,17,10.8875,0.5573122529644269,0.005475267837770456,0.0010425661514914064,0.00363476613773868,0.029850746268656716,0.9728848717405734,0.09090909090909091,0.5072463768115942,-0.0036260625282861225,0.4884009722685877,0.7500884811620545,0.37504424058102726,2.44220048680552,0.5625,0.9886994082884974,0.9731152126208926,1.6361525338973997,0.48754253535528774,-0.0009173128228179452
resource_selection,quantum,40,64,24,80,755,699,1454,4236,1585,2651,0.6258262511803588,80,77.15384615384616,18,9.5125,0.6463576158940397,0.06123162987092107,0.0010872369773890092,0.004580195908235889,0.004975124378109453,0.9914217940686083,0.07549668874172186,0.49122807017543857,0.010726788246388147,0.45852143841136067,0.643076928861555,0.3215384644307775,2.2761535522775005,0.5625,0.9886994082884974,0.9572209669854729,1.8299119919181266,0.5014583568752721,0.010765842221134376
resource_selection,quantum,41,64,24,80,766,710,1476,4262,1673,2589,0.6074612857813233,80,77.72307692307692,16,9.0375,0.6201044386422977,0.04250786309241257,0.0009485580132823074,0.0039768395583626125,0.004975124378109453,0.9834072965274817,0.08746736292428199,0.47761194029850745,0.027271422293381115,0.4719751906639756,0.6824833687563452,0.3412416843781726,2.3309333171378865,0.425,0.9837082626231857,0.9886921323956572,1.5535969451650984,0.5119002107313247,0.006641032986938799
resource_selection,quantum,42,64,24,80,716,660,1376,4281,1431,2850,0.6657323055360898,80,77.24615384615385,15,9.975,0.5837988826815642,0.017863120544166354,0.0008853049993801751,0.0037632501569129077,0.004975124378109453,0.9803264471527898,0.08100558659217877,0.5344827586206896,0.014137679338526526,0.4808993639259339,0.7202343766064468,0.3601171883032234,2.391935784936871,0.45,0.9927744539878084,0.9789604012829086,1.5773964156937013,0.30098841996845566,0.00802020585955304
resource_selection,quantum,43,64,24,80,746,690,1436,4267,1570,2697,0.6320599953128662,80,77.49230769230769,15,10.1,0.5536193029490617,0.008365771125251227,0.0011014386218790586,0.004100263450293438,0.009950248756218905,0.9780479786517315,0.07908847184986595,0.4915254237288136,0.027230136563816315,0.4824597610338092,0.7249296829977127,0.3624648414988563,2.392233032537432,0.5125,0.9995491108252484,0.9913201848982112,1.5943084897577258,0.4092882839225868,0.009585666487745654
resource_selection,quantum,44,64,24,80,756,700,1456,4283,1501,2782,0.6495447116507121,80,77.8923076923077,15,9.3875,0.5687830687830688,0.013955875668014171,0.0006713307734185424,0.002859273565671962,0.004975124378109453,0.9808856116252583,0.07936507936507936,0.5333333333333333,0.02484197221476986,0.487197547003379,0.7471455346241069,0.37357276731205347,2.422343282397716,0.5,1.0,0.9783153479274838,1.4305541908170976,0.38171043700022705,0.00550733263450695
resource_selection,quantum,45,64,24,80,714,658,1372,4272,1425,2847,0.6664325842696629,80,77.07692307692308,15,9.1,0.5602240896358543,0.010082616493965281,0.0010756857382372888,0.004469495044207048,0.004975124378109453,0.9567514995521352,0.0938375350140056,0.40298507462686567,0.003798692996538733,0.49276088360545556,0.7636409775540085,0.38182048877700425,2.4502299320620726,0.4875,0.9995491108252484,0.9861594406100103,1.8338713973211243,0.3407115069111249,0.003395181058788877
resource_selection,quantum,46,64,24,80,732,676,1408,4311,1523,2788,0.6467176989097657,80,77.95384615384616,18,10.7125,0.5710382513661202,0.012377929708043502,0.0007739716914861183,0.0028615638636697756,0.004975124378109453,0.9828777944498512,0.08469945355191257,0.5967741935483871,0.010973773746332904,0.48626003010732605,0.7463480780381127,0.3731740390190563,2.445948479401716,0.4875,0.9995491108252484,0.9718938265289151,1.6290685207052231,0.28617755544079826,0.006083545725545191
resource_selection,quantum,47,64,24,80,737,681,1418,4269,1520,2749,0.6439447177324901,80,77.38461538461539,16,10.925,0.5332428765264586,0.0030530394039179586,0.001240885367170043,0.004777769116049664,0.12437810945273632,0.9608015120136988,0.07462686567164178,0.5272727272727272,-0.007845956929237757,0.4940289211443668,0.7690211562394357,0.38451057811971784,2.45243873447626,0.4625,0.9959386076315955,0.9880591413173188,1.6609215659078949,0.38291295772759737,0.0032222254596471203
resource_selection,quantum,48,64,24,80,749,693,1442,4259,1635,2624,0.6161070673867105,80,77.41538461538461,14,9.9625,0.6088117489986649,0.03260519618657444,0.0008851853667578926,0.0028335758921307136,0.004975124378109453,0.9825653677209419,0.08544726301735647,0.53125,0.0077449770645368066,0.48230391453580984,0.724611949937186,0.362305974968593,2.3895222103385376,0.55,0.9927744539878084,0.9857785267617363,1.631017656075634,0.5051691958790748,0.011063790938471468
resource_selection,quantum,49,64,24,80,716,660,1376,4255,1477,2778,0.6528789659224442,80,76.84615384615384,18,10.0875,0.5544692737430168,0.0053803992973138065,0.0010410519818922386,0.004039243938587123,0.029850746268656716,0.9789422518915029,0.06284916201117319,0.4888888888888889,0.02382063471855303,0.4819675741799529,0.726163586365999,0.3630817931829995,2.383026777186193,0.475,0.99819587904281,0.9780410079387901,1.7156652798293135,0.37659284431310963,0.007257322207508685
resource_selection,quantum,50,64,24,80,756,700,1456,4219,1567,2652,0.628584972742356,80,76.9076923076923,16,10.2125,0.5661375661375662,0.005038998974138422,0.0011465482675224478,0.004483516717506401,0.05472636815920398,0.9762295876445605,0.06878306878306878,0.5769230769230769,0.003037282493309146,0.48744191457519553,0.7446527000306067,0.37232635001530334,2.4356452521142185,0.3625,0.944738828646789,0.9505911835884151,1.3375059157072333,0.430486227705214,-0.0010357887862788033
resource_selection,quantum,51,64,24,80,729,673,1402,4290,1510,2780,0.6480186480186481,80,77.58461538461539,14,8.7375,0.6049382716049383,0.023031678615088383,0.0010837929091915713,0.0038599949057840596,0.004975124378109453,0.9861982266955397,0.07133058984910837,0.38461538461538464,0.01486241966681226,0.4796979056637868,0.7123439086051592,0.3561719543025796,2.3803793447816006,0.4,0.9709505944546686,0.9589793803980616,1.4099383240922232,0.47439969090428863,0.0037920354703571495
resource_selection,quantum,52,64,24,80,769,713,1482,4217,1587,2630,0.6236661133507233,80,77.07692307692308,17,11.3875,0.5708712613784135,0.014036224855909621,0.0008450686165723759,0.003008308933600854,0.004975124378109453,0.9865601224438776,0.08322496749024708,0.421875,0.0016032805761391766,0.47115142778133123,0.6874718041207764,0.3437359020603882,2.3241533873575144,0.6375,0.9447388286467892,0.9616385589501081,1.9593086526065833,0.3734006434208318,-0.0004087028974549927
resource_selection,quantum,53,64,24,80,743,687,1430,4273,1584,2689,0.6293002574303768,80,77.53846153846153,16,9.4,0.5962314939434724,0.026550820022182765,0.001011372205594119,0.003860868820697541,0.004975124378109453,0.9883380256332636,0.06460296096904442,0.5833333333333334,-0.006303838149679941,0.4737797967635513,0.7080865333615133,0.35404326668075664,2.372489039857919,0.5,1.0,0.993867574137054,1.5899231966778378,0.4607206516570682,-0.00010181543102404327
resource_selection,quantum,54,64,24,80,741,685,1426,4282,1566,2716,0.6342830453059318,80,77.64615384615385,14,8.225,0.6194331983805668,0.019362375242188888,0.0007170205174953622,0.0027224352910428557,0.004975124378109453,0.9768121689611187,0.09851551956815115,0.5068493150684932,0.010522070894561919,0.47773974328765156,0.7156456930613877,0.35782284653069385,2.401789867914414,0.2375,0.79085809055281,0.925862517578939,1.3155092815692,0.4779997548896068,0.008394033352960076
resource_selection,quantum,55,64,24,80,715,659,1374,4279,1502,2777,0.6489834073381632,80,77.2,17,11.0875,0.5706293706293706,0.008232068207298895,0.001000907610979481,0.003962119285355516,0.009950248756218905,0.9813051010573561,0.06993006993006994,0.52,-0.0002522765598650667,0.47760821411634163,0.7154732373715293,0.3577366186857647,2.3773462110057992,0.4,0.9709505944546686,0.9734831503642002,1.1449796647792483,0.4486543110104709,0.0042534503713057914
resource_selection,quantum,56,64,24,80,716,660,1376,4277,1520,2757,0.6446107084404957,80,77.18461538461538,20,10.1875,0.5656424581005587,0.01226585408040598,0.000946959304534678,0.003653843585958029,0.004975124378109453,0.9837604812926074,0.07402234636871509,0.5471698113207547,0.0006028634370880415,0.4763265045759041,0.7117161537201113,0.35585807686005566,2.381316865346894,0.5,1.0,0.9908868119116873,1.604039635341044,0.41254492266670334,0.004757573350591916
resource_selection,quantum,57,64,24,80,715,659,1374,4309,1531,2778,0.6446971455093989,80,77.66153846153846,16,9.2,0.6125874125874126,0.026563880976443507,0.0010525017829693991,0.004274441345292955,0.004975124378109453,0.985393668493755,0.08111888111888112,0.4827586206896552,-0.003342608302228267,0.4700251214913807,0.6889005494102116,0.3444502747051058,2.356780839947579,0.4,0.9709505944546686,0.9575201432087916,1.5710695876069014,0.7009829212429038,0.0007711870016185828
resource_selection,quantum,58,64,24,80,734,678,1412,4263,1568,2695,0.632183908045977,80,77.24615384615385,17,10.6,0.5831062670299727,0.019888729969998513,0.0009398432685703426,0.003270025862206632,0.004975124378109453,0.9839114243188565,0.09400544959128065,0.4057971014492754,0.01412108330972034,0.47835814171415403,0.7158969246672762,0.3579484623336381,2.3690591123757927,0.5625,0.9886994082884974,0.9859598703613309,1.7430217235382972,0.48020674966426585,0.0052569807720381535
resource_selection,quantum,59,64,24,80,748,692,1440,4266,1539,2727,0.6392405063291139,80,77.50769230769231,18,9.6875,0.5521390374331551,0.0073931321576101855,0.0009490940332377454,0.003986473801903933,0.014925373134328358,0.9727831737779475,0.0855614973262032,0.46875,0.001192692466705475,0.48950865398244,0.7584699315995986,0.3792349657997993,2.4480718324758617,0.4875,0.9995491108252484,0.9836633282135869,1.7858857151839609,0.31563246718832316,-6.681775391680298e-05
resource_selection,quantum,60,64,24,80,763,707,1470,4284,1561,2723,0.6356209150326797,80,78.01538461538462,21,10.4375,0.6186107470511141,0.028285819489073473,0.0009509548317892623,0.003188433669747035,0.004975124378109453,0.9772226400072807,0.0891218872870249,0.6029411764705882,0.0018855392789933756,0.48314117223861824,0.7350047508870113,0.36750237544350567,2.4257128479104297,0.575,0.9837082626231857,0.9383453464099667,1.5727449438792676,0.3775268049908584,0.0011415786358116204
resource_selection,quantum,61,64,24,80,725,669,1394,4252,1539,2713,0.6380526810912511,80,76.93846153846154,15,8.9875,0.5806896551724138,0.01867569108772022,0.000921778747515061,0.003232883196650724,0.004975124378109453,0.9763410247851693,0.08275862068965517,0.5,0.00197242590225305,0.473373172776892,0.7011123297405193,0.35055616487025965,2.3294195864230822,0.525,0.99819587904281,0.9906198321727555,1.7919147155867137,0.5327370686906924,0.0015151411233405522
resource_selection,quantum,62,64,24,80,744,688,1432,4281,1587,2694,0.629292221443588,80,77.67692307692307,16,7.2875,0.5551075268817204,0.0046669860406810225,0.0009936471010252952,0.0034682901872244007,0.024875621890547265,0.9813521117502231,0.06451612903225806,0.375,0.025045470958018706,0.4756084388528876,0.7071154550859342,0.3535577275429671,2.3501115423936274,0.45,0.9927744539878084,0.9649839234912817,1.6078144455796437,0.3981201917804603,0.012583919396129021
resource_selection,quantum,63,64,24,80,776,720,1496,4215,1642,2573,0.6104389086595492,80,77.15384615384616,15,9.8,0.5502577319587629,0.0072065072870403715,0.0008065114247375893,0.0026020923066719485,0.004975124378109453,0.9799040244298367,0.07860824742268041,0.4918032786885246,0.0032653105356271472,0.47545743006136537,0.7006672403529908,0.3503336201764954,2.3410712199265578,0.525,0.99819587904281,0.9922069434542475,1.6775545109328456,0.46041341579719863,0.009315203426726839
resource_selection,quantum,64,64,24,80,764,708,1472,4223,1748,2475,0.5860762491120057,80,77.0923076923077,14,10.55,0.6034031413612565,0.03090497692348787,0.0010621241813772522,0.004039388707226421,0.004975124378109453,0.9929594547210406,0.09031413612565445,0.5072463768115942,0.004569362482869377,0.44052817641558994,0.5823624431302734,0.2911812215651367,2.1625232774801706,0.5125,0.9995491108252484,0.9935536149066988,1.7203899649324288,0.7272450935738346,0.006826670967132006
resource_selection,quantum,65,64,24,80,777,721,1498,4207,1649,2558,0.6080342286665082,80,77.04615384615384,17,9.875,0.6126126126126126,0.035916373267010415,0.0007581530477812809,0.002782941452549096,0.004975124378109453,0.9846957230849699,0.07722007722007722,0.5666666666666667,-0.0017599713176412457,0.46759848641560053,0.6800663087878315,0.34003315439391574,2.3329720877368456,0.6125,0.9631672450918831,0.9752522640618904,1.924139192236765,0.4098925321908601,0.007043169869407892
resource_selection,quantum,66,64,24,80,723,667,1390,4260,1555,2705,0.6349765258215962,80,77.03076923076924,20,10.4625,0.5670816044260027,0.012172092244155955,0.000945520954646053,0.003404172951947034,0.004975124378109453,0.984552847871984,0.08298755186721991,0.43333333333333335,-0.013699241094808828,0.4781395418562797,0.7246096792939194,0.3623048396469597,2.4009005813946875,0.5,1.0,0.9894458485261822,1.6550601876410163,0.5188709486896915,-0.001771308602790455
resource_selection,quantum,67,64,24,80,793,737,1530,4237,1670,2567,0.6058531980174652,80,77.75384615384615,17,9.7625,0.592686002522068,0.012558821194141166,0.0009259406922880019,0.0028313392963727085,0.009950248756218905,0.9847885209163039,0.08575031525851198,0.47058823529411764,0.017136090873053844,0.4770831952310736,0.709281218153374,0.354640609076687,2.376118087477867,0.3875,0.9631672450918832,0.9143357374001327,1.2692957381060128,0.45266678588621834,0.004792234297705195
resource_selection,quantum,68,64,24,80,742,686,1428,4240,1441,2799,0.6601415094339622,80,77.01538461538462,13,8.575,0.5471698113207547,0.004896679556581081,0.00101204657465733,0.0037084395759922,0.01990049751243781,0.9777396070565485,0.0660377358490566,0.3877551020408163,-0.016919909320477516,0.488960646654556,0.7524460882050101,0.37622304410250507,2.446103292153211,0.375,0.9544340029249649,0.9813876323502513,1.5614848298688138,0.386194891681662,0.004233490566037736
resource_selection,quantum,69,64,24,80,762,706,1468,4196,1671,2525,0.6017635843660629,80,76.64615384615385,17,10.7125,0.5997375328083989,0.028370847740330052,0.0009440057978055816,0.003673177100784686,0.004975124378109453,0.9800349731412707,0.06430446194225722,0.42857142857142855,-0.002582505305613686,0.4746696623559724,0.7007754629731168,0.3503877314865584,2.35378569732166,0.475,0.99819587904281,0.9536970709443693,1.7453480255874787,0.4803500229593187,0.005635445623913464
resource_selection,quantum,70,64,24,80,736,680,1416,4255,1489,2766,0.6500587544065805,80,77.15384615384616,16,10.0125,0.5842391304347826,0.019022276721131173,0.001025161574813227,0.003974236887228005,0.004975124378109453,0.9799246133957464,0.08016304347826086,0.4406779661016949,0.02183983730574876,0.4853429878661526,0.7419696461761645,0.3709848230880822,2.4241253533698295,0.3375,0.9224062617590723,0.9762843821164263,1.405016371441604,0.3813177216128473,0.011279575697907067
resource_selection,quantum,71,64,24,80,765,709,1474,4228,1602,2626,0.6210974456007569,80,77.18461538461538,17,10.425,0.5424836601307189,0.005242197455540873,0.0008411119214988714,0.0025258464962582628,0.029850746268656716,0.9856511251653143,0.07450980392156863,0.543859649122807,-0.009440648527606899,0.47984160151392924,0.7299374661441083,0.36496873307205413,2.414153214049671,0.5625,0.9886994082884974,0.9829343086207624,1.8168786266734283,0.44070475387759506,0.0024733183918714628
resource_selection,quantum,72,64,24,80,756,700,1456,4241,1564,2677,0.6312190521103513,80,77.24615384615385,16,10.05,0.58994708994709,0.015272620879456356,0.0009741310818958806,0.004067070390601689,0.004975124378109453,0.9698929917234823,0.09788359788359788,0.5540540540540541,0.007968740428043936,0.48911974013126275,0.7553442966845914,0.3776721483422957,2.4502944708944754,0.375,0.9544340029249649,0.9593227658625214,1.4864982403587401,0.3418804426026086,0.00493014570544856
resource_selection,quantum,73,64,24,80,744,688,1432,4280,1464,2816,0.6579439252336449,80,77.66153846153846,15,9.9375,0.5873655913978495,0.013776700823835114,0.0009488964125511869,0.004230556697999644,0.004975124378109453,0.9808351590537349,0.06989247311827956,0.40384615384615385,0.013375806435426463,0.48645067859579477,0.7358606191435065,0.36793030957175327,2.4070242163509565,0.425,0.9837082626231857,0.947084172478982,1.518117960884123,0.4427595920041949,-0.0006594462398462774
resource_selection,quantum,74,64,24,80,716,660,1376,4278,1477,2801,0.6547452080411407,80,77.2,15,10.5375,0.5572625698324022,0.004159270293356342,0.0010089888713751781,0.003545948501397169,0.03980099502487562,0.9653287459155308,0.08379888268156424,0.48333333333333334,0.022265112150742422,0.4965391753831529,0.773998363098007,0.3869991815490035,2.4804467381135753,0.3125,0.8960382325345575,0.955207892370039,1.4224367189634957,0.3393886593133977,0.009823573034547738
resource_selection,quantum,75,64,24,80,739,683,1422,4251,1519,2732,0.642672312397083,80,77.13846153846154,15,8.3,0.5426251691474966,0.004279105516705257,0.0009506279327201887,0.0035946129981085963,0.03980099502487562,0.9795090008393306,0.08660351826792964,0.46875,0.0006266088605879905,0.4919215544756764,0.7617373309050847,0.38086866545254233,2.4489126892732473,0.4,0.9709505944546686,0.9890813096275596,1.6039746669647736,0.3390148526937702,0.0015644955141112555
resource_selection,quantum,76,64,24,80,733,677,1410,4284,1516,2768,0.646125116713352,80,77.55384615384615,18,11.225,0.5457025920873124,0.00312430070451733,0.0010151818046535695,0.004019184004676785,0.08955223880597014,0.9889895014970755,0.06821282401091405,0.54,0.014495872790803666,0.4818970480825218,0.7237412687405024,0.3618706343702512,2.4092285442962824,0.5375,0.9959386076315955,0.9587819242817835,1.7876481604934085,0.29664364206950933,0.0090601600117171
resource_selection,quantum,77,64,24,80,748,692,1440,4250,1547,2703,0.636,80,77.26153846153846,17,11.3875,0.5588235294117647,0.003629102866010165,0.0010457023920668073,0.003654098448409996,0.06965174129353234,0.9805526927318241,0.07887700534759358,0.4406779661016949,0.006859516392226678,0.48274658926266806,0.7365301607594966,0.3682650803797483,2.4306431565146087,0.3125,0.8960382325345575,0.9500686005279256,1.3924095454451433,0.4102989243487648,0.005658352941176468
resource_selection,quantum,78,64,24,80,749,693,1442,4257,1476,2781,0.653276955602537,80,77.38461538461539,14,10.275,0.5540720961281709,0.008325145836778361,0.0008560549057273964,0.0035198747903572823,0.004975124378109453,0.9768237785429251,0.0787716955941255,0.559322033898305,0.015134295026958205,0.48605747093666407,0.748702989759322,0.374351494879661,2.437786956744742,0.4625,0.9959386076315955,0.9843900270291897,1.5027830276119354,0.3917551762081614,0.006496837085033819
resource_selection,quantum,79,64,24,80,822,766,1588,4186,1652,2534,0.6053511705685619,80,77.41538461538461,23,11.3,0.49391727493917276,0.00048348889947580527,0.000858920608927367,0.0031261683187153674,0.4577114427860697,0.9414064738357476,0.07542579075425791,0.5,0.021005917159763327,0.5084052232283857,0.8147715223527865,0.40738576117639325,2.539948441600886,0.4,0.9709505944546686,0.9831201924251118,1.5499321593066466,0.22589366873731231,0.011650899216075063
resource_selection,quantum,80,64,24,80,725,669,1394,4271,1576,2695,0.6309997658627956,80,77.23076923076923,18,11.5,0.5779310344827586,0.01717708543142877,0.0009166369011404693,0.0032931082346677014,0.004975124378109453,0.9872345082140654,0.08689655172413793,0.4444444444444444,0.006255313151067476,0.468632135344824,0.6863619164682179,0.34318095823410893,2.329291450175148,0.4875,0.9995491108252484,0.9773002711037292,1.6863748684975506,0.542215104357805,0.009264344850826207
resource_selection,quantum,81,64,24,80,736,680,1416,4275,1433,2842,0.6647953216374269,80,77.46153846153847,18,10.375,0.5665760869565217,0.011281911400567314,0.0008735756504777556,0.003002918625537386,0.009950248756218905,0.9795150933332455,0.08695652173913043,0.421875,0.01787991403616418,0.4785537525840319,0.7116406375024096,0.3558203187512048,2.358937975753815,0.575,0.9837082626231857,0.986240690154276,1.7132986269916817,0.5077674561102534,0.004442748196026122
resource_selection,quantum,82,64,24,80,724,668,1392,4325,1514,2811,0.6499421965317919,80,78.04615384615384,18,10.3625,0.5842541436464088,0.018308125647095982,0.0009965108557842125,0.0035661775282207625,0.004975124378109453,0.9870814724253822,0.058011049723756904,0.5,0.011831714384536896,0.475047054435207,0.7071544558876148,0.3535772279438074,2.378180125945989,0.4,0.9709505944546686,0.9858027122502069,1.519070767202285,0.4286048245012701,0.00901937251495205
resource_selection,quantum,83,64,24,80,764,708,1472,4244,1661,2583,0.6086239396795476,80,77.41538461538461,17,9.9375,0.5772251308900523,0.01794536772929438,0.0008503904491724012,0.003402356917016533,0.004975124378109453,0.993923417753854,0.06675392670157068,0.47058823529411764,0.019567534913471435,0.4647463906597187,0.6693320945594893,0.33466604727974464,2.3050638505088132,0.3125,0.8960382325345575,0.985383441528891,1.5113140268729477,0.601491444507103,0.00304449326254018
resource_selection,quantum,84,64,24,80,734,678,1412,4280,1604,2676,0.625233644859813,80,77.50769230769231,15,9.0625,0.5326975476839237,0.0024855272614199286,0.0010356617354467395,0.004462899133950059,0.13930348258706468,0.9782462416097127,0.09264305177111716,0.5,0.0012538753743109032,0.47599782957049747,0.7211691450801003,0.36058457254005016,2.3877567520326877,0.5875,0.9777945702913884,0.9891758599463008,1.6655112525476217,0.4637529523074169,0.002943706873962795
resource_selection,quantum,85,64,24,80,735,679,1414,4281,1646,2635,0.6155103947675776,80,77.53846153846153,12,8.825,0.6258503401360545,0.04428079849900733,0.0009162602899404525,0.0031333986863510757,0.004975124378109453,0.9852983966996178,0.08571428571428572,0.4444444444444444,0.016002450195424844,0.4669868956001813,0.6706245567660515,0.33531227838302574,2.3113285191633293,0.4875,0.9995491108252484,0.9833901193246534,1.7889746865121328,0.5784261221279206,0.007302520041375112
resource_selection,quantum,86,64,24,80,741,685,1426,4282,1529,2753,0.6429238673517048,80,77.64615384615385,14,10.5625,0.5290148448043185,0.002420194426201401,0.0009784102234812644,0.003408609153745086,0.12437810945273632,0.971813795890121,0.08502024291497975,0.42857142857142855,0.018869783129491863,0.4886144850269834,0.7495865992262287,0.37479329961311436,2.4430647043739566,0.5,1.0,0.9936406695698596,1.6677028962780411,0.3642177981799093,0.0016880891977780375
resource_selection,quantum,87,64,24,80,761,705,1466,4209,1548,2661,0.632216678545973,80,76.83076923076923,14,8.8125,0.5387647831800263,0.002611997727641858,0.0009096335861751699,0.004192984987592581,0.0945273631840796,0.9855768210768779,0.07621550591327202,0.43103448275862066,0.005028942703611955,0.4827677550993218,0.7282702412256836,0.3641351206128418,2.412389395083234,0.5,1.0,0.9748674072273869,1.5969011393912464,0.39092569704915825,0.007142429353971775
resource_selection,quantum,88,64,24,80,724,668,1392,4255,1458,2797,0.6573443008225617,80,76.96923076923076,15,9.4875,0.5276243093922652,0.001771996456045713,0.0007899644923173874,0.0031655140025606196,0.16417910447761194,0.9722762006739472,0.106353591160221,0.5194805194805194,0.009370637180990682,0.4906850146965913,0.7569112990034629,0.37845564950173144,2.4465286911716078,0.5125,0.9995491108252484,0.9836226638888977,1.6799764853480503,0.31136853159334377,-0.0029752513459661094
resource_selection,quantum,89,64,24,80,781,725,1506,4226,1793,2433,0.5757217226691907,80,77.4,17,9.6375,0.5544174135723432,0.008582700063972513,0.0009969259734979447,0.003329779487802137,0.009950248756218905,0.9838243547454414,0.0793854033290653,0.43548387096774194,-0.0007512229210342447,0.46514467881464117,0.6650026960547264,0.3325013480273632,2.285406754594172,0.625,0.9544340029249649,0.9877450320275036,1.8403074341415029,0.4741222628774993,0.0053652271819661914
resource_selection,quantum,90,64,24,80,755,699,1454,4239,1564,2675,0.6310450577966501,80,77.2,17,9.0,0.5509933774834437,0.0015031245486810743,0.0009627175627752594,0.003346292412847323,0.22885572139303484,0.9831821875126164,0.0847682119205298,0.453125,0.02152551999119101,0.4836731920548628,0.73840635132118,0.36920317566059,2.4342478785585575,0.3875,0.9631672450918832,0.939922242207784,1.3572454168952266,0.305941197322385,0.0036256642715022094
resource_selection,quantum,91,64,24,80,742,686,1428,4252,1530,2722,0.6401693320790216,80,77.2,15,9.5,0.5417789757412399,0.004600403367064791,0.0009852887277021951,0.003450485073522998,0.024875621890547265,0.9733977109896466,0.07412398921832884,0.509090909090909,-0.00025547263327302394,0.49156249321311773,0.7592890943268884,0.3796445471634442,2.458486539437061,0.6625,0.9224062617590723,0.9890749786426581,1.7639815995158492,0.34142653629697534,0.004143365879948918
resource_selection,quantum,92,64,24,80,720,664,1384,4274,1536,2738,0.6406176883481516,80,77.2,17,9.8375,0.6111111111111112,0.013629679445818103,0.0009212654982602564,0.0035596270769325533,0.004975124378109453,0.9847032342788422,0.08055555555555556,0.5689655172413793,0.00492987320199012,0.47031174377988577,0.6791429001131191,0.33957145005655953,2.3560338685167515,0.3625,0.944738828646789,0.9215581728329115,1.1352271367731164,0.45085756502780683,0.006112636746023284
resource_selection,quantum,93,64,24,80,715,659,1374,4278,1513,2765,0.6463300607760636,80,77.18461538461538,15,8.9625,0.606993006993007,0.03313956953937962,0.0008860882271543155,0.0028211566829111864,0.004975124378109453,0.9815706572798928,0.07972027972027972,0.43859649122807015,0.015386910507748763,0.4777769846420472,0.7116105622586785,0.35580528112933923,2.362881297071311,0.5,1.0,0.9844878478975906,1.638816620209549,0.4289068890014778,0.0017912404397418223
resource_selection,quantum,94,64,24,80,735,679,1414,4261,1437,2824,0.6627552217789251,80,77.23076923076923,16,10.3125,0.5537414965986395,0.007471856253472062,0.0010811585851702105,0.003913060462085524,0.014925373134328358,0.9728556171337974,0.07755102040816327,0.5614035087719298,-0.0099284569349119,0.4904382371552726,0.759506647465194,0.379753323732597,2.4546364644582304,0.4375,0.9886994082884974,0.986612026404446,1.6420532280702225,0.30279328453624743,0.0034070603517127886
resource_selection,quantum,95,64,24,80,679,623,1302,4333,1389,2944,0.6794368797599816,80,77.47692307692307,15,8.95,0.5846833578792342,0.018995769401435304,0.0009031898133466926,0.004157581804905882,0.004975124378109453,0.9859319176877639,0.07216494845360824,0.3469387755102041,0.0003481758287935399,0.4776576067404753,0.708617069479751,0.3543085347398755,2.3513362642759192,0.3875,0.9631672450918832,0.9850601841185741,1.5004828886398804,0.47194285464638336,0.004707085085829276
resource_selection,quantum,96,64,24,80,746,690,1436,4237,1540,2697,0.6365352843993392,80,77.03076923076924,21,9.9125,0.6152815013404825,0.03812121904415805,0.0008560069276833964,0.003271524486623309,0.004975124378109453,0.9857188126289708,0.07506702412868632,0.44642857142857145,0.00224749178926531,0.47001695657121795,0.6845775210688446,0.3422887605344223,2.3375327561868837,0.525,0.99819587904281,0.9843456805660904,1.7536660944626952,0.5341114371545018,0.006483784772748076
resource_selection,quantum,97,64,24,80,747,691,1438,4298,1587,2711,0.6307584923220102,80,77.98461538461538,17,8.3875,0.5930388219544847,0.02484634944438733,0.0009322687388628246,0.0037636579216458743,0.004975124378109453,0.9857700518108214,0.08433734939759036,0.47619047619047616,-0.006818240873067455,0.47670311130204496,0.7104932009488417,0.35524660047442086,2.369889238338485,0.3875,0.9631672450918832,0.9927389953523723,1.5154208957630453,0.43927724195663026,0.0012952013132386398
resource_selection,quantum,98,64,24,80,722,666,1388,4299,1570,2729,0.6347987904163759,80,77.61538461538461,17,10.2875,0.5858725761772853,0.021186544228051475,0.0010609128611035485,0.003993327953913605,0.004975124378109453,0.9841431274062112,0.08725761772853186,0.49206349206349204,0.032728172741510325,0.47192224615199846,0.6927583389901486,0.3463791694950743,2.3640311097599,0.4125,0.9777945702913884,0.98524189314391,1.4980721739415124,0.5766945532441431,0.011239948746309878
resource_selection,quantum,99,64,24,80,736,680,1416,4256,1591,2665,0.6261748120300752,80,77.16923076923077,16,8.35,0.59375,0.022978623832931762,0.0011177221622197125,0.003950918291309011,0.004975124378109453,0.9814198064885326,0.07880434782608696,0.5,0.0005920710627942971,0.47871061237647755,0.7213726319749941,0.36068631598749706,2.4174592371345005,0.5,1.0,0.9810965802538899,1.661545904945808,0.27337253645963294,0.0023054581943580768
resource_selection,quantum,100,64,24,80,737,681,1418,4268,1544,2724,0.6382380506091846,80,77.36923076923077,16,10.575,0.5468113975576662,0.006280968934174035,0.0010465900364273742,0.003511179102272918,0.024875621890547265,0.9696150489346369,0.08276797829036635,0.4426229508196721,0.02160124519675083,0.49021510384981376,0.7535888000028456,0.3767944000014228,2.4436375488596984,0.4625,0.9959386076315955,0.9864489984415736,1.7593544456925165,0.4139545598278215,0.009655286524507483
resource_selection,quantum,101,64,24,80,751,695,1446,4223,1581,2642,0.6256215960217855,80,76.8923076923077,16,9.05,0.5752330226364847,0.015810814221214352,0.001119204438640541,0.003797272862767098,0.004975124378109453,0.9804761092305355,0.09320905459387484,0.42857142857142855,0.0426811650036599,0.4799779534614036,0.7255807220666239,0.36279036103331197,2.3974218107863168,0.3625,0.944738828646789,0.9748846762439967,1.4846941069873913,0.33950106957687926,0.010287921275466284
resource_selection,quantum,102,64,24,80,782,726,1508,4246,1611,2635,0.6205840791333019,80,77.72307692307692,16,9.1625,0.5703324808184144,0.012922929248893572,0.0008853350973897308,0.0033013165260373525,0.004975124378109453,0.9755818901754207,0.07544757033248081,0.4915254237288136,0.017737845195015534,0.4896153113950521,0.7569535526096992,0.3784767763048496,2.4627043302993945,0.55,0.9927744539878084,0.9741264568488328,1.6558492111581735,0.3042449776366218,0.006891970476105743
resource_selection,quantum,103,64,24,80,771,715,1486,4197,1664,2533,0.6035263283297594,80,76.8,16,9.5625,0.5940337224383917,0.024484460809060138,0.000979377467518656,0.0034557795333831336,0.004975124378109453,0.9804869570825361,0.0933852140077821,0.4722222222222222,0.0029056863497037566,0.4766807257825603,0.702940324884481,0.3514701624422405,2.355961119658674,0.4625,0.9959386076315955,0.9857103443924871,1.5614539175265907,0.42419738328109247,0.0013710054988390723
resource_selection,quantum,104,64,24,80,785,729,1514,4226,1648,2578,0.6100331282536677,80,77.46153846153847,17,11.5,0.5414012738853503,0.004423217229509356,0.0008345860513485015,0.002866960914256143,0.014925373134328358,0.9775011959185048,0.08662420382165605,0.4264705882352941,0.020125702179220162,0.47304355445129503,0.700842806124032,0.350421403062016,2.3557067618474434,0.475,0.99819587904281,0.991397070041505,1.7452813979098774,0.4040331071377416,0.01070984859463054
resource_selection,quantum,105,64,24,80,757,701,1458,4245,1559,2686,0.6327444051825677,80,77.32307692307693,17,11.5,0.570673712021136,0.007177587186645844,0.0010250462986937632,0.003748586578559386,0.009950248756218905,0.973668924862707,0.08982826948480846,0.4852941176470588,0.014269988233543113,0.4882337163613074,0.7481416226153912,0.3740708113076956,2.4450167616948946,0.2875,0.8654698974285928,0.9531842995634727,1.4240777165235676,0.4481573335248219,0.007184118778969504
resource_selection,quantum,106,64,24,80,710,654,1364,4261,1404,2857,0.6704998826566534,80,76.84615384615384,20,10.45,0.5647887323943662,0.008370311084433577,0.0009040346796370427,0.0032690946271533156,0.009950248756218905,0.9831666207375529,0.07605633802816901,0.37037037037037035,0.010587556868429937,0.4768337448562221,0.7209514144446894,0.3604757072223447,2.4122732968475047,0.425,0.9837082626231857,0.9678175175721366,1.417668345237733,0.35140603556266164,0.0020732402036756628
resource_selection,quantum,107,64,24,80,752,696,1448,4202,1624,2578,0.6135173726796763,80,76.58461538461539,19,10.7,0.5545212765957447,0.005745514718542795,0.0009721134348800742,0.0033859067836627538,0.01990049751243781,0.9852545596572486,0.0797872340425532,0.48333333333333334,-0.010442755498875217,0.4857717209165361,0.7426423301273383,0.37132116506366913,2.4231564459317245,0.425,0.9837082626231857,0.9736364732009646,1.363533391372298,0.3683193456649205,-0.0018085945791775251
resource_selection,quantum,108,64,24,80,728,672,1400,4270,1484,2786,0.6524590163934426,80,77.26153846153846,17,9.0625,0.5631868131868132,0.009591587750243692,0.0008941781997620171,0.0031091760874592256,0.004975124378109453,0.9892678799280384,0.0782967032967033,0.5087719298245614,0.00420388088841156,0.4636330864268502,0.6685617462550022,0.3342808731275011,2.3292718558677885,0.45,0.9927744539878084,0.9737555621934437,1.5515004553000953,0.6116395858708168,-0.00015740776289015622
resource_selection,quantum,109,64,24,80,748,692,1440,4291,1611,2680,0.6245630389186669,80,77.8923076923077,17,9.025,0.6029411764705882,0.021122200883380904,0.0009483836769848974,0.0035422046864383517,0.004975124378109453,0.9694193691858214,0.08957219251336898,0.43283582089552236,0.044232317973119495,0.4902377602800393,0.7591108788708659,0.37955543943543296,2.4542247063522646,0.325,0.9097361225311662,0.9364626542775518,1.285845136483216,0.22250929349712378,0.00970450745331437
resource_selection,quantum,110,64,24,80,785,729,1514,4234,1676,2558,0.6041568256967407,80,77.58461538461539,17,11.8875,0.5745222929936306,0.015680103990768114,0.0009977971887166028,0.0035896642934543296,0.004975124378109453,0.9774564745842454,0.07261146496815286,0.45614035087719296,0.01684129720411573,0.4840198302670436,0.7432985502239858,0.3716492751119929,2.4245831416143937,0.4875,0.9995491108252484,0.9754386383117435,1.5135814117957105,0.3207234783843172,0.012553581919673592
resource_selection,dephased,11,64,24,80,701,645,1346,4024,2423,1601,0.39786282306163023,80,73.06153846153846,16,9.575,0.724679029957204,0.14376657160856063,0.0010786747697987438,0.0035771887330124236,0.004975124378109453,0.9906974328771129,0.07845934379457917,0.4909090909090909,0.010932932948942986,0.2800000000000001,0.0,0.0,1.6127273188062885,0.3375,0.9224062617590723,0.9641297707431046,1.6753879758057941,0.8460388398449911,0.01217693836978131
resource_selection,dephased,12,64,24,80,695,639,1334,4087,2612,1475,0.3609004159530218,80,73.93846153846154,16,9.025,0.6086330935251798,0.029384663949013803,0.000987880832051228,0.0031022195851884878,0.004975124378109453,0.9909140339506441,0.07338129496402877,0.6078431372549019,0.03350707443727993,0.28001644237827267,0.0,0.0,1.6165144684805193,0.55,0.9927744539878084,0.983531965823065,1.9158533282535122,0.7636906442170194,0.01117198366408999
resource_selection,dephased,13,64,24,80,726,670,1396,4056,2644,1412,0.34812623274161736,80,73.93846153846154,17,11.3375,0.5867768595041323,0.0068428326242946196,0.0012319046705633859,0.005044686898240433,0.01990049751243781,0.985220950743784,0.07162534435261708,0.46153846153846156,0.01691744066074724,0.2794698224852072,0.0,0.0,1.5865562390364023,0.6875,0.8960382325345575,0.9377252376462756,2.1407083183590543,0.5805240375025368,0.017617263634559947
resource_selection,dephased,14,64,24,80,728,672,1400,4120,2607,1513,0.36723300970873785,80,74.95384615384616,16,10.0,0.6387362637362637,0.05237809731367546,0.0009039217203418332,0.0033058227996644895,0.004975124378109453,0.9886026441388437,0.08241758241758242,0.4166666666666667,0.013255737607067192,0.2803017475728156,0.0,0.0,1.6180385010624794,0.6375,0.9447388286467892,0.9740580772480177,2.0660247201640787,0.49382090374081117,0.01079178056367235
resource_selection,dephased,15,64,24,80,712,656,1368,4089,2709,1380,0.3374908290535583,80,74.23076923076923,14,9.2,0.6657303370786517,0.07516328398072973,0.0009010361765244311,0.0032943691048509527,0.004975124378109453,0.9914630227590695,0.07443820224719101,0.39622641509433965,0.01642222606789534,0.2797370506236244,0.0,0.0,1.6153595065191713,0.75,0.8112781244591328,0.9742256311281268,2.010833069799071,0.7442401546747375,0.014079731596817958
resource_selection,dephased,16,64,24,80,690,634,1324,4233,2411,1822,0.4304275927238365,80,76.1076923076923,15,9.9375,0.6,0.02395160419546169,0.0011348918960534325,0.0038266309002233483,0.004975124378109453,0.9921086026400259,0.06231884057971015,0.5116279069767442,-0.0008866799295589867,0.2801825655563431,0.0,0.0,1.5961988949020787,0.725,0.8485481782946158,0.9664043293087567,2.101475982754862,0.40612151201905533,0.0005317471997465798
resource_selection,dephased,17,64,24,80,767,711,1478,4106,2682,1424,0.3468095470043838,80,75.33846153846154,18,12.2875,0.5697522816166884,0.013942197746120225,0.0007287175065903814,0.002604737360437761,0.004975124378109453,0.9883006245872845,0.06258148631029987,0.5416666666666666,0.022145468356834258,0.2802454943984414,0.0,0.0,1.6419019422634717,0.5,1.0,0.9938003103568808,1.6116044849837325,0.6474753482464892,0.011056017010497975
resource_selection,dephased,18,64,24,80,718,662,1380,4133,2650,1483,0.3588192596177111,80,75.0,16,9.8375,0.7005571030640668,0.08178328865335419,0.0011415614149206746,0.004631363373495973,0.004975124378109453,0.9938549331039904,0.08356545961002786,0.5166666666666667,0.007314645586769253,0.2803007984514881,0.0,0.0,1.7164896355699744,0.3125,0.8960382325345575,0.9105559889355888,1.0808785692580551,0.7409165295362252,0.007881012234797155
resource_selection,dephased,19,64,24,80,692,642,1334,4125,2466,1659,0.4021818181818182,74,74.47692307692307,14,7.662162162162162,0.6083815028901735,0.026223557796367668,0.0009145887727192972,0.0036175781385816737,0.004975124378109453,0.9893695446199366,0.09826589595375723,0.5294117647058824,0.03236687549036549,0.28007330909090916,0.0,0.0,1.6076259123016143,0.527027027027027,0.9978913098356863,0.9776449132705113,1.8741923775308997,0.9175734185735304,0.010300650137741051
resource_selection,dephased,20,64,24,80,708,652,1360,4202,2468,1734,0.41266063779152784,80,75.9076923076923,14,9.475,0.5663841807909604,0.013662597082273957,0.000859094553628206,0.003238936366650804,0.004975124378109453,0.9897179832737144,0.07203389830508475,0.45098039215686275,0.03448899605342681,0.2798800571156592,0.0,0.0,1.6618808500919569,0.5125,0.9995491108252484,0.9772292523542843,1.7508568213840252,0.538678509957831,0.013690473089014296
resource_selection,dephased,21,64,24,80,691,635,1326,4140,2444,1696,0.4096618357487923,80,74.6923076923077,15,8.425,0.7134587554269175,0.08274731267783526,0.0012793876481226357,0.0059770083297137604,0.004975124378109453,0.9920183870205623,0.07380607814761216,0.35294117647058826,0.02408284359861762,0.28007304347826095,0.0,0.0,1.7430404378497268,0.3375,0.9224062617590723,0.8842505784036093,1.2184258483032444,0.6790356372742672,0.00688353287124556
resource_selection,dephased,22,64,24,80,774,718,1492,4018,2799,1219,0.303384768541563,80,74.0923076923077,16,9.0375,0.5645994832041343,0.011514118131143267,0.0009363131663955042,0.003635024608614923,0.004975124378109453,0.9841247367110058,0.0710594315245478,0.509090909090909,0.03520800041239239,0.27971567944250875,0.0,0.0,1.625700945239886,0.65,0.934068055375491,0.9827680839458207,2.034745125693281,0.3294840720367751,0.015567328802370412
resource_selection,dephased,23,64,24,80,709,653,1362,4129,2537,1592,0.3855655122305643,80,74.8,14,8.525,0.6304654442877292,0.045640512924288446,0.0010516043357312428,0.0038782342668110675,0.004975124378109453,0.9911040807802779,0.07193229901269393,0.45098039215686275,0.007417678824878288,0.2800406878178736,0.0,0.0,1.6246123363727358,0.5125,0.9995491108252484,0.9796559886207541,1.751520834011449,0.7014060827170038,0.006573368516587333
resource_selection,dephased,24,64,24,80,732,676,1408,4071,2637,1434,0.3522476050110538,80,74.26153846153846,18,10.5375,0.6680327868852459,0.07264093308124987,0.0010038335710051084,0.004403383260181555,0.004975124378109453,0.9955620619981128,0.09153005464480875,0.4925373134328358,0.025217901784756525,0.279801915991157,0.0,0.0,1.6063737132323843,0.6875,0.8960382325345575,0.9789405298384359,2.1746318943361547,0.9550156071388477,0.01113127035647833
resource_selection,dephased,25,64,24,80,686,630,1316,4109,2406,1703,0.414456072036992,80,74.13846153846154,13,7.3375,0.6632653061224489,0.07866444757790488,0.0011359092491731425,0.004197762667585941,0.004975124378109453,0.9946646284517747,0.08454810495626822,0.5689655172413793,0.025242529797872115,0.2796074957410563,0.0,0.0,1.644304411984954,0.55,0.9927744539878084,0.9833098176614591,1.9062065374748756,0.8860117090201303,0.010468150065734294
resource_selection,dephased,26,64,24,80,728,672,1400,4130,2545,1585,0.3837772397094431,80,75.1076923076923,15,9.5625,0.6414835164835165,0.03853724725500772,0.0009482693028279685,0.003769446881189735,0.004975124378109453,0.9911497394573942,0.061813186813186816,0.5555555555555556,0.02564646304559559,0.28026847457627124,0.0,0.0,1.581324031001488,0.65,0.934068055375491,0.9490954593368994,2.3043135645966486,0.39547534613224566,0.016993474781466737
resource_selection,dephased,27,64,24,80,725,669,1394,4039,2632,1407,0.3483535528596187,80,73.66153846153846,19,8.975,0.6179310344827587,0.03917757689710556,0.0008551116258685398,0.0036730551273321263,0.004975124378109453,0.991089402898934,0.09241379310344827,0.44776119402985076,0.015950640978322383,0.27983362218370894,0.0,0.0,1.6222229740030971,0.575,0.9837082626231857,0.9651521982115145,2.141494346037129,0.604530082950898,0.010297102630388627
resource_selection,dephased,28,64,24,80,742,686,1428,4059,2727,1332,0.328159645232816,80,74.23076923076923,17,9.675,0.6388140161725068,0.056216730652907804,0.0008672291250911445,0.0032366002006468594,0.004975124378109453,0.9842961560388643,0.09164420485175202,0.5,0.023953994571789428,0.27960266075388035,0.0,0.0,1.6547794500053539,0.4875,0.9995491108252484,0.9852494978694558,1.7186726913516395,0.5342529119623072,0.011030937427562813
resource_selection,dephased,29,64,24,80,704,648,1352,4122,2521,1601,0.38840368753032506,80,74.61538461538461,15,8.65,0.578125,0.01683649305691766,0.0009156580070283247,0.0036786488325735007,0.004975124378109453,0.9885458737732216,0.10227272727272728,0.4583333333333333,0.020064476570232526,0.27998369723435235,0.0,0.0,1.6237993571936118,0.4,0.9709505944546686,0.9871703439855397,1.6565893761174166,0.8918728232355507,0.011485099892389355
resource_selection,dephased,30,64,24,80,687,631,1318,4090,2606,1484,0.3628361858190709,80,73.86153846153846,20,10.4,0.6433770014556041,0.060172359944096476,0.0010106673320079195,0.0036712348756737997,0.004975124378109453,0.9944407483000407,0.05822416302765648,0.55,0.011837413196771868,0.27975354523227397,0.0,0.0,1.639340344735104,0.5875,0.9777945702913884,0.9935041026421887,1.9835855467894763,0.6670092192603582,0.010278513399609045
resource_selection,dephased,31,64,24,80,692,636,1328,4074,2447,1627,0.39936180657830145,80,73.6923076923077,15,8.8875,0.6401734104046243,0.04114142991523352,0.00105677838972219,0.0044735549229306705,0.004975124378109453,0.9909683144031897,0.06647398843930635,0.3695652173913043,0.00968859729586527,0.28019793814432997,0.0,0.0,1.7061452701266557,0.2625,0.8304955225035799,0.9439312821998916,1.3232988702736754,0.680731767829739,0.009554103286547913
resource_selection,dephased,32,64,24,80,750,694,1444,4025,2565,1460,0.3627329192546584,80,73.83076923076923,16,10.1375,0.672,0.07951447607759769,0.0010036671577473481,0.003902548232518094,0.004975124378109453,0.9950625802215753,0.07333333333333333,0.5272727272727272,0.005082867750205583,0.28017530434782617,0.0,0.0,1.688339451652199,0.4125,0.9777945702913884,0.9746400930436114,1.172523456775225,0.9487776638006352,0.01169862273832027
resource_selection,dephased,33,64,24,80,731,676,1407,4040,2613,1427,0.3532178217821782,79,73.76923076923077,20,13.025316455696203,0.5471956224350205,0.006147730579885567,0.0009510547831501699,0.0035670373753915983,0.009950248756218905,0.9831094849785916,0.07523939808481532,0.4909090909090909,0.009790920467414671,0.280690297029703,0.0,0.0,1.6319680229321962,0.5822784810126582,0.980377508715691,0.9858546577238079,2.018668571169272,0.43173494400751217,0.017817309577492394
resource_selection,dephased,34,64,24,80,748,692,1440,4110,2646,1464,0.3562043795620438,80,75.1076923076923,15,10.825,0.6029411764705882,0.03118634866445115,0.0011439700250668915,0.004255237557555705,0.004975124378109453,0.9875402103975857,0.09090909090909091,0.5,0.029700344988393773,0.2798201459854015,0.0,0.0,1.6629315640469944,0.5,1.0,0.9876935718984476,1.6725475423650096,0.77949783540875,0.005353745241858624
resource_selection,dephased,35,64,24,80,736,680,1416,4114,2689,1425,0.34637822070977153,80,74.98461538461538,14,8.1375,0.6725543478260869,0.010838272507950816,0.0009094123951004674,0.0037359555256327344,0.004975124378109453,0.9886950440265557,0.059782608695652176,0.4772727272727273,0.026219739823711674,0.2801143412736996,0.0,0.0,1.5205861147000197,0.875,0.5435644431995964,0.8259571206522653,2.750104373657708,0.35281529337253537,0.007412586685397152
resource_selection,dephased,36,64,24,80,729,673,1402,4167,2579,1588,0.38108951283897285,80,75.6923076923077,15,9.9625,0.6035665294924554,0.02732773172169778,0.0012539326784605615,0.005183952254839262,0.004975124378109453,0.9891004212700989,0.07956104252400549,0.4827586206896552,0.020556932092164748,0.28041123110151195,0.0,0.0,1.6161012402966115,0.65,0.934068055375491,0.9865939251355236,1.8957348437831918,0.5974809001483341,0.01177771868963226
resource_selection,dephased,37,64,24,80,671,615,1286,4253,2410,1843,0.4333411709381613,80,76.12307692307692,16,9.2625,0.6304023845007451,0.03735705931535063,0.0011629365992230898,0.004425905822841299,0.004975124378109453,0.9893276189240688,0.06110283159463487,0.4634146341463415,0.04462494354284244,0.2793047731013403,0.0,0.0,1.6046112168469973,0.75,0.8112781244591328,0.967209537131452,2.150238479599325,0.3663793158838794,0.017607299952139565
resource_selection,dephased,38,64,24,80,721,665,1386,4116,2552,1564,0.37998056365403304,80,74.78461538461538,13,7.95,0.6310679611650486,0.050729449591846235,0.001003459544405071,0.003393306083734297,0.004975124378109453,0.9910966616452114,0.08044382801664356,0.43103448275862066,0.03119365321199441,0.28028571428571436,0.0,0.0,1.6657916413057148,0.475,0.99819587904281,0.9846683864627699,1.5733546260519362,0.7478148711027578,0.010172266185385715
resource_selection,dephased,39,64,24,80,749,693,1442,4137,2548,1589,0.3840947546531303,80,75.53846153846153,18,11.875,0.562082777036048,0.007999573196555664,0.0009905359775369033,0.003552155654132422,0.014925373134328358,0.9750672972698564,0.08544726301735647,0.421875,0.02251935918285114,0.28007309644670053,0.0,0.0,1.6927180697728021,0.375,0.9544340029249649,0.9709941912403299,1.2545792901177077,0.4364377489871044,0.010241856025050648
resource_selection,dephased,40,64,24,80,700,644,1344,4033,2390,1643,0.4073890404165634,80,73.18461538461538,14,8.475,0.65,0.057362799717170065,0.0009361255905062342,0.0032670124061855606,0.004975124378109453,0.9910843213531457,0.07857142857142857,0.509090909090909,0.03206180804105693,0.27992501859657826,0.0,0.0,1.61013767590434,0.6125,0.9631672450918831,0.971688590990761,1.9516368143375105,0.6594225792318773,0.016256412737735412
resource_selection,dephased,41,64,24,80,717,661,1378,4144,2457,1687,0.40709459459459457,80,75.15384615384616,17,10.5,0.6610878661087866,0.06648882682244717,0.00108545779158017,0.004501541946630005,0.004975124378109453,0.9914764348394313,0.0794979079497908,0.543859649122807,0.04302397227303359,0.27972432432432437,0.0,0.0,1.6168042689298703,0.5375,0.9959386076315955,0.9708267899507884,1.9859007989773947,0.7666226010670897,0.01686359121807964
resource_selection,dephased,42,64,24,80,716,660,1376,4223,2520,1703,0.4032678190859578,80,76.35384615384615,15,9.4375,0.5949720670391061,0.023100916766796514,0.0009430055448950236,0.0035992619597021236,0.004975124378109453,0.9905425160851327,0.08100558659217877,0.603448275862069,0.024307125558058557,0.2801511721524983,0.0,0.0,1.6233252540646728,0.6375,0.9447388286467892,0.962558690831171,2.0979980810952803,0.7455750143419632,0.013208286388113223
resource_selection,dephased,43,64,24,80,736,680,1416,4132,2597,1535,0.37149080348499514,80,75.26153846153846,17,10.0,0.6752717391304348,0.08773305423433182,0.0009550396815464651,0.0034463723771794345,0.004975124378109453,0.9931889407600852,0.07201086956521739,0.5094339622641509,0.037373734454901775,0.2799268151016458,0.0,0.0,1.6815720787033905,0.3125,0.8960382325345575,0.9709228945944803,1.2747952598222707,0.7670429066565995,0.015392811658633914
resource_selection,dephased,44,64,24,80,767,711,1478,4128,2845,1283,0.31080426356589147,80,75.67692307692307,18,9.5875,0.6205997392438071,0.019030420959230396,0.0008791396895263023,0.0031067282101201123,0.004975124378109453,0.9908854374806366,0.08083441981747067,0.41935483870967744,-0.007142857142857145,0.27995930232558147,0.0,0.0,1.5520472076054939,0.7125,0.8654698974285928,0.9147855456648745,2.5611778039116624,0.354458662777888,0.0031320303580013214
resource_selection,dephased,45,64,24,80,705,649,1354,4148,2471,1677,0.40429122468659595,80,75.03076923076924,16,10.15,0.6212765957446809,0.014201836997013266,0.0010943743990816045,0.0049916848557867675,0.004975124378109453,0.9805629122072858,0.08226950354609928,0.4827586206896552,0.0021306951833672816,0.2800972034715526,0.0,0.0,1.563137936254833,0.6875,0.8960382325345575,0.9027120609449268,2.3134494241656185,0.4431453239652766,0.006258549390953244
resource_selection,dephased,46,64,24,80,675,619,1294,4196,2477,1719,0.409675881792183,80,75.3076923076923,15,10.9125,0.6074074074074074,0.02365107945050165,0.001357862069324833,0.0045171556141734405,0.004975124378109453,0.9841680761770637,0.07555555555555556,0.43137254901960786,0.014010916511731475,0.2802802669208771,0.0,0.0,1.7016940084724541,0.4375,0.9886994082884974,0.9559781567418391,1.4087330325397776,0.4370110829378153,0.00938265913971361
resource_selection,dephased,47,64,24,80,700,644,1344,4195,2590,1605,0.38259833134684146,80,75.67692307692307,14,8.925,0.6157142857142858,0.03557559198328723,0.001105416609338275,0.003600780016056612,0.004975124378109453,0.9862948447490356,0.08571428571428572,0.48333333333333334,0.02800173959255653,0.27994393325387373,0.0,0.0,1.6142832531143136,0.4875,0.9995491108252484,0.9826119132768688,2.0444285104542184,0.5848952341502787,0.011243875378060883
resource_selection,dephased,48,64,24,80,712,656,1368,4069,2730,1339,0.329073482428115,80,73.92307692307692,17,9.8375,0.6179775280898876,0.04149726254191988,0.0009511031877330941,0.0034128855540617,0.004975124378109453,0.9895161075363156,0.07443820224719101,0.4716981132075472,0.03667334747690673,0.2797109855001229,0.0,0.0,1.679018434957186,0.3875,0.9631672450918832,0.9795921192524767,1.5492021859174434,0.7560736709283049,0.013055874877942615
resource_selection,dephased,49,64,24,80,727,671,1398,4073,2522,1551,0.3808003928308372,80,74.21538461538462,15,9.9125,0.5419532324621733,0.004965599822633268,0.0009967938131682256,0.0037328975077812222,0.03980099502487562,0.9760061716157428,0.07015130674002751,0.43137254901960786,0.014046929673967146,0.2794967836975203,0.0,0.0,1.630848261210553,0.425,0.9837082626231857,0.9924186787363016,1.707384120447297,0.31943142268010244,0.012002956840508734
resource_selection,dephased,50,64,24,80,679,623,1302,4002,2445,1557,0.38905547226386805,80,72.38461538461539,15,8.2875,0.5581737849779087,0.005057785199969328,0.0011302986571829362,0.00434577488681848,0.03482587064676617,0.961426928036436,0.09278350515463918,0.5555555555555556,0.021070624424043338,0.2798572713643179,0.0,0.0,1.698717239032797,0.45,0.9927744539878084,0.9550906374319255,1.491026342237144,0.5024998009081352,0.008466843539749368
resource_selection,dephased,51,64,24,80,663,607,1270,4076,2437,1639,0.4021099116781158,80,73.27692307692308,15,9.3875,0.6847662141779789,0.09041255313035955,0.0010721370807764514,0.003787465626426134,0.004975124378109453,0.9955197408840176,0.0693815987933635,0.5434782608695652,0.011068665775240433,0.27967850834151137,0.0,0.0,1.6161069615722463,0.6375,0.9447388286467892,0.9758689095587499,1.9231194498415838,0.8755196789899854,0.01063388599918525
resource_selection,dephased,52,64,24,80,697,641,1338,4137,2467,1670,0.4036741600193377,80,74.73846153846154,15,9.6125,0.6614060258249641,0.07635699777993968,0.0011356962609106167,0.004061507653694751,0.004975124378109453,0.9909511513233501,0.07890961262553801,0.36363636363636365,0.025339863423500752,0.2798213197969544,0.0,0.0,1.6354935646193323,0.525,0.99819587904281,0.9941329349088667,1.7725000860374294,0.613512034248747,0.010806514537239737
resource_selection,dephased,53,64,24,80,673,617,1290,4196,2230,1966,0.46854146806482366,80,75.27692307692308,16,10.3125,0.6136701337295691,0.02494179778496062,0.0011991765315782195,0.004619089693127367,0.004975124378109453,0.9894803937127247,0.06835066864784546,0.41304347826086957,0.014238030275328273,0.2798638703527169,0.0,0.0,1.5900185926737789,0.65,0.934068055375491,0.9696320616808296,2.0587581797374397,0.6442130755304764,0.010897675029375654
resource_selection,dephased,54,64,24,80,718,662,1380,4117,2616,1501,0.36458586349283456,80,74.75384615384615,13,8.6375,0.6462395543175488,0.048467580835683116,0.0008844969205844054,0.00273522655044554,0.004975124378109453,0.9896141092466892,0.08774373259052924,0.36507936507936506,0.03200792634652502,0.2803509351469517,0.0,0.0,1.6921919736203392,0.4,0.9709505944546686,0.9309908784513348,1.45826728334806,0.8318493971296986,0.012752210379789276
resource_selection,dephased,55,64,24,80,700,644,1344,4199,2554,1645,0.39175994284353416,80,75.73846153846154,14,9.4125,0.5957142857142858,0.026523920294952416,0.0012777376429065478,0.005032363364917037,0.004975124378109453,0.9831143747115566,0.10428571428571429,0.5342465753424658,0.010244604251244127,0.2800400095260777,0.0,0.0,1.627612189666058,0.575,0.9837082626231857,0.990726276300726,1.6367451178477903,0.6669640017201269,0.009089418482190012
resource_selection,dephased,56,64,24,80,688,632,1320,4142,2447,1695,0.4092225977788508,80,74.67692307692307,16,9.5,0.6206395348837209,0.04301953179390272,0.0010683310999992973,0.0036992580972375877,0.004975124378109453,0.9906785292482336,0.08139534883720931,0.42857142857142855,0.026718538797939034,0.27995943988411404,0.0,0.0,1.637064236478405,0.5375,0.9959386076315955,0.9819620278136119,1.7997996935864076,0.5685889368179196,0.011547686300970311
resource_selection,dephased,57,64,24,80,710,654,1364,4231,2552,1679,0.3968329000236351,80,76.38461538461539,16,7.8,0.6281690140845071,0.04603248347006883,0.0007736048193271221,0.0024668523890926837,0.004975124378109453,0.990586674867996,0.07746478873239436,0.41818181818181815,0.02611147762562957,0.28027000709052247,0.0,0.0,1.6228969379975222,0.6375,0.9447388286467892,0.9788209659440038,2.0209289595453823,0.6039343717096214,0.010941737893560162
resource_selection,dephased,58,64,24,80,724,668,1392,4087,2596,1491,0.36481526792268165,80,74.38461538461539,14,9.2375,0.6919889502762431,0.10840805183514532,0.0011160621890626333,0.004277093320884111,0.004975124378109453,0.9939551930300254,0.09392265193370165,0.6029411764705882,0.00943337860702817,0.28023019329581605,0.0,0.0,1.6283352613915736,0.45,0.9927744539878084,0.9903770820587445,1.658571829577032,0.9516755128902699,0.010775601310115221
resource_selection,dephased,59,64,24,80,677,621,1298,4128,2485,1643,0.39801356589147285,80,74.29230769230769,15,9.925,0.6395864106351551,0.03523756638884887,0.000911216685015384,0.003130444858178415,0.004975124378109453,0.9896540908604416,0.07828655834564253,0.5094339622641509,0.0004999925076047684,0.2803255813953489,0.0,0.0,1.7072089088431055,0.3375,0.9224062617590723,0.9413196645938835,1.1686982423303622,0.6161249024343143,0.009796492848987438
resource_selection,dephased,60,64,24,80,704,648,1352,4221,2511,1710,0.4051172707889126,80,76.13846153846154,17,9.8375,0.6079545454545454,0.004904675313259593,0.0011078651877341045,0.0035713761839132573,0.03980099502487562,0.9667270592527109,0.09517045454545454,0.47761194029850745,0.00019423155738773623,0.2800716417910448,0.0,0.0,1.7341675931987368,0.3125,0.8960382325345575,0.8870561427874826,1.1000957390369395,0.3898306653403977,0.005567148519762851
resource_selection,dephased,61,64,24,80,752,696,1448,4080,2677,1403,0.34387254901960784,80,74.70769230769231,24,11.7125,0.6409574468085106,0.05890195816707186,0.0011383082003669717,0.004451072633946961,0.004975124378109453,0.9905498676486829,0.07047872340425532,0.49056603773584906,0.003372193852972355,0.28029647058823537,0.0,0.0,1.6348466445326195,0.5875,0.9777945702913884,0.9944678315758202,2.0565860380102876,0.8159266664465858,0.003520761245674747
resource_selection,dephased,62,64,24,80,727,671,1398,4139,2671,1468,0.35467504228074415,80,75.23076923076923,15,10.15,0.6162310866574966,0.024262400634395595,0.0009260410085349495,0.0032239348353035493,0.004975124378109453,0.9792674664976185,0.0811554332874828,0.559322033898305,0.019883297355639512,0.2801055327373763,0.0,0.0,1.5899019292768324,0.625,0.9544340029249649,0.9612337913214146,2.1286806322075256,0.395459250286382,0.005246822472125766
resource_selection,dephased,63,64,24,80,724,668,1392,4067,2658,1409,0.34644701253995575,80,74.07692307692308,17,9.9875,0.6477900552486188,0.0619763614920064,0.0009842151000147477,0.004194688321672746,0.004975124378109453,0.9881619902409986,0.08425414364640885,0.5737704918032787,0.04775825819044893,0.2800165232358004,0.0,0.0,1.6707313884984987,0.375,0.9544340029249649,0.9682561650172382,1.3811577349655262,0.6409967920361627,0.016386516746874916
resource_selection,dephased,64,64,24,80,718,662,1380,4148,2429,1719,0.4144165863066538,80,75.23076923076923,13,9.6,0.637883008356546,0.04945898419933939,0.000943589070351411,0.0034841251777982976,0.004975124378109453,0.9933069048760148,0.09192200557103064,0.4090909090909091,-0.009653433056485639,0.27995139826422377,0.0,0.0,1.6161821757038808,0.525,0.99819587904281,0.9729796023887286,1.6875780073439883,0.714253782755528,0.004589819866483045
resource_selection,dephased,65,64,24,80,656,600,1256,4029,2430,1599,0.39687267311988084,80,72.44615384615385,15,8.575,0.6234756097560976,0.032918719188002016,0.001221537143470461,0.004618959093900827,0.004975124378109453,0.9886907314043626,0.09298780487804878,0.5573770491803278,0.011666931159289046,0.2799332836932242,0.0,0.0,1.597419061375021,0.5875,0.9777945702913884,0.9685409009621865,1.9742816381304884,0.5208221349260542,0.0030535012324706384
resource_selection,dephased,66,64,24,80,687,632,1319,4081,2427,1654,0.40529282038716,79,73.72307692307692,15,8.670886075949367,0.6695778748180495,0.03211424399208184,0.0011990433166589511,0.003965262194460067,0.004975124378109453,0.9906211013482633,0.08151382823871907,0.44642857142857145,0.0207422969187675,0.2800576329331047,0.0,0.0,1.7586146208674818,0.25316455696202533,0.8162554088088008,0.8751494445592545,0.7668434627279781,0.6001234356545514,0.0016715541166170645
resource_selection,dephased,67,64,24,80,763,712,1475,4148,2824,1324,0.3191899710703954,75,75.92307692307692,17,10.72,0.6068152031454783,0.03318183037690926,0.000893584219791268,0.0032414377388506987,0.004975124378109453,0.9858236022409584,0.07339449541284404,0.5357142857142857,0.02026411657559199,0.28007290260366446,0.0,0.0,1.657986604429267,0.52,0.9988455359952018,0.9911505003842098,1.7676983220917175,0.6288057748021099,0.006110053851282678
resource_selection,dephased,68,64,24,80,700,644,1344,3908,2415,1493,0.3820368474923234,80,71.26153846153846,20,11.325,0.66,0.03682884053730022,0.0011441890596095156,0.003763135092115989,0.004975124378109453,0.9903745972002572,0.08571428571428572,0.5333333333333333,0.03397195460348865,0.27967328556806553,0.0,0.0,1.7368186274536674,0.325,0.9097361225311662,0.8725986866902661,1.256466131280683,0.7601331353207138,0.01120945513441708
resource_selection,dephased,69,64,24,80,715,659,1374,3949,2506,1443,0.36540896429475817,80,72.12307692307692,15,10.125,0.5902097902097903,0.012647661582570913,0.0007905318531362942,0.0038960243988419084,0.004975124378109453,0.9670045291123816,0.09090909090909091,0.4307692307692308,0.025527939078542866,0.28028077994428974,0.0,0.0,1.7058240702598226,0.375,0.9544340029249649,0.9374293992617767,1.2523628213632805,0.4133520740451509,0.004311235664189161
resource_selection,dephased,70,64,24,80,710,654,1364,4138,2586,1552,0.375060415659739,80,74.95384615384616,15,9.5125,0.7056338028169014,0.1188526579486133,0.0009979150093473938,0.004653759005371152,0.004975124378109453,0.9945376600698157,0.09154929577464789,0.6,0.015795960459793257,0.2800162397293379,0.0,0.0,1.6676736332040645,0.3,0.8812908992306927,0.9724861570499733,1.4628197059609251,1.0868975834617827,0.008133600544389191
resource_selection,dephased,71,64,24,80,729,673,1402,4097,2650,1447,0.35318525750549185,80,74.61538461538461,17,9.9625,0.5816186556927297,0.019227119423962928,0.0011145947890787073,0.0038704356113463644,0.004975124378109453,0.9933197387528725,0.07133058984910837,0.4423076923076923,0.018930724832791512,0.2801804247010008,0.0,0.0,1.6182276557108244,0.4625,0.9959386076315955,0.9909409612782313,1.6198209514524273,0.7875240411330922,0.016862442851407436
resource_selection,dephased,72,64,24,80,675,619,1294,4089,2467,1622,0.39667400342382003,80,73.66153846153846,16,9.9375,0.6192592592592593,0.03761112748231345,0.0010671013376556083,0.003714418423533439,0.004975124378109453,0.9925774731186856,0.0874074074074074,0.5084745762711864,-0.0021224697830202477,0.280065737344094,0.0,0.0,1.6725484824398165,0.5125,0.9995491108252484,0.9799340219807433,1.6603886609822134,0.8507588352597605,0.0038345276870626367
resource_selection,dephased,73,64,24,80,720,664,1384,4163,2521,1642,0.39442709584434305,80,75.49230769230769,16,9.125,0.5972222222222222,0.023935054073479123,0.001045019308100654,0.004521707328878723,0.004975124378109453,0.987078694850691,0.08611111111111111,0.46774193548387094,0.0321859010950703,0.2798547201537353,0.0,0.0,1.6764438215822923,0.4375,0.9886994082884974,0.9683840424151297,1.5600482117581136,0.6971897785981115,0.019964722450832393
resource_selection,dephased,74,64,24,80,675,619,1294,4139,2426,1713,0.4138680840782798,80,74.43076923076923,14,7.975,0.5703703703703704,0.015179580154629252,0.001056220912093223,0.003916406623902448,0.004975124378109453,0.9873929200359253,0.08592592592592592,0.4827586206896552,0.017383865855657793,0.28008929693162604,0.0,0.0,1.6523018781548768,0.5125,0.9995491108252484,0.9882969574790442,1.7777884931583714,0.5319529413373948,0.008989149173026411
resource_selection,dephased,75,64,24,80,719,663,1382,4076,2565,1511,0.37070657507360155,80,74.13846153846154,19,12.3375,0.5869262865090403,0.02089392320659223,0.0010370703060560383,0.004047521561503917,0.004975124378109453,0.9838190382264302,0.0917941585535466,0.42424242424242425,0.026526567019275527,0.28007419038272824,0.0,0.0,1.6289589752315747,0.625,0.9544340029249649,0.9736545890521804,2.130073583383525,0.47064779879452834,0.013840140856599969
resource_selection,dephased,76,64,24,80,708,652,1360,4231,2508,1723,0.4072323327818483,80,76.35384615384615,14,9.275,0.6228813559322034,0.04135065161951029,0.000990539323490625,0.0038429685861647335,0.004975124378109453,0.9903985414650786,0.08192090395480225,0.5172413793103449,0.02213764962138398,0.28048442448593713,0.0,0.0,1.6621862659927993,0.4,0.9709505944546686,0.9739957079366828,1.665415406601138,0.7047696525751522,0.007750528018512117
resource_selection,dephased,77,64,24,80,725,669,1394,4110,2653,1457,0.35450121654501215,80,74.75384615384615,16,10.025,0.5793103448275863,0.017661304917299704,0.001052646195842567,0.003772087595820332,0.004975124378109453,0.9909906904034836,0.07172413793103448,0.3076923076923077,0.03364011575501685,0.28042510948905114,0.0,0.0,1.6324859112604764,0.5625,0.9886994082884974,0.9902225067507454,1.8326580131266539,0.4434207282761224,0.008230474600552928
resource_selection,dephased,78,64,24,80,701,645,1346,4138,2477,1661,0.4014016433059449,80,74.81538461538462,16,9.1625,0.5663338088445078,0.012242930513958965,0.0008217133844012348,0.003005208514574427,0.004975124378109453,0.9877819313024407,0.08273894436519258,0.39655172413793105,0.011920526704089052,0.28042223296278396,0.0,0.0,1.6327367543032862,0.5875,0.9777945702913884,0.9899103689742044,1.868918286967927,0.4543910293589619,0.010437630131651826
resource_selection,dephased,79,64,24,80,679,623,1302,4180,2393,1787,0.42751196172248807,80,75.12307692307692,15,9.4,0.6362297496318114,0.054635817741325754,0.0007993481555596452,0.0026702188877249637,0.004975124378109453,0.9804343141456743,0.10309278350515463,0.5714285714285714,0.0259740169999938,0.2797186602870814,0.0,0.0,1.66066912285023,0.5375,0.9959386076315955,0.9822179005764664,1.652316581894722,0.6054933876852253,0.016192681028364755
resource_selection,dephased,80,64,24,80,676,620,1296,4091,2465,1626,0.39745783427034953,80,73.70769230769231,13,8.4375,0.6420118343195266,0.031775327814398915,0.0011230803424351835,0.003912741989783201,0.004975124378109453,0.9871305359994761,0.06360946745562131,0.4883720930232558,0.024319533231071916,0.2800903446590077,0.0,0.0,1.5884054791089943,0.775,0.7691928290130137,0.9310786287169706,2.197348665295351,0.48869139695820607,0.007133305182913693
resource_selection,dephased,81,64,24,80,689,633,1322,4227,2474,1753,0.4147149278448072,80,76.0,18,9.7,0.6037735849056604,0.026883032080242758,0.000976333060416266,0.003998839467569293,0.004975124378109453,0.9828341723173073,0.0783744557329463,0.5185185185185185,0.010733608623955754,0.2798648687012065,0.0,0.0,1.6153387858691906,0.7125,0.8654698974285928,0.9568709163028635,2.0536315574913835,0.5568897389934006,0.00656990678453635
resource_selection,dephased,82,64,24,80,714,658,1372,4216,2591,1625,0.38543643263757116,80,76.21538461538462,14,9.05,0.7030812324929971,0.05444552866635104,0.0009644684541842724,0.0038270316227483237,0.004975124378109453,0.9938279449294771,0.09103641456582633,0.46153846153846156,-0.0018604040359824214,0.2800239089184061,0.0,0.0,1.7254843822044807,0.3625,0.944738828646789,0.8636439696922333,1.3454257916774242,0.9563701112531172,0.004386132704902979
resource_selection,dephased,83,64,24,80,720,664,1384,4128,2593,1535,0.37185077519379844,80,74.95384615384616,16,9.9875,0.6736111111111112,0.07032623236858494,0.0009305253779028583,0.003105535755876878,0.004975124378109453,0.9936297262438705,0.10138888888888889,0.5342465753424658,0.01406617694216547,0.28009767441860467,0.0,0.0,1.5851764974142106,0.65,0.934068055375491,0.9574382471304408,2.0512722349353214,0.656077241417018,0.008213899405083831
resource_selection,dephased,84,64,24,80,686,630,1316,4117,2563,1554,0.37745931503521984,80,74.26153846153846,14,9.1875,0.6355685131195336,0.04797534871200006,0.0011265242063605567,0.004188762926288624,0.004975124378109453,0.9912177425153883,0.10058309037900874,0.4492753623188406,0.02359783888316283,0.2799020646101531,0.0,0.0,1.6139198145452387,0.425,0.9837082626231857,0.9868671758076863,1.635887305760474,0.6082773545455308,0.009958589800674227
resource_selection,dephased,85,64,24,80,710,654,1364,4103,2457,1646,0.4011698757007068,80,74.41538461538461,15,10.5,0.643661971830986,0.04006978137914588,0.0009997942537218743,0.003288454683286861,0.004975124378109453,0.9917562376688285,0.07605633802816901,0.5370370370370371,0.03011925680272695,0.28002456738971493,0.0,0.0,1.5829715318007265,0.725,0.8485481782946158,0.9423061526194558,2.3797444183061387,0.6670555488859339,0.01376574888077293
resource_selection,dephased,86,64,24,80,707,651,1358,4106,2649,1457,0.3548465660009742,80,74.41538461538461,15,9.275,0.6534653465346535,0.06819710644921076,0.0012328700867000706,0.004412831346573717,0.004975124378109453,0.9926238895798996,0.0876944837340877,0.4838709677419355,0.007126484504691,0.27976268874817345,0.0,0.0,1.6379937231798178,0.55,0.9927744539878084,0.9675848919586871,1.9381760406823616,0.7197688917870266,0.01339343016492563
resource_selection,dephased,87,64,24,80,759,703,1462,4072,2757,1315,0.32293713163064836,80,74.6923076923077,21,11.425,0.5625823451910409,0.0073693998221839516,0.0010403675530155814,0.0033936370862839953,0.004975124378109453,0.9810193037198061,0.07378129117259552,0.5714285714285714,0.04640543744334466,0.27981021611001966,0.0,0.0,1.6236011442004445,0.6,0.9709505944546686,0.9842518258516058,1.8973792887126648,0.41536775527480424,0.012840639124443718
resource_selection,dephased,88,64,24,80,679,623,1302,4022,2378,1644,0.4087518647439085,80,72.6923076923077,14,9.225,0.6627393225331369,0.07429287575287395,0.0011227900836014687,0.0034553243457438507,0.004975124378109453,0.9892008138885005,0.10014727540500737,0.4117647058823529,0.011073517767551555,0.2798830432620587,0.0,0.0,1.6681979488870777,0.4125,0.9777945702913884,0.9863478345974084,1.515666428318699,0.8038597509176489,0.009538413909969554
resource_selection,dephased,89,64,24,80,692,636,1328,4168,2394,1774,0.42562380038387715,80,75.13846153846154,16,8.725,0.541907514450867,0.0019395512619096167,0.0011555434437099355,0.004605698247715274,0.208955223880597,0.9775791606159713,0.07514450867052024,0.4230769230769231,0.004727544403236,0.27993550863723615,0.0,0.0,1.683566660784329,0.35,0.934068055375491,0.9704127188889334,1.1357354880330033,0.4726480913021982,0.012314830847219113
resource_selection,dephased,90,64,24,80,695,640,1335,4190,2569,1621,0.386873508353222,79,75.52307692307693,16,7.9113924050632916,0.5640287769784172,0.01214703428301827,0.0009943202572706325,0.0032456152455818802,0.004975124378109453,0.9867640435571583,0.08920863309352518,0.5,0.028515174690517786,0.28036085918854425,0.0,0.0,1.6538373873459404,0.5063291139240507,0.9998844148717589,0.9909711617769155,1.8605551825159077,0.5492853730339742,0.013015703943358728
resource_selection,dephased,91,64,24,80,713,657,1370,4184,2450,1734,0.4144359464627151,80,75.70769230769231,19,11.8625,0.6086956521739131,0.024677251702888828,0.0012339917709559515,0.004558462063832192,0.004975124378109453,0.9865350718112657,0.08695652173913043,0.532258064516129,0.03259764135717863,0.28005621414913967,0.0,0.0,1.6101878808895835,0.4875,0.9995491108252484,0.9737761179714106,1.8043429877063268,0.5245628305892566,0.009036119113512648
resource_selection,dephased,92,64,24,80,718,662,1380,4189,2534,1655,0.39508235855812845,80,75.86153846153846,15,9.1375,0.7089136490250696,0.08438167746343579,0.0010392954583991207,0.003398819637109707,0.004975124378109453,0.9923074562540606,0.06685236768802229,0.6041666666666666,0.026270900007393544,0.2802967772738124,0.0,0.0,1.739052056630329,0.425,0.9837082626231857,0.8853349910191596,1.3265101477133743,0.7403097082681069,0.014480341920184391
resource_selection,dephased,93,64,24,80,729,673,1402,4096,2752,1344,0.328125,80,74.6,14,8.6,0.5555555555555556,0.0031996339417674595,0.0007604489212734651,0.0026714624414641425,0.03980099502487562,0.9860697362401616,0.10150891632373114,0.5,0.009329964571541477,0.27995078125000006,0.0,0.0,1.6035349222208348,0.65,0.934068055375491,0.9566164361463902,2.0999788213143504,0.5675565730860705,0.009293913841247559
resource_selection,dephased,94,64,24,80,731,675,1406,4097,2610,1487,0.36294849890163533,80,74.64615384615385,16,9.4125,0.6183310533515732,0.040997089993236285,0.0009377027665374221,0.0038548864004196402,0.004975124378109453,0.9919725703577285,0.06566347469220246,0.5208333333333334,0.042734113411341146,0.27970475958018065,0.0,0.0,1.6347460869928985,0.55,0.9927744539878084,0.9608339678633249,1.8729793035332627,0.6385936166275428,0.020362029903471513
resource_selection,dephased,95,64,24,80,724,668,1392,4156,2688,1468,0.3532242540904716,80,75.44615384615385,14,9.475,0.6049723756906077,0.024105683768556603,0.0012106404599039617,0.0052935008145055945,0.004975124378109453,0.9861108095931425,0.08149171270718232,0.5084745762711864,0.0228010052886862,0.27986256015399436,0.0,0.0,1.682395691981503,0.4625,0.9959386076315955,0.9504991011371107,1.3734105854503322,0.5143990328705463,0.009855991685201123
resource_selection,dephased,96,64,24,80,723,667,1390,4108,2548,1560,0.379746835443038,80,74.6923076923077,16,9.5875,0.5809128630705395,0.015562400508455691,0.0008718923645054502,0.003267031864840018,0.004975124378109453,0.9869411307560721,0.08437067773167359,0.5737704918032787,0.01915165928833748,0.2801063291139241,0.0,0.0,1.618489492882439,0.625,0.9544340029249649,0.9750881315363467,2.012448357805047,0.3366673303067116,0.015509256406147932
resource_selection,dephased,97,64,24,80,706,650,1356,4079,2574,1505,0.3689629811228242,80,73.98461538461538,18,10.65,0.5779036827195467,0.014415936035679547,0.00100266691348141,0.0037736271218347522,0.004975124378109453,0.9853231609999821,0.06940509915014165,0.40816326530612246,0.012817000366768139,0.2799341014954647,0.0,0.0,1.6701920674759776,0.4125,0.9777945702913884,0.9693432710602452,1.503042716482391,0.456477060370507,0.006468412135633805
resource_selection,dephased,98,64,24,80,674,618,1292,4194,2356,1838,0.43824511206485456,80,75.26153846153846,17,11.0125,0.5905044510385756,0.015504678266959497,0.0011048890311080412,0.004407961315090121,0.004975124378109453,0.9905204693146075,0.0830860534124629,0.4642857142857143,0.029670146047438672,0.27982374821173106,0.0,0.0,1.7027960977227914,0.3875,0.9631672450918832,0.9550589143063429,1.3207555930792991,0.5816054580470477,0.009665123257809313
resource_selection,dephased,99,64,24,80,716,660,1376,4178,2440,1738,0.4159885112494016,80,75.66153846153846,15,9.45,0.5810055865921788,0.019639088454206532,0.0009942005032428343,0.0036599522586618274,0.004975124378109453,0.9753392945086807,0.06843575418994413,0.42857142857142855,0.01537292121022682,0.2799758736237435,0.0,0.0,1.6592473279768267,0.45,0.9927744539878084,0.9805358794532385,1.4279508287413052,0.3326552475968113,0.008978966392838001
resource_selection,dephased,100,64,24,80,729,673,1402,4162,2546,1616,0.3882748678519942,80,75.61538461538461,17,10.75,0.6008230452674898,0.024693710523745756,0.0010891471477826268,0.0042226015650685495,0.004975124378109453,0.9889511512530834,0.07818930041152264,0.5087719298245614,0.04482355604866553,0.2796447861604998,0.0,0.0,1.6127421569732092,0.6,0.9709505944546686,0.9703238081930016,2.010473701290878,0.3987021399851662,0.019631636640148935
resource_selection,dephased,101,64,24,80,746,690,1436,4059,2631,1428,0.3518107908351811,80,74.29230769230769,16,11.1,0.6541554959785523,0.06201140583597346,0.000981070069160654,0.0037880307794510813,0.004975124378109453,0.9922736975975823,0.08579088471849866,0.578125,0.04666960682834623,0.2803476718403548,0.0,0.0,1.6189156151153936,0.5,1.0,0.9592078607285976,1.8106417927770337,0.7690371973582707,0.01559025803252724
resource_selection,dephased,102,64,24,80,708,652,1360,4184,2456,1728,0.4130019120458891,80,75.63076923076923,14,8.6375,0.5861581920903954,0.020071548426066337,0.0008962427378271243,0.003216424045024823,0.004975124378109453,0.980979855734846,0.0847457627118644,0.36666666666666664,-0.0008613074204947002,0.2796868068833652,0.0,0.0,1.6555883176337183,0.4625,0.9959386076315955,0.9842307105175195,1.6770902658234565,0.5086919336060389,0.006835426956556704
resource_selection,dephased,103,64,24,80,724,675,1399,4086,2653,1433,0.350709740577582,73,74.36923076923077,15,9.465753424657533,0.5649171270718232,0.001210124936735375,0.0011108700579876847,0.0043110195263446754,0.31343283582089554,0.9835997336279992,0.06767955801104972,0.4897959183673469,-0.006456931006516148,0.28003289280469906,0.0,0.0,1.7069983478630901,0.2602739726027397,0.8271595195340524,0.9196353497763845,1.3497085256142634,0.4435587104145009,0.0012949677863286384
resource_selection,dephased,104,64,24,80,715,659,1374,4142,2424,1718,0.4147754707870594,80,75.0923076923077,16,8.2875,0.6433566433566433,0.02578592844869433,0.0008489943540464495,0.0030686201864735772,0.004975124378109453,0.9810006942006172,0.07692307692307693,0.4727272727272727,0.00843952599944875,0.28010545630130373,0.0,0.0,1.563176391230808,0.65,0.934068055375491,0.8831075490907602,2.2530995782390506,0.48327884265777876,0.009115382669459217
resource_selection,dephased,105,64,24,80,743,687,1430,4137,2569,1568,0.3790186125211506,80,75.44615384615385,14,9.1625,0.6016150740242261,0.025611481634950493,0.0009810889152265466,0.003858012137976798,0.004975124378109453,0.9862730565317055,0.09286675639300135,0.5507246376811594,0.01104042320541801,0.2803005076142132,0.0,0.0,1.6797167249987184,0.3875,0.9631672450918832,0.9642201185826762,1.6492673623544456,0.5799400728566073,0.0010526580872929072
resource_selection,dephased,106,64,24,80,709,653,1362,4137,2597,1540,0.37225042301184436,80,74.92307692307692,17,9.25,0.6643159379407616,0.05938489023079922,0.0009382193340434866,0.0038587747715759756,0.004975124378109453,0.996197691323925,0.076163610719323,0.4074074074074074,0.015314133214722553,0.27951269035533005,0.0,0.0,1.5728323482909528,0.775,0.7691928290130137,0.946617592799274,2.4272736053255954,0.6611055705128408,0.015055067351478713
resource_selection,dephased,107,64,24,80,749,693,1442,4102,2757,1345,0.32788883471477326,80,75.0,14,9.7625,0.6461949265687583,0.04959311754193649,0.0009628500153744029,0.0029194878395220445,0.004975124378109453,0.9915949630371355,0.08411214953271028,0.47619047619047616,0.03005188543683726,0.2801802047781571,0.0,0.0,1.5934253704558001,0.7375,0.8304955225035798,0.956965875535,2.267923202107018,0.5722652436668942,0.016329335727348522
resource_selection,dephased,108,64,24,80,705,649,1354,4189,2499,1690,0.40343757460014323,80,75.66153846153846,18,11.5,0.6382978723404256,0.05212167808696985,0.0009715766739898429,0.003221438953205953,0.004975124378109453,0.9934463762108282,0.075177304964539,0.5094339622641509,0.01889793983218188,0.28012031511100505,0.0,0.0,1.6073939319462534,0.6,0.9709505944546686,0.961333438621013,2.2558124833483175,0.6978789326667125,0.008707455515163482
resource_selection,dephased,109,64,24,80,701,645,1346,4227,2536,1691,0.4000473148805299,80,76.18461538461538,16,10.55,0.5549215406562055,0.0004479052906416654,0.0010976823743813204,0.004143241098176214,0.5671641791044776,0.9860594358118139,0.07560627674750357,0.5660377358490566,0.011381012349383435,0.2798966643009227,0.0,0.0,1.6963503823325834,0.375,0.9544340029249649,0.9169674288642814,1.5218673715125433,0.546551578448765,0.0045317961985678066
resource_selection,dephased,110,64,24,80,678,622,1300,4088,2480,1608,0.3933463796477495,80,73.6923076923077,21,11.45,0.5398230088495575,0.002858055401813376,0.0010590365985777381,0.004060067629265912,0.11940298507462686,0.9879702082205278,0.06342182890855458,0.46511627906976744,0.010072242560341838,0.28008219178082194,0.0,0.0,1.681730307300639,0.375,0.9544340029249649,0.9724332411962251,1.453548203739533,0.475415069222502,0.01084674346375818
resource_selection,classical,11,64,24,80,701,645,1346,4024,2423,1601,0.39786282306163023,80,73.06153846153846,16,9.575,0.724679029957204,0.14376657160856063,0.0010786747697987438,0.0035771887330124236,0.004975124378109453,0.9906974328771129,0.07845934379457917,0.4909090909090909,0.010932932948942986,0.2800000000000001,0.0,0.0,1.6127273188062885,0.3375,0.9224062617590723,0.9641297707431046,1.6753879758057941,0.8460388398449911,0.01217693836978131
resource_selection,classical,12,64,24,80,695,639,1334,4087,2612,1475,0.3609004159530218,80,73.93846153846154,16,9.025,0.6086330935251798,0.029384663949013803,0.000987880832051228,0.0031022195851884878,0.004975124378109453,0.9909140339506441,0.07338129496402877,0.6078431372549019,0.03350707443727993,0.28001644237827267,0.0,0.0,1.6165144684805193,0.55,0.9927744539878084,0.983531965823065,1.9158533282535122,0.7636906442170194,0.01117198366408999
resource_selection,classical,13,64,24,80,726,670,1396,4056,2644,1412,0.34812623274161736,80,73.93846153846154,17,11.3375,0.5867768595041323,0.0068428326242946196,0.0012319046705633859,0.005044686898240433,0.01990049751243781,0.985220950743784,0.07162534435261708,0.46153846153846156,0.01691744066074724,0.2794698224852072,0.0,0.0,1.5865562390364023,0.6875,0.8960382325345575,0.9377252376462756,2.1407083183590543,0.5805240375025368,0.017617263634559947
resource_selection,classical,14,64,24,80,728,672,1400,4120,2607,1513,0.36723300970873785,80,74.95384615384616,16,10.0,0.6387362637362637,0.05237809731367546,0.0009039217203418332,0.0033058227996644895,0.004975124378109453,0.9886026441388437,0.08241758241758242,0.4166666666666667,0.013255737607067192,0.2803017475728156,0.0,0.0,1.6180385010624794,0.6375,0.9447388286467892,0.9740580772480177,2.0660247201640787,0.49382090374081117,0.01079178056367235
resource_selection,classical,15,64,24,80,712,656,1368,4089,2709,1380,0.3374908290535583,80,74.23076923076923,14,9.2,0.6657303370786517,0.07516328398072973,0.0009010361765244311,0.0032943691048509527,0.004975124378109453,0.9914630227590695,0.07443820224719101,0.39622641509433965,0.01642222606789534,0.2797370506236244,0.0,0.0,1.6153595065191713,0.75,0.8112781244591328,0.9742256311281268,2.010833069799071,0.7442401546747375,0.014079731596817958
resource_selection,classical,16,64,24,80,690,634,1324,4233,2411,1822,0.4304275927238365,80,76.1076923076923,15,9.9375,0.6,0.02395160419546169,0.0011348918960534325,0.0038266309002233483,0.004975124378109453,0.9921086026400259,0.06231884057971015,0.5116279069767442,-0.0008866799295589867,0.2801825655563431,0.0,0.0,1.5961988949020787,0.725,0.8485481782946158,0.9664043293087567,2.101475982754862,0.40612151201905533,0.0005317471997465798
resource_selection,classical,17,64,24,80,767,711,1478,4106,2682,1424,0.3468095470043838,80,75.33846153846154,18,12.2875,0.5697522816166884,0.013942197746120225,0.0007287175065903814,0.002604737360437761,0.004975124378109453,0.9883006245872845,0.06258148631029987,0.5416666666666666,0.022145468356834258,0.2802454943984414,0.0,0.0,1.6419019422634717,0.5,1.0,0.9938003103568808,1.6116044849837325,0.6474753482464892,0.011056017010497975
resource_selection,classical,18,64,24,80,718,662,1380,4133,2650,1483,0.3588192596177111,80,75.0,16,9.8375,0.7005571030640668,0.08178328865335419,0.0011415614149206746,0.004631363373495973,0.004975124378109453,0.9938549331039904,0.08356545961002786,0.5166666666666667,0.007314645586769253,0.2803007984514881,0.0,0.0,1.7164896355699746,0.3125,0.8960382325345575,0.9105559889355888,1.0808785692580551,0.7409165295362252,0.007881012234797155
resource_selection,classical,19,64,24,80,692,642,1334,4125,2466,1659,0.4021818181818182,74,74.47692307692307,14,7.662162162162162,0.6083815028901735,0.026223557796367668,0.0009145887727192972,0.0036175781385816737,0.004975124378109453,0.9893695446199366,0.09826589595375723,0.5294117647058824,0.03236687549036549,0.28007330909090916,0.0,0.0,1.607625912301615,0.527027027027027,0.9978913098356863,0.9776449132705113,1.8741923775308997,0.9175734185735304,0.010300650137741051
resource_selection,classical,20,64,24,80,708,652,1360,4202,2468,1734,0.41266063779152784,80,75.9076923076923,14,9.475,0.5663841807909604,0.013662597082273957,0.000859094553628206,0.003238936366650804,0.004975124378109453,0.9897179832737144,0.07203389830508475,0.45098039215686275,0.03448899605342681,0.2798800571156592,0.0,0.0,1.6618808500919569,0.5125,0.9995491108252484,0.9772292523542843,1.7508568213840252,0.538678509957831,0.013690473089014296
resource_selection,classical,21,64,24,80,691,635,1326,4140,2444,1696,0.4096618357487923,80,74.6923076923077,15,8.425,0.7134587554269175,0.08274731267783526,0.0012793876481226357,0.0059770083297137604,0.004975124378109453,0.9920183870205623,0.07380607814761216,0.35294117647058826,0.02408284359861762,0.28007304347826095,0.0,0.0,1.7430404378497268,0.3375,0.9224062617590723,0.8842505784036093,1.2184258483032444,0.6790356372742672,0.00688353287124556
resource_selection,classical,22,64,24,80,774,718,1492,4018,2799,1219,0.303384768541563,80,74.0923076923077,16,9.0375,0.5645994832041343,0.011514118131143267,0.0009363131663955042,0.003635024608614923,0.004975124378109453,0.9841247367110058,0.0710594315245478,0.509090909090909,0.03520800041239239,0.27971567944250875,0.0,0.0,1.625700945239886,0.65,0.934068055375491,0.9827680839458207,2.034745125693281,0.3294840720367751,0.015567328802370412
resource_selection,classical,23,64,24,80,709,653,1362,4129,2537,1592,0.3855655122305643,80,74.8,14,8.525,0.6304654442877292,0.045640512924288446,0.0010516043357312428,0.0038782342668110675,0.004975124378109453,0.9911040807802779,0.07193229901269393,0.45098039215686275,0.007417678824878288,0.2800406878178736,0.0,0.0,1.6246123363727358,0.5125,0.9995491108252484,0.9796559886207541,1.751520834011449,0.7014060827170038,0.006573368516587333
resource_selection,classical,24,64,24,80,732,676,1408,4071,2637,1434,0.3522476050110538,80,74.26153846153846,18,10.5375,0.6680327868852459,0.07264093308124987,0.0010038335710051084,0.004403383260181555,0.004975124378109453,0.9955620619981128,0.09153005464480875,0.4925373134328358,0.025217901784756525,0.279801915991157,0.0,0.0,1.6063737132323843,0.6875,0.8960382325345575,0.9789405298384359,2.1746318943361547,0.9550156071388477,0.01113127035647833
resource_selection,classical,25,64,24,80,686,630,1316,4109,2406,1703,0.414456072036992,80,74.13846153846154,13,7.3375,0.6632653061224489,0.07866444757790488,0.0011359092491731425,0.004197762667585941,0.004975124378109453,0.9946646284517747,0.08454810495626822,0.5689655172413793,0.025242529797872115,0.2796074957410563,0.0,0.0,1.6443044119849546,0.55,0.9927744539878084,0.9833098176614591,1.9062065374748756,0.8860117090201303,0.010468150065734294
resource_selection,classical,26,64,24,80,728,672,1400,4130,2545,1585,0.3837772397094431,80,75.1076923076923,15,9.5625,0.6414835164835165,0.03853724725500772,0.0009482693028279685,0.003769446881189735,0.004975124378109453,0.9911497394573942,0.061813186813186816,0.5555555555555556,0.02564646304559559,0.28026847457627124,0.0,0.0,1.5813240310014887,0.65,0.934068055375491,0.9490954593368994,2.3043135645966486,0.39547534613224566,0.016993474781466737
resource_selection,classical,27,64,24,80,725,669,1394,4039,2632,1407,0.3483535528596187,80,73.66153846153846,19,8.975,0.6179310344827587,0.03917757689710556,0.0008551116258685398,0.0036730551273321263,0.004975124378109453,0.991089402898934,0.09241379310344827,0.44776119402985076,0.015950640978322383,0.27983362218370894,0.0,0.0,1.6222229740030971,0.575,0.9837082626231857,0.9651521982115145,2.141494346037129,0.604530082950898,0.010297102630388627
resource_selection,classical,28,64,24,80,742,686,1428,4059,2727,1332,0.328159645232816,80,74.23076923076923,17,9.675,0.6388140161725068,0.056216730652907804,0.0008672291250911445,0.0032366002006468594,0.004975124378109453,0.9842961560388643,0.09164420485175202,0.5,0.023953994571789428,0.27960266075388035,0.0,0.0,1.6547794500053539,0.4875,0.9995491108252484,0.9852494978694558,1.7186726913516395,0.5342529119623072,0.011030937427562813
resource_selection,classical,29,64,24,80,704,648,1352,4122,2521,1601,0.38840368753032506,80,74.61538461538461,15,8.65,0.578125,0.01683649305691766,0.0009156580070283247,0.0036786488325735007,0.004975124378109453,0.9885458737732216,0.10227272727272728,0.4583333333333333,0.020064476570232526,0.27998369723435235,0.0,0.0,1.6237993571936118,0.4,0.9709505944546686,0.9871703439855397,1.6565893761174166,0.8918728232355507,0.011485099892389355
resource_selection,classical,30,64,24,80,687,631,1318,4090,2606,1484,0.3628361858190709,80,73.86153846153846,20,10.4,0.6433770014556041,0.060172359944096476,0.0010106673320079195,0.0036712348756737997,0.004975124378109453,0.9944407483000407,0.05822416302765648,0.55,0.011837413196771868,0.27975354523227397,0.0,0.0,1.6393403447351047,0.5875,0.9777945702913884,0.9935041026421887,1.9835855467894763,0.6670092192603582,0.010278513399609045
resource_selection,classical,31,64,24,80,692,636,1328,4074,2447,1627,0.39936180657830145,80,73.6923076923077,15,8.8875,0.6401734104046243,0.04114142991523352,0.00105677838972219,0.0044735549229306705,0.004975124378109453,0.9909683144031897,0.06647398843930635,0.3695652173913043,0.00968859729586527,0.28019793814432997,0.0,0.0,1.7061452701266557,0.2625,0.8304955225035799,0.9439312821998916,1.3232988702736754,0.680731767829739,0.009554103286547913
resource_selection,classical,32,64,24,80,750,694,1444,4025,2565,1460,0.3627329192546584,80,73.83076923076923,16,10.1375,0.672,0.07951447607759769,0.0010036671577473481,0.003902548232518094,0.004975124378109453,0.9950625802215753,0.07333333333333333,0.5272727272727272,0.005082867750205583,0.28017530434782617,0.0,0.0,1.6883394516521997,0.4125,0.9777945702913884,0.9746400930436114,1.172523456775225,0.9487776638006352,0.01169862273832027
resource_selection,classical,33,64,24,80,731,676,1407,4040,2613,1427,0.3532178217821782,79,73.76923076923077,20,13.025316455696203,0.5471956224350205,0.006147730579885567,0.0009510547831501699,0.0035670373753915983,0.009950248756218905,0.9831094849785916,0.07523939808481532,0.4909090909090909,0.009790920467414671,0.280690297029703,0.0,0.0,1.6319680229321962,0.5822784810126582,0.980377508715691,0.9858546577238079,2.018668571169272,0.43173494400751217,0.017817309577492394
resource_selection,classical,34,64,24,80,748,692,1440,4110,2646,1464,0.3562043795620438,80,75.1076923076923,15,10.825,0.6029411764705882,0.03118634866445115,0.0011439700250668915,0.004255237557555705,0.004975124378109453,0.9875402103975857,0.09090909090909091,0.5,0.029700344988393773,0.2798201459854015,0.0,0.0,1.6629315640469946,0.5,1.0,0.9876935718984476,1.6725475423650096,0.77949783540875,0.005353745241858624
resource_selection,classical,35,64,24,80,736,680,1416,4114,2689,1425,0.34637822070977153,80,74.98461538461538,14,8.1375,0.6725543478260869,0.010838272507950816,0.0009094123951004674,0.0037359555256327344,0.004975124378109453,0.9886950440265557,0.059782608695652176,0.4772727272727273,0.026219739823711674,0.2801143412736996,0.0,0.0,1.5205861147000197,0.875,0.5435644431995964,0.8259571206522653,2.750104373657708,0.35281529337253537,0.007412586685397152
resource_selection,classical,36,64,24,80,729,673,1402,4167,2579,1588,0.38108951283897285,80,75.6923076923077,15,9.9625,0.6035665294924554,0.02732773172169778,0.0012539326784605615,0.005183952254839262,0.004975124378109453,0.9891004212700989,0.07956104252400549,0.4827586206896552,0.020556932092164748,0.28041123110151195,0.0,0.0,1.6161012402966117,0.65,0.934068055375491,0.9865939251355236,1.8957348437831918,0.5974809001483341,0.01177771868963226
resource_selection,classical,37,64,24,80,671,615,1286,4253,2410,1843,0.4333411709381613,80,76.12307692307692,16,9.2625,0.6304023845007451,0.03735705931535063,0.0011629365992230898,0.004425905822841299,0.004975124378109453,0.9893276189240688,0.06110283159463487,0.4634146341463415,0.04462494354284244,0.2793047731013403,0.0,0.0,1.604611216846998,0.75,0.8112781244591328,0.967209537131452,2.150238479599325,0.3663793158838794,0.017607299952139565
resource_selection,classical,38,64,24,80,721,665,1386,4116,2552,1564,0.37998056365403304,80,74.78461538461538,13,7.95,0.6310679611650486,0.050729449591846235,0.001003459544405071,0.003393306083734297,0.004975124378109453,0.9910966616452114,0.08044382801664356,0.43103448275862066,0.03119365321199441,0.28028571428571436,0.0,0.0,1.665791641305715,0.475,0.99819587904281,0.9846683864627699,1.5733546260519362,0.7478148711027578,0.010172266185385715
resource_selection,classical,39,64,24,80,749,693,1442,4137,2548,1589,0.3840947546531303,80,75.53846153846153,18,11.875,0.562082777036048,0.007999573196555664,0.0009905359775369033,0.003552155654132422,0.014925373134328358,0.9750672972698564,0.08544726301735647,0.421875,0.02251935918285114,0.28007309644670053,0.0,0.0,1.6927180697728021,0.375,0.9544340029249649,0.9709941912403299,1.2545792901177077,0.4364377489871044,0.010241856025050648
resource_selection,classical,40,64,24,80,700,644,1344,4033,2390,1643,0.4073890404165634,80,73.18461538461538,14,8.475,0.65,0.057362799717170065,0.0009361255905062342,0.0032670124061855606,0.004975124378109453,0.9910843213531457,0.07857142857142857,0.509090909090909,0.03206180804105693,0.27992501859657826,0.0,0.0,1.61013767590434,0.6125,0.9631672450918831,0.971688590990761,1.9516368143375105,0.6594225792318773,0.016256412737735412
resource_selection,classical,41,64,24,80,717,661,1378,4144,2457,1687,0.40709459459459457,80,75.15384615384616,17,10.5,0.6610878661087866,0.06648882682244717,0.00108545779158017,0.004501541946630005,0.004975124378109453,0.9914764348394313,0.0794979079497908,0.543859649122807,0.04302397227303359,0.27972432432432437,0.0,0.0,1.6168042689298707,0.5375,0.9959386076315955,0.9708267899507884,1.9859007989773947,0.7666226010670897,0.01686359121807964
resource_selection,classical,42,64,24,80,716,660,1376,4223,2520,1703,0.4032678190859578,80,76.35384615384615,15,9.4375,0.5949720670391061,0.023100916766796514,0.0009430055448950236,0.0035992619597021236,0.004975124378109453,0.9905425160851327,0.08100558659217877,0.603448275862069,0.024307125558058557,0.2801511721524983,0.0,0.0,1.6233252540646732,0.6375,0.9447388286467892,0.962558690831171,2.0979980810952803,0.7455750143419632,0.013208286388113223
resource_selection,classical,43,64,24,80,736,680,1416,4132,2597,1535,0.37149080348499514,80,75.26153846153846,17,10.0,0.6752717391304348,0.08773305423433182,0.0009550396815464651,0.0034463723771794345,0.004975124378109453,0.9931889407600852,0.07201086956521739,0.5094339622641509,0.037373734454901775,0.2799268151016458,0.0,0.0,1.6815720787033905,0.3125,0.8960382325345575,0.9709228945944803,1.2747952598222707,0.7670429066565995,0.015392811658633914
resource_selection,classical,44,64,24,80,767,711,1478,4128,2845,1283,0.31080426356589147,80,75.67692307692307,18,9.5875,0.6205997392438071,0.019030420959230396,0.0008791396895263023,0.0031067282101201123,0.004975124378109453,0.9908854374806366,0.08083441981747067,0.41935483870967744,-0.007142857142857145,0.27995930232558147,0.0,0.0,1.5520472076054939,0.7125,0.8654698974285928,0.9147855456648745,2.5611778039116624,0.354458662777888,0.0031320303580013214
resource_selection,classical,45,64,24,80,705,649,1354,4148,2471,1677,0.40429122468659595,80,75.03076923076924,16,10.15,0.6212765957446809,0.014201836997013266,0.0010943743990816045,0.0049916848557867675,0.004975124378109453,0.9805629122072858,0.08226950354609928,0.4827586206896552,0.0021306951833672816,0.2800972034715526,0.0,0.0,1.5631379362548334,0.6875,0.8960382325345575,0.9027120609449268,2.3134494241656185,0.4431453239652766,0.006258549390953244
resource_selection,classical,46,64,24,80,675,619,1294,4196,2477,1719,0.409675881792183,80,75.3076923076923,15,10.9125,0.6074074074074074,0.02365107945050165,0.001357862069324833,0.0045171556141734405,0.004975124378109453,0.9841680761770637,0.07555555555555556,0.43137254901960786,0.014010916511731475,0.2802802669208771,0.0,0.0,1.7016940084724546,0.4375,0.9886994082884974,0.9559781567418391,1.4087330325397776,0.4370110829378153,0.00938265913971361
resource_selection,classical,47,64,24,80,700,644,1344,4195,2590,1605,0.38259833134684146,80,75.67692307692307,14,8.925,0.6157142857142858,0.03557559198328723,0.001105416609338275,0.003600780016056612,0.004975124378109453,0.9862948447490356,0.08571428571428572,0.48333333333333334,0.02800173959255653,0.27994393325387373,0.0,0.0,1.614283253114314,0.4875,0.9995491108252484,0.9826119132768688,2.0444285104542184,0.5848952341502787,0.011243875378060883
resource_selection,classical,48,64,24,80,712,656,1368,4069,2730,1339,0.329073482428115,80,73.92307692307692,17,9.8375,0.6179775280898876,0.04149726254191988,0.0009511031877330941,0.0034128855540617,0.004975124378109453,0.9895161075363156,0.07443820224719101,0.4716981132075472,0.03667334747690673,0.2797109855001229,0.0,0.0,1.679018434957186,0.3875,0.9631672450918832,0.9795921192524767,1.5492021859174434,0.7560736709283049,0.013055874877942615
resource_selection,classical,49,64,24,80,727,671,1398,4073,2522,1551,0.3808003928308372,80,74.21538461538462,15,9.9125,0.5419532324621733,0.004965599822633268,0.0009967938131682256,0.0037328975077812222,0.03980099502487562,0.9760061716157428,0.07015130674002751,0.43137254901960786,0.014046929673967146,0.2794967836975203,0.0,0.0,1.6308482612105537,0.425,0.9837082626231857,0.9924186787363016,1.707384120447297,0.31943142268010244,0.012002956840508734
resource_selection,classical,50,64,24,80,679,623,1302,4002,2445,1557,0.38905547226386805,80,72.38461538461539,15,8.2875,0.5581737849779087,0.005057785199969328,0.0011302986571829362,0.00434577488681848,0.03482587064676617,0.961426928036436,0.09278350515463918,0.5555555555555556,0.021070624424043338,0.2798572713643179,0.0,0.0,1.698717239032797,0.45,0.9927744539878084,0.9550906374319255,1.491026342237144,0.5024998009081352,0.008466843539749368
resource_selection,classical,51,64,24,80,663,607,1270,4076,2437,1639,0.4021099116781158,80,73.27692307692308,15,9.3875,0.6847662141779789,0.09041255313035955,0.0010721370807764514,0.003787465626426134,0.004975124378109453,0.9955197408840176,0.0693815987933635,0.5434782608695652,0.011068665775240433,0.27967850834151137,0.0,0.0,1.616106961572247,0.6375,0.9447388286467892,0.9758689095587499,1.9231194498415838,0.8755196789899854,0.01063388599918525
resource_selection,classical,52,64,24,80,697,641,1338,4137,2467,1670,0.4036741600193377,80,74.73846153846154,15,9.6125,0.6614060258249641,0.07635699777993968,0.0011356962609106167,0.004061507653694751,0.004975124378109453,0.9909511513233501,0.07890961262553801,0.36363636363636365,0.025339863423500752,0.2798213197969544,0.0,0.0,1.635493564619333,0.525,0.99819587904281,0.9941329349088667,1.7725000860374294,0.613512034248747,0.010806514537239737
resource_selection,classical,53,64,24,80,673,617,1290,4196,2230,1966,0.46854146806482366,80,75.27692307692308,16,10.3125,0.6136701337295691,0.02494179778496062,0.0011991765315782195,0.004619089693127367,0.004975124378109453,0.9894803937127247,0.06835066864784546,0.41304347826086957,0.014238030275328273,0.2798638703527169,0.0,0.0,1.5900185926737789,0.65,0.934068055375491,0.9696320616808296,2.0587581797374397,0.6442130755304764,0.010897675029375654
resource_selection,classical,54,64,24,80,718,662,1380,4117,2616,1501,0.36458586349283456,80,74.75384615384615,13,8.6375,0.6462395543175488,0.048467580835683116,0.0008844969205844054,0.00273522655044554,0.004975124378109453,0.9896141092466892,0.08774373259052924,0.36507936507936506,0.03200792634652502,0.2803509351469517,0.0,0.0,1.6921919736203392,0.4,0.9709505944546686,0.9309908784513348,1.45826728334806,0.8318493971296986,0.012752210379789276
resource_selection,classical,55,64,24,80,700,644,1344,4199,2554,1645,0.39175994284353416,80,75.73846153846154,14,9.4125,0.5957142857142858,0.026523920294952416,0.0012777376429065478,0.005032363364917037,0.004975124378109453,0.9831143747115566,0.10428571428571429,0.5342465753424658,0.010244604251244127,0.2800400095260777,0.0,0.0,1.6276121896660578,0.575,0.9837082626231857,0.990726276300726,1.6367451178477903,0.6669640017201269,0.009089418482190012
resource_selection,classical,56,64,24,80,688,632,1320,4142,2447,1695,0.4092225977788508,80,74.67692307692307,16,9.5,0.6206395348837209,0.04301953179390272,0.0010683310999992973,0.0036992580972375877,0.004975124378109453,0.9906785292482336,0.08139534883720931,0.42857142857142855,0.026718538797939034,0.27995943988411404,0.0,0.0,1.637064236478405,0.5375,0.9959386076315955,0.9819620278136119,1.7997996935864076,0.5685889368179196,0.011547686300970311
resource_selection,classical,57,64,24,80,710,654,1364,4231,2552,1679,0.3968329000236351,80,76.38461538461539,16,7.8,0.6281690140845071,0.04603248347006883,0.0007736048193271221,0.0024668523890926837,0.004975124378109453,0.990586674867996,0.07746478873239436,0.41818181818181815,0.02611147762562957,0.28027000709052247,0.0,0.0,1.6228969379975227,0.6375,0.9447388286467892,0.9788209659440038,2.0209289595453823,0.6039343717096214,0.010941737893560162
resource_selection,classical,58,64,24,80,724,668,1392,4087,2596,1491,0.36481526792268165,80,74.38461538461539,14,9.2375,0.6919889502762431,0.10840805183514532,0.0011160621890626333,0.004277093320884111,0.004975124378109453,0.9939551930300254,0.09392265193370165,0.6029411764705882,0.00943337860702817,0.28023019329581605,0.0,0.0,1.6283352613915738,0.45,0.9927744539878084,0.9903770820587445,1.658571829577032,0.9516755128902699,0.010775601310115221
resource_selection,classical,59,64,24,80,677,621,1298,4128,2485,1643,0.39801356589147285,80,74.29230769230769,15,9.925,0.6395864106351551,0.03523756638884887,0.000911216685015384,0.003130444858178415,0.004975124378109453,0.9896540908604416,0.07828655834564253,0.5094339622641509,0.0004999925076047684,0.2803255813953489,0.0,0.0,1.7072089088431055,0.3375,0.9224062617590723,0.9413196645938835,1.1686982423303622,0.6161249024343143,0.009796492848987438
resource_selection,classical,60,64,24,80,704,648,1352,4221,2511,1710,0.4051172707889126,80,76.13846153846154,17,9.8375,0.6079545454545454,0.004904675313259593,0.0011078651877341045,0.0035713761839132573,0.03980099502487562,0.9667270592527109,0.09517045454545454,0.47761194029850745,0.00019423155738773623,0.2800716417910448,0.0,0.0,1.7341675931987368,0.3125,0.8960382325345575,0.8870561427874826,1.1000957390369395,0.3898306653403977,0.005567148519762851
resource_selection,classical,61,64,24,80,752,696,1448,4080,2677,1403,0.34387254901960784,80,74.70769230769231,24,11.7125,0.6409574468085106,0.05890195816707186,0.0011383082003669717,0.004451072633946961,0.004975124378109453,0.9905498676486829,0.07047872340425532,0.49056603773584906,0.003372193852972355,0.28029647058823537,0.0,0.0,1.6348466445326195,0.5875,0.9777945702913884,0.9944678315758202,2.0565860380102876,0.8159266664465858,0.003520761245674747
resource_selection,classical,62,64,24,80,727,671,1398,4139,2671,1468,0.35467504228074415,80,75.23076923076923,15,10.15,0.6162310866574966,0.024262400634395595,0.0009260410085349495,0.0032239348353035493,0.004975124378109453,0.9792674664976185,0.0811554332874828,0.559322033898305,0.019883297355639512,0.2801055327373763,0.0,0.0,1.589901929276833,0.625,0.9544340029249649,0.9612337913214146,2.1286806322075256,0.395459250286382,0.005246822472125766
resource_selection,classical,63,64,24,80,724,668,1392,4067,2658,1409,0.34644701253995575,80,74.07692307692308,17,9.9875,0.6477900552486188,0.0619763614920064,0.0009842151000147477,0.004194688321672746,0.004975124378109453,0.9881619902409986,0.08425414364640885,0.5737704918032787,0.04775825819044893,0.2800165232358004,0.0,0.0,1.6707313884984991,0.375,0.9544340029249649,0.9682561650172382,1.3811577349655262,0.6409967920361627,0.016386516746874916
resource_selection,classical,64,64,24,80,718,662,1380,4148,2429,1719,0.4144165863066538,80,75.23076923076923,13,9.6,0.637883008356546,0.04945898419933939,0.000943589070351411,0.0034841251777982976,0.004975124378109453,0.9933069048760148,0.09192200557103064,0.4090909090909091,-0.009653433056485639,0.27995139826422377,0.0,0.0,1.6161821757038808,0.525,0.99819587904281,0.9729796023887286,1.6875780073439883,0.714253782755528,0.004589819866483045
resource_selection,classical,65,64,24,80,656,600,1256,4029,2430,1599,0.39687267311988084,80,72.44615384615385,15,8.575,0.6234756097560976,0.032918719188002016,0.001221537143470461,0.004618959093900827,0.004975124378109453,0.9886907314043626,0.09298780487804878,0.5573770491803278,0.011666931159289046,0.2799332836932242,0.0,0.0,1.5974190613750214,0.5875,0.9777945702913884,0.9685409009621865,1.9742816381304884,0.5208221349260542,0.0030535012324706384
resource_selection,classical,66,64,24,80,687,632,1319,4081,2427,1654,0.40529282038716,79,73.72307692307692,15,8.670886075949367,0.6695778748180495,0.03211424399208184,0.0011990433166589511,0.003965262194460067,0.004975124378109453,0.9906211013482633,0.08151382823871907,0.44642857142857145,0.0207422969187675,0.2800576329331047,0.0,0.0,1.7586146208674818,0.25316455696202533,0.8162554088088008,0.8751494445592545,0.7668434627279781,0.6001234356545514,0.0016715541166170645
resource_selection,classical,67,64,24,80,763,712,1475,4148,2824,1324,0.3191899710703954,75,75.92307692307692,17,10.72,0.6068152031454783,0.03318183037690926,0.000893584219791268,0.0032414377388506987,0.004975124378109453,0.9858236022409584,0.07339449541284404,0.5357142857142857,0.02026411657559199,0.28007290260366446,0.0,0.0,1.657986604429267,0.52,0.9988455359952018,0.9911505003842098,1.7676983220917175,0.6288057748021099,0.006110053851282678
resource_selection,classical,68,64,24,80,700,644,1344,3908,2415,1493,0.3820368474923234,80,71.26153846153846,20,11.325,0.66,0.03682884053730022,0.0011441890596095156,0.003763135092115989,0.004975124378109453,0.9903745972002572,0.08571428571428572,0.5333333333333333,0.03397195460348865,0.27967328556806553,0.0,0.0,1.7368186274536674,0.325,0.9097361225311662,0.8725986866902661,1.256466131280683,0.7601331353207138,0.01120945513441708
resource_selection,classical,69,64,24,80,715,659,1374,3949,2506,1443,0.36540896429475817,80,72.12307692307692,15,10.125,0.5902097902097903,0.012647661582570913,0.0007905318531362942,0.0038960243988419084,0.004975124378109453,0.9670045291123816,0.09090909090909091,0.4307692307692308,0.025527939078542866,0.28028077994428974,0.0,0.0,1.7058240702598226,0.375,0.9544340029249649,0.9374293992617767,1.2523628213632805,0.4133520740451509,0.004311235664189161
resource_selection,classical,70,64,24,80,710,654,1364,4138,2586,1552,0.375060415659739,80,74.95384615384616,15,9.5125,0.7056338028169014,0.1188526579486133,0.0009979150093473938,0.004653759005371152,0.004975124378109453,0.9945376600698157,0.09154929577464789,0.6,0.015795960459793257,0.2800162397293379,0.0,0.0,1.6676736332040647,0.3,0.8812908992306927,0.9724861570499733,1.4628197059609251,1.0868975834617827,0.008133600544389191
resource_selection,classical,71,64,24,80,729,673,1402,4097,2650,1447,0.35318525750549185,80,74.61538461538461,17,9.9625,0.5816186556927297,0.019227119423962928,0.0011145947890787073,0.0038704356113463644,0.004975124378109453,0.9933197387528725,0.07133058984910837,0.4423076923076923,0.018930724832791512,0.2801804247010008,0.0,0.0,1.6182276557108246,0.4625,0.9959386076315955,0.9909409612782313,1.6198209514524273,0.7875240411330922,0.016862442851407436
resource_selection,classical,72,64,24,80,675,619,1294,4089,2467,1622,0.39667400342382003,80,73.66153846153846,16,9.9375,0.6192592592592593,0.03761112748231345,0.0010671013376556083,0.003714418423533439,0.004975124378109453,0.9925774731186856,0.0874074074074074,0.5084745762711864,-0.0021224697830202477,0.280065737344094,0.0,0.0,1.6725484824398165,0.5125,0.9995491108252484,0.9799340219807433,1.6603886609822134,0.8507588352597605,0.0038345276870626367
resource_selection,classical,73,64,24,80,720,664,1384,4163,2521,1642,0.39442709584434305,80,75.49230769230769,16,9.125,0.5972222222222222,0.023935054073479123,0.001045019308100654,0.004521707328878723,0.004975124378109453,0.987078694850691,0.08611111111111111,0.46774193548387094,0.0321859010950703,0.2798547201537353,0.0,0.0,1.6764438215822925,0.4375,0.9886994082884974,0.9683840424151297,1.5600482117581136,0.6971897785981115,0.019964722450832393
resource_selection,classical,74,64,24,80,675,619,1294,4139,2426,1713,0.4138680840782798,80,74.43076923076923,14,7.975,0.5703703703703704,0.015179580154629252,0.001056220912093223,0.003916406623902448,0.004975124378109453,0.9873929200359253,0.08592592592592592,0.4827586206896552,0.017383865855657793,0.28008929693162604,0.0,0.0,1.6523018781548768,0.5125,0.9995491108252484,0.9882969574790442,1.7777884931583714,0.5319529413373948,0.008989149173026411
resource_selection,classical,75,64,24,80,719,663,1382,4076,2565,1511,0.37070657507360155,80,74.13846153846154,19,12.3375,0.5869262865090403,0.02089392320659223,0.0010370703060560383,0.004047521561503917,0.004975124378109453,0.9838190382264302,0.0917941585535466,0.42424242424242425,0.026526567019275527,0.28007419038272824,0.0,0.0,1.6289589752315752,0.625,0.9544340029249649,0.9736545890521804,2.130073583383525,0.47064779879452834,0.013840140856599969
resource_selection,classical,76,64,24,80,708,652,1360,4231,2508,1723,0.4072323327818483,80,76.35384615384615,14,9.275,0.6228813559322034,0.04135065161951029,0.000990539323490625,0.0038429685861647335,0.004975124378109453,0.9903985414650786,0.08192090395480225,0.5172413793103449,0.02213764962138398,0.28048442448593713,0.0,0.0,1.6621862659927995,0.4,0.9709505944546686,0.9739957079366828,1.665415406601138,0.7047696525751522,0.007750528018512117
resource_selection,classical,77,64,24,80,725,669,1394,4110,2653,1457,0.35450121654501215,80,74.75384615384615,16,10.025,0.5793103448275863,0.017661304917299704,0.001052646195842567,0.003772087595820332,0.004975124378109453,0.9909906904034836,0.07172413793103448,0.3076923076923077,0.03364011575501685,0.28042510948905114,0.0,0.0,1.6324859112604764,0.5625,0.9886994082884974,0.9902225067507454,1.8326580131266539,0.4434207282761224,0.008230474600552928
resource_selection,classical,78,64,24,80,701,645,1346,4138,2477,1661,0.4014016433059449,80,74.81538461538462,16,9.1625,0.5663338088445078,0.012242930513958965,0.0008217133844012348,0.003005208514574427,0.004975124378109453,0.9877819313024407,0.08273894436519258,0.39655172413793105,0.011920526704089052,0.28042223296278396,0.0,0.0,1.6327367543032862,0.5875,0.9777945702913884,0.9899103689742044,1.868918286967927,0.4543910293589619,0.010437630131651826
resource_selection,classical,79,64,24,80,679,623,1302,4180,2393,1787,0.42751196172248807,80,75.12307692307692,15,9.4,0.6362297496318114,0.054635817741325754,0.0007993481555596452,0.0026702188877249637,0.004975124378109453,0.9804343141456743,0.10309278350515463,0.5714285714285714,0.0259740169999938,0.2797186602870814,0.0,0.0,1.6606691228502302,0.5375,0.9959386076315955,0.9822179005764664,1.652316581894722,0.6054933876852253,0.016192681028364755
resource_selection,classical,80,64,24,80,676,620,1296,4091,2465,1626,0.39745783427034953,80,73.70769230769231,13,8.4375,0.6420118343195266,0.031775327814398915,0.0011230803424351835,0.003912741989783201,0.004975124378109453,0.9871305359994761,0.06360946745562131,0.4883720930232558,0.024319533231071916,0.2800903446590077,0.0,0.0,1.5884054791089943,0.775,0.7691928290130137,0.9310786287169706,2.197348665295351,0.48869139695820607,0.007133305182913693
resource_selection,classical,81,64,24,80,689,633,1322,4227,2474,1753,0.4147149278448072,80,76.0,18,9.7,0.6037735849056604,0.026883032080242758,0.000976333060416266,0.003998839467569293,0.004975124378109453,0.9828341723173073,0.0783744557329463,0.5185185185185185,0.010733608623955754,0.2798648687012065,0.0,0.0,1.615338785869191,0.7125,0.8654698974285928,0.9568709163028635,2.0536315574913835,0.5568897389934006,0.00656990678453635
resource_selection,classical,82,64,24,80,714,658,1372,4216,2591,1625,0.38543643263757116,80,76.21538461538462,14,9.05,0.7030812324929971,0.05444552866635104,0.0009644684541842724,0.0038270316227483237,0.004975124378109453,0.9938279449294771,0.09103641456582633,0.46153846153846156,-0.0018604040359824214,0.2800239089184061,0.0,0.0,1.7254843822044807,0.3625,0.944738828646789,0.8636439696922333,1.3454257916774242,0.9563701112531172,0.004386132704902979
resource_selection,classical,83,64,24,80,720,664,1384,4128,2593,1535,0.37185077519379844,80,74.95384615384616,16,9.9875,0.6736111111111112,0.07032623236858494,0.0009305253779028583,0.003105535755876878,0.004975124378109453,0.9936297262438705,0.10138888888888889,0.5342465753424658,0.01406617694216547,0.28009767441860467,0.0,0.0,1.5851764974142106,0.65,0.934068055375491,0.9574382471304408,2.0512722349353214,0.656077241417018,0.008213899405083831
resource_selection,classical,84,64,24,80,686,630,1316,4117,2563,1554,0.37745931503521984,80,74.26153846153846,14,9.1875,0.6355685131195336,0.04797534871200006,0.0011265242063605567,0.004188762926288624,0.004975124378109453,0.9912177425153883,0.10058309037900874,0.4492753623188406,0.02359783888316283,0.2799020646101531,0.0,0.0,1.6139198145452387,0.425,0.9837082626231857,0.9868671758076863,1.635887305760474,0.6082773545455308,0.009958589800674227
resource_selection,classical,85,64,24,80,710,654,1364,4103,2457,1646,0.4011698757007068,80,74.41538461538461,15,10.5,0.643661971830986,0.04006978137914588,0.0009997942537218743,0.003288454683286861,0.004975124378109453,0.9917562376688285,0.07605633802816901,0.5370370370370371,0.03011925680272695,0.28002456738971493,0.0,0.0,1.5829715318007267,0.725,0.8485481782946158,0.9423061526194558,2.3797444183061387,0.6670555488859339,0.01376574888077293
resource_selection,classical,86,64,24,80,707,651,1358,4106,2649,1457,0.3548465660009742,80,74.41538461538461,15,9.275,0.6534653465346535,0.06819710644921076,0.0012328700867000706,0.004412831346573717,0.004975124378109453,0.9926238895798996,0.0876944837340877,0.4838709677419355,0.007126484504691,0.27976268874817345,0.0,0.0,1.637993723179818,0.55,0.9927744539878084,0.9675848919586871,1.9381760406823616,0.7197688917870266,0.01339343016492563
resource_selection,classical,87,64,24,80,759,703,1462,4072,2757,1315,0.32293713163064836,80,74.6923076923077,21,11.425,0.5625823451910409,0.0073693998221839516,0.0010403675530155814,0.0033936370862839953,0.004975124378109453,0.9810193037198061,0.07378129117259552,0.5714285714285714,0.04640543744334466,0.27981021611001966,0.0,0.0,1.6236011442004445,0.6,0.9709505944546686,0.9842518258516058,1.8973792887126648,0.41536775527480424,0.012840639124443718
resource_selection,classical,88,64,24,80,679,623,1302,4022,2378,1644,0.4087518647439085,80,72.6923076923077,14,9.225,0.6627393225331369,0.07429287575287395,0.0011227900836014687,0.0034553243457438507,0.004975124378109453,0.9892008138885005,0.10014727540500737,0.4117647058823529,0.011073517767551555,0.2798830432620587,0.0,0.0,1.6681979488870777,0.4125,0.9777945702913884,0.9863478345974084,1.515666428318699,0.8038597509176489,0.009538413909969554
resource_selection,classical,89,64,24,80,692,636,1328,4168,2394,1774,0.42562380038387715,80,75.13846153846154,16,8.725,0.541907514450867,0.0019395512619096167,0.0011555434437099355,0.004605698247715274,0.208955223880597,0.9775791606159713,0.07514450867052024,0.4230769230769231,0.004727544403236,0.27993550863723615,0.0,0.0,1.683566660784329,0.35,0.934068055375491,0.9704127188889334,1.1357354880330033,0.4726480913021982,0.012314830847219113
resource_selection,classical,90,64,24,80,695,640,1335,4190,2569,1621,0.386873508353222,79,75.52307692307693,16,7.9113924050632916,0.5640287769784172,0.01214703428301827,0.0009943202572706325,0.0032456152455818802,0.004975124378109453,0.9867640435571583,0.08920863309352518,0.5,0.028515174690517786,0.28036085918854425,0.0,0.0,1.6538373873459409,0.5063291139240507,0.9998844148717589,0.9909711617769155,1.8605551825159077,0.5492853730339742,0.013015703943358728
resource_selection,classical,91,64,24,80,713,657,1370,4184,2450,1734,0.4144359464627151,80,75.70769230769231,19,11.8625,0.6086956521739131,0.024677251702888828,0.0012339917709559515,0.004558462063832192,0.004975124378109453,0.9865350718112657,0.08695652173913043,0.532258064516129,0.03259764135717863,0.28005621414913967,0.0,0.0,1.6101878808895838,0.4875,0.9995491108252484,0.9737761179714106,1.8043429877063268,0.5245628305892566,0.009036119113512648
resource_selection,classical,92,64,24,80,718,662,1380,4189,2534,1655,0.39508235855812845,80,75.86153846153846,15,9.1375,0.7089136490250696,0.08438167746343579,0.0010392954583991207,0.003398819637109707,0.004975124378109453,0.9923074562540606,0.06685236768802229,0.6041666666666666,0.026270900007393544,0.2802967772738124,0.0,0.0,1.739052056630329,0.425,0.9837082626231857,0.8853349910191596,1.3265101477133743,0.7403097082681069,0.014480341920184391
resource_selection,classical,93,64,24,80,729,673,1402,4096,2752,1344,0.328125,80,74.6,14,8.6,0.5555555555555556,0.0031996339417674595,0.0007604489212734651,0.0026714624414641425,0.03980099502487562,0.9860697362401616,0.10150891632373114,0.5,0.009329964571541477,0.27995078125000006,0.0,0.0,1.6035349222208348,0.65,0.934068055375491,0.9566164361463902,2.0999788213143504,0.5675565730860705,0.009293913841247559
resource_selection,classical,94,64,24,80,731,675,1406,4097,2610,1487,0.36294849890163533,80,74.64615384615385,16,9.4125,0.6183310533515732,0.040997089993236285,0.0009377027665374221,0.0038548864004196402,0.004975124378109453,0.9919725703577285,0.06566347469220246,0.5208333333333334,0.042734113411341146,0.27970475958018065,0.0,0.0,1.6347460869928985,0.55,0.9927744539878084,0.9608339678633249,1.8729793035332627,0.6385936166275428,0.020362029903471513
resource_selection,classical,95,64,24,80,724,668,1392,4156,2688,1468,0.3532242540904716,80,75.44615384615385,14,9.475,0.6049723756906077,0.024105683768556603,0.0012106404599039617,0.0052935008145055945,0.004975124378109453,0.9861108095931425,0.08149171270718232,0.5084745762711864,0.0228010052886862,0.27986256015399436,0.0,0.0,1.682395691981503,0.4625,0.9959386076315955,0.9504991011371107,1.3734105854503322,0.5143990328705463,0.009855991685201123
resource_selection,classical,96,64,24,80,723,667,1390,4108,2548,1560,0.379746835443038,80,74.6923076923077,16,9.5875,0.5809128630705395,0.015562400508455691,0.0008718923645054502,0.003267031864840018,0.004975124378109453,0.9869411307560721,0.08437067773167359,0.5737704918032787,0.01915165928833748,0.2801063291139241,0.0,0.0,1.6184894928824392,0.625,0.9544340029249649,0.9750881315363467,2.012448357805047,0.3366673303067116,0.015509256406147932
resource_selection,classical,97,64,24,80,706,650,1356,4079,2574,1505,0.3689629811228242,80,73.98461538461538,18,10.65,0.5779036827195467,0.014415936035679547,0.00100266691348141,0.0037736271218347522,0.004975124378109453,0.9853231609999821,0.06940509915014165,0.40816326530612246,0.012817000366768139,0.2799341014954647,0.0,0.0,1.6701920674759776,0.4125,0.9777945702913884,0.9693432710602452,1.503042716482391,0.456477060370507,0.006468412135633805
resource_selection,classical,98,64,24,80,674,618,1292,4194,2356,1838,0.43824511206485456,80,75.26153846153846,17,11.0125,0.5905044510385756,0.015504678266959497,0.0011048890311080412,0.004407961315090121,0.004975124378109453,0.9905204693146075,0.0830860534124629,0.4642857142857143,0.029670146047438672,0.27982374821173106,0.0,0.0,1.7027960977227914,0.3875,0.9631672450918832,0.9550589143063429,1.3207555930792991,0.5816054580470477,0.009665123257809313
resource_selection,classical,99,64,24,80,716,660,1376,4178,2440,1738,0.4159885112494016,80,75.66153846153846,15,9.45,0.5810055865921788,0.019639088454206532,0.0009942005032428343,0.0036599522586618274,0.004975124378109453,0.9753392945086807,0.06843575418994413,0.42857142857142855,0.01537292121022682,0.2799758736237435,0.0,0.0,1.6592473279768267,0.45,0.9927744539878084,0.9805358794532385,1.4279508287413052,0.3326552475968113,0.008978966392838001
resource_selection,classical,100,64,24,80,729,673,1402,4162,2546,1616,0.3882748678519942,80,75.61538461538461,17,10.75,0.6008230452674898,0.024693710523745756,0.0010891471477826268,0.0042226015650685495,0.004975124378109453,0.9889511512530834,0.07818930041152264,0.5087719298245614,0.04482355604866553,0.2796447861604998,0.0,0.0,1.6127421569732092,0.6,0.9709505944546686,0.9703238081930016,2.010473701290878,0.3987021399851662,0.019631636640148935
resource_selection,classical,101,64,24,80,746,690,1436,4059,2631,1428,0.3518107908351811,80,74.29230769230769,16,11.1,0.6541554959785523,0.06201140583597346,0.000981070069160654,0.0037880307794510813,0.004975124378109453,0.9922736975975823,0.08579088471849866,0.578125,0.04666960682834623,0.2803476718403548,0.0,0.0,1.6189156151153938,0.5,1.0,0.9592078607285976,1.8106417927770337,0.7690371973582707,0.01559025803252724
resource_selection,classical,102,64,24,80,708,652,1360,4184,2456,1728,0.4130019120458891,80,75.63076923076923,14,8.6375,0.5861581920903954,0.020071548426066337,0.0008962427378271243,0.003216424045024823,0.004975124378109453,0.980979855734846,0.0847457627118644,0.36666666666666664,-0.0008613074204947002,0.2796868068833652,0.0,0.0,1.6555883176337185,0.4625,0.9959386076315955,0.9842307105175195,1.6770902658234565,0.5086919336060389,0.006835426956556704
resource_selection,classical,103,64,24,80,724,675,1399,4086,2653,1433,0.350709740577582,73,74.36923076923077,15,9.465753424657533,0.5649171270718232,0.001210124936735375,0.0011108700579876847,0.0043110195263446754,0.31343283582089554,0.9835997336279992,0.06767955801104972,0.4897959183673469,-0.006456931006516148,0.28003289280469906,0.0,0.0,1.7069983478630901,0.2602739726027397,0.8271595195340524,0.9196353497763845,1.3497085256142634,0.4435587104145009,0.0012949677863286384
resource_selection,classical,104,64,24,80,715,659,1374,4142,2424,1718,0.4147754707870594,80,75.0923076923077,16,8.2875,0.6433566433566433,0.02578592844869433,0.0008489943540464495,0.0030686201864735772,0.004975124378109453,0.9810006942006172,0.07692307692307693,0.4727272727272727,0.00843952599944875,0.28010545630130373,0.0,0.0,1.5631763912308085,0.65,0.934068055375491,0.8831075490907602,2.2530995782390506,0.48327884265777876,0.009115382669459217
resource_selection,classical,105,64,24,80,743,687,1430,4137,2569,1568,0.3790186125211506,80,75.44615384615385,14,9.1625,0.6016150740242261,0.025611481634950493,0.0009810889152265466,0.003858012137976798,0.004975124378109453,0.9862730565317055,0.09286675639300135,0.5507246376811594,0.01104042320541801,0.2803005076142132,0.0,0.0,1.6797167249987184,0.3875,0.9631672450918832,0.9642201185826762,1.6492673623544456,0.5799400728566073,0.0010526580872929072
resource_selection,classical,106,64,24,80,709,653,1362,4137,2597,1540,0.37225042301184436,80,74.92307692307692,17,9.25,0.6643159379407616,0.05938489023079922,0.0009382193340434866,0.0038587747715759756,0.004975124378109453,0.996197691323925,0.076163610719323,0.4074074074074074,0.015314133214722553,0.27951269035533005,0.0,0.0,1.5728323482909528,0.775,0.7691928290130137,0.946617592799274,2.4272736053255954,0.6611055705128408,0.015055067351478713
resource_selection,classical,107,64,24,80,749,693,1442,4102,2757,1345,0.32788883471477326,80,75.0,14,9.7625,0.6461949265687583,0.04959311754193649,0.0009628500153744029,0.0029194878395220445,0.004975124378109453,0.9915949630371355,0.08411214953271028,0.47619047619047616,0.03005188543683726,0.2801802047781571,0.0,0.0,1.5934253704558001,0.7375,0.8304955225035798,0.956965875535,2.267923202107018,0.5722652436668942,0.016329335727348522
resource_selection,classical,108,64,24,80,705,649,1354,4189,2499,1690,0.40343757460014323,80,75.66153846153846,18,11.5,0.6382978723404256,0.05212167808696985,0.0009715766739898429,0.003221438953205953,0.004975124378109453,0.9934463762108282,0.075177304964539,0.5094339622641509,0.01889793983218188,0.28012031511100505,0.0,0.0,1.6073939319462534,0.6,0.9709505944546686,0.961333438621013,2.2558124833483175,0.6978789326667125,0.008707455515163482
resource_selection,classical,109,64,24,80,701,645,1346,4227,2536,1691,0.4000473148805299,80,76.18461538461538,16,10.55,0.5549215406562055,0.0004479052906416654,0.0010976823743813204,0.004143241098176214,0.5671641791044776,0.9860594358118139,0.07560627674750357,0.5660377358490566,0.011381012349383435,0.2798966643009227,0.0,0.0,1.696350382332584,0.375,0.9544340029249649,0.9169674288642814,1.5218673715125433,0.546551578448765,0.0045317961985678066
resource_selection,classical,110,64,24,80,678,622,1300,4088,2480,1608,0.3933463796477495,80,73.6923076923077,21,11.45,0.5398230088495575,0.002858055401813376,0.0010590365985777381,0.004060067629265912,0.11940298507462686,0.9879702082205278,0.06342182890855458,0.46511627906976744,0.010072242560341838,0.28008219178082194,0.0,0.0,1.6817303073006395,0.375,0.9544340029249649,0.9724332411962251,1.453548203739533,0.475415069222502,0.01084674346375818
resource_selection,no_inheritance,11,64,24,80,785,729,1514,4156,1682,2474,0.595283926852743,80,76.38461538461539,16,9.2125,0.4840764331210191,0.0020991575463283237,0.0009787720245714702,0.0031255981706655583,0.16417910447761194,0.027644712748053118,0.0,0.0,0.008816125686839926,0.4605895872882389,0.6352976957544029,0.31764884787720143,2.28616467660949,0.4375,0.9886994082884974,0.9766742502454739,1.4998817126280428,0.6995475013722475,0.0073841777973749495
resource_selection,no_inheritance,12,64,24,80,712,656,1368,4218,1581,2637,0.6251778093883357,80,76.21538461538462,14,9.65,0.5014044943820225,1.3774978314890938e-05,0.0009205330793282826,0.003757557793410579,0.9303482587064676,-0.025843203863934454,0.0,0.0,0.025769331396660128,0.46008202311139135,0.6285482903895939,0.31427414519479696,2.270493937986801,0.4625,0.9959386076315955,0.9906042508825152,1.5958182457497132,0.676528555846875,0.0032821246791449638
resource_selection,no_inheritance,13,64,24,80,707,651,1358,4277,1447,2830,0.6616787467851297,80,77.04615384615384,18,9.5125,0.5091937765205092,0.00015807856755860068,0.0010524858513078295,0.0035927652889466036,0.7064676616915423,-0.021450885733907566,0.0,0.0,0.004618175820550879,0.4592215520811178,0.6391351090887736,0.3195675545443868,2.2836412944152626,0.45,0.9927744539878084,0.978578016440773,1.4282366087601883,0.6978984368048986,0.004071563078423125
resource_selection,no_inheritance,14,64,24,80,764,708,1472,4187,1727,2460,0.5875328397420587,80,76.53846153846153,19,9.1375,0.5091623036649214,5.023337999253419e-05,0.0010637031394083768,0.003752604038512618,0.8606965174129353,0.008234267687574149,0.0,0.0,0.0007174434760641724,0.4535505990856749,0.6313738465345715,0.31568692326728576,2.2741601275027232,0.5,1.0,0.9861325791009825,1.604256298062463,0.711325442898606,0.0036487429759301986
resource_selection,no_inheritance,15,64,24,80,735,679,1414,4250,1666,2584,0.608,80,77.06153846153846,17,11.0375,0.5034013605442177,6.236517963172745e-06,0.0010820118197934485,0.0034788254904171076,0.9552238805970149,-0.015925053470138974,0.0,0.0,0.021903823153398394,0.459419921322549,0.6349202547125561,0.31746012735627804,2.277895750587565,0.325,0.9097361225311662,0.9822430899879467,1.4542183567546119,0.6237348559986265,0.0033154325259515563
resource_selection,no_inheritance,16,64,24,80,699,643,1342,4306,1525,2781,0.6458430097538319,80,77.36923076923077,16,9.9375,0.4864091559370529,0.0018995863414592758,0.0011225427463422847,0.004357395204285683,0.19900497512437812,0.03171558512002839,0.0,0.0,0.004336371593008759,0.4604625142006488,0.6430346553790554,0.3215173276895277,2.2938151782222054,0.45,0.9927744539878084,0.9754933562116394,1.6078872928472208,0.6710277868590662,0.0023796174188728584
resource_selection,no_inheritance,17,64,24,80,729,673,1402,4289,1482,2807,0.6544649102354861,80,77.56923076923077,13,8.475,0.4897119341563786,0.0007421844772422144,0.0010356327883214462,0.0045923570435727045,0.43781094527363185,-0.015433880758243654,0.0,0.0,0.029172065198266067,0.45985708704866873,0.6415969644826546,0.3207984822413273,2.2905229737217025,0.4625,0.9959386076315955,0.9783800182149129,1.4820300297163382,0.6453273638714098,0.009976776412040735
resource_selection,no_inheritance,18,64,24,80,747,691,1438,4237,1696,2541,0.5997167807410904,80,77.04615384615384,16,9.6625,0.5087014725568942,1.2473997629188502e-07,0.0009602430505514025,0.004790569624240545,1.0,-0.00548792013083993,0.0,0.0,0.008460335082761394,0.4613693087544209,0.6382996756231187,0.31914983781155937,2.2813425774384934,0.5125,0.9995491108252484,0.966053611167342,1.6654566794600782,0.6785815954311392,0.0030415823291324883
resource_selection,no_inheritance,19,64,24,80,758,702,1460,4255,1639,2616,0.6148061104582844,80,77.49230769230769,15,10.575,0.5079155672823219,8.209707088393213e-05,0.0008811569133773781,0.003625119585257325,0.8308457711442786,0.013181386383436803,0.0,0.0,-0.019674172916337246,0.45136318043672186,0.6318239681852063,0.3159119840926031,2.27253860340618,0.4375,0.9886994082884974,0.9693563274215798,1.6605736194899994,0.6785781794075871,-0.002436726820316459
resource_selection,no_inheritance,20,64,24,80,708,652,1360,4241,1535,2706,0.6380570620136761,80,76.50769230769231,12,8.275,0.4759887005649718,0.0028990619190493554,0.001244569774787515,0.0047213622660807145,0.1044776119402985,-0.015450442593042651,0.0,0.0,-0.004946624094766677,0.45402239110632564,0.61634888820716,0.30817444410358,2.2538315381078196,0.4125,0.9777945702913884,0.9855176704493129,1.5349562792437843,0.6697929771948072,0.003341250381336542
resource_selection,no_inheritance,21,64,24,80,726,670,1396,4293,1554,2739,0.6380153738644304,80,77.58461538461539,14,8.9625,0.5330578512396694,0.0033957648318620956,0.000914661028090635,0.0035210119014457107,0.06965174129353234,-0.011834303481090606,0.0,0.0,0.03228539571500577,0.4590867410707392,0.6435397068212155,0.32176985341060776,2.2913452286541833,0.5125,0.9995491108252484,0.988931144428417,1.5610117445376606,0.6642247553720585,0.01062949566217281
resource_selection,no_inheritance,22,64,24,80,750,694,1444,4295,1608,2687,0.6256111757857974,80,77.98461538461538,16,10.65,0.488,0.0011345372729839338,0.001048916327044304,0.0037617660961390305,0.3482587064676617,-0.016761798794586828,0.0,0.0,0.019894208355746817,0.4610754097450108,0.6288599180148321,0.31442995900741605,2.2641392556900537,0.425,0.9837082626231857,0.9681795085110395,1.690968582673959,0.720948172223457,0.012084875474500623
resource_selection,no_inheritance,23,64,24,80,739,683,1422,4266,1563,2703,0.6336146272855133,80,77.36923076923077,15,9.1375,0.4952638700947226,0.00013216488724546865,0.0009784363214489229,0.0039080705490205335,0.7512437810945274,0.05391346213190584,0.0,0.0,-0.004007910787588692,0.4558581185295963,0.6296461450464185,0.31482307252320924,2.272859350007896,0.5875,0.9777945702913884,0.9872861595206571,1.6900289922011864,0.7547821391488669,0.0049577015044325
resource_selection,no_inheritance,24,64,24,80,745,689,1434,4270,1705,2565,0.6007025761124122,80,77.52307692307693,14,9.6,0.5006711409395973,2.550289654062814e-06,0.0008532932834092326,0.003352894733889382,1.0,0.019036273296403023,0.0,0.0,0.0017532266409497343,0.45299156776720284,0.6308900968427688,0.3154450484213844,2.2734472082521235,0.475,0.99819587904281,0.9931453081783933,1.5725066206113087,0.6824361287011531,0.004583198503803566
resource_selection,no_inheritance,25,64,24,80,755,699,1454,4212,1702,2510,0.5959164292497626,80,76.78461538461538,16,9.8,0.4860927152317881,0.0008403243523817279,0.0008913885103005977,0.0036866886073011126,0.36318407960199006,-0.0065906934403244756,0.0,0.0,0.021324614250238016,0.4570384051582935,0.6361697103925553,0.31808485519627766,2.278139416687611,0.55,0.9927744539878084,0.9782120426123911,1.5723216924276187,0.632191085596678,0.011814872985338325
resource_selection,no_inheritance,26,64,24,80,739,683,1422,4260,1652,2608,0.612206572769953,80,77.27692307692308,16,8.6625,0.516914749661705,0.000418557044879881,0.0008738190615023275,0.003324285349642355,0.5074626865671642,0.05212971291772098,0.0,0.0,-0.0030755233608689148,0.45126507249119385,0.6349387150714246,0.3174693575357123,2.274457194467228,0.4875,0.9995491108252484,0.9891983205244838,1.5498144338558328,0.7336898783357404,0.001454021468403538
resource_selection,no_inheritance,27,64,24,80,698,642,1340,4239,1516,2723,0.6423684831328144,80,76.32307692307693,16,10.2875,0.49140401146131807,0.00041627950893150314,0.0009250344845893602,0.00301429769840753,0.5074626865671642,-0.06957664822503945,0.0,0.0,0.016347391123112898,0.46239688082384967,0.6476566024822931,0.32382830124114653,2.295551675140944,0.425,0.9837082626231857,0.9763858820641328,1.4417953862006039,0.6893641635143599,0.008434747587263732
resource_selection,no_inheritance,28,64,24,80,743,687,1430,4227,1555,2672,0.6321268038798202,80,76.83076923076923,17,8.95,0.5289367429340511,0.0012836650935023758,0.0008839179709928031,0.003504083980431269,0.23880597014925373,0.0827477737466151,0.0,0.0,-0.012540295887766506,0.4579470429225478,0.6221344838125419,0.31106724190627094,2.260652596252843,0.525,0.99819587904281,0.9782878746254005,1.6306950987210158,0.7394187951720632,-0.0007338451780321698
resource_selection,no_inheritance,29,64,24,80,754,698,1452,4218,1634,2584,0.6126126126126126,80,76.86153846153846,19,9.8375,0.4880636604774536,0.0007606553332318508,0.0010351061651981052,0.004030357593952019,0.40298507462686567,-0.02671530224264347,0.0,0.0,0.022780143199531228,0.4596821700996894,0.6383608924650536,0.3191804462325268,2.279379089169446,0.475,0.99819587904281,0.9852498490127348,1.58518216912922,0.6550224848650927,0.004019891719225396
resource_selection,no_inheritance,30,64,24,80,691,635,1326,4303,1491,2812,0.6534975598419707,80,77.2,13,7.6125,0.4717800289435601,0.0032598253391739017,0.001031118764022227,0.003888646548055215,0.08955223880597014,-0.006812209773052911,0.0,0.0,0.025938058499814204,0.46088565221046046,0.645323164586724,0.322661582293362,2.29369195484768,0.4625,0.9959386076315955,0.977869860825417,1.602218254860155,0.7385579385313319,0.011255084776473981
resource_selection,no_inheritance,31,64,24,80,701,645,1346,4324,1530,2794,0.6461609620721555,80,77.67692307692307,15,9.325,0.49072753209700426,0.001499446850510575,0.0009009193210979305,0.0034660046426817645,0.208955223880597,0.007760344189205968,0.0,0.0,0.01902014945493205,0.4589097893522158,0.6319043989942962,0.3159521994971481,2.27416554675512,0.4125,0.9777945702913884,0.9701773031469758,1.6031585864341245,0.7133980318757609,0.010175763182238671
resource_selection,no_inheritance,32,64,24,80,726,670,1396,4238,1564,2674,0.6309579990561586,80,76.73846153846154,13,7.625,0.5110192837465565,0.0002496763941297851,0.0011416802613889243,0.004763620432812511,0.6567164179104478,0.00627908965775587,0.0,0.0,0.008447256771947659,0.45559490566168875,0.6221873336664788,0.3110936668332394,2.2601854601577487,0.4375,0.9886994082884974,0.972693228980357,1.6882003298179498,0.6985464924254726,0.008588556178720534
resource_selection,no_inheritance,33,64,24,80,758,702,1460,4232,1730,2502,0.5912098298676749,80,77.13846153846154,16,9.175,0.5158311345646438,0.0005713021730851392,0.0010237548622900195,0.003799501304951415,0.5223880597014925,-0.03228282835886679,0.0,0.0,0.010644619825216861,0.45667987873226007,0.6263275356943214,0.3131637678471607,2.2658237444184968,0.3625,0.944738828646789,0.988567097696284,1.4763711674490556,0.6846890729941387,0.005082126993542759
resource_selection,no_inheritance,34,64,24,80,748,692,1440,4257,1615,2642,0.6206248531829928,80,77.36923076923077,20,12.05,0.5334224598930482,0.003126911209543601,0.0008962705423839468,0.003153400980614044,0.06467661691542288,0.03938619527961568,0.0,0.0,0.012084477650575604,0.46228729215726067,0.6249876479073698,0.3124938239536849,2.2632697489068643,0.4375,0.9886994082884974,0.9919768490622453,1.5323461027407017,0.7188653679306487,0.0053870839881296
resource_selection,no_inheritance,35,64,24,80,736,680,1416,4252,1606,2646,0.6222953904045155,80,77.1076923076923,15,8.375,0.4986413043478261,6.597012128965567e-05,0.0010060704060535837,0.0035161020311086054,0.8656716417910447,-0.02986250966582797,0.0,0.0,0.015357092785239584,0.45873289909400944,0.6314693131893402,0.3157346565946701,2.2726753312967842,0.475,0.99819587904281,0.9841312633581827,1.6194856933021036,0.5756951882036855,0.003989047487143453
resource_selection,no_inheritance,36,64,24,80,764,708,1472,4262,1657,2605,0.6112153918348193,80,77.6923076923077,15,8.45,0.4986910994764398,4.549139930553128e-05,0.0008848483253816319,0.003159342359196341,0.8109452736318408,-0.02990204661408394,0.0,0.0,0.011579068879476462,0.4574018477542832,0.6371628624555512,0.3185814312277756,2.2805650400330584,0.425,0.9837082626231857,0.9912525204063664,1.4970233932260335,0.6532374423946461,0.004984958692281556
resource_selection,no_inheritance,37,64,24,80,756,700,1456,4288,1663,2625,0.6121735074626866,80,77.96923076923076,16,10.9375,0.5052910052910053,1.0637513420213001e-05,0.0009579738352791885,0.003643246098883623,0.9303482587064676,0.007714121929799145,0.0,0.0,0.013130876697560412,0.46031093283706886,0.6426375092675721,0.32131875463378606,2.2907351305632226,0.45,0.9927744539878084,0.9872290772919403,1.5345873624369744,0.7070260683025641,0.011481190131432381
resource_selection,no_inheritance,38,64,24,80,759,703,1462,4233,1633,2600,0.6142215922513584,80,77.16923076923077,13,8.4625,0.530961791831357,0.0008781740691340151,0.0009685259339175318,0.0038231815653783537,0.36318407960199006,0.04242603081330163,0.0,0.0,0.004517702995316036,0.45362747714518137,0.6325983573870901,0.31629917869354507,2.277459293112401,0.425,0.9837082626231857,0.9681427230086915,1.5008293142500815,0.7234121658786694,0.008087546751813193
resource_selection,no_inheritance,39,64,24,80,786,730,1516,4184,1705,2479,0.5924952198852772,80,76.83076923076923,16,9.3125,0.5368956743002544,0.0012816265386641785,0.0008905553753990434,0.003939624671716092,0.27860696517412936,0.029530977734925433,0.0,0.0,0.005715059136689654,0.455422074576629,0.6300769439702468,0.3150384719851234,2.2707807890240908,0.4375,0.9886994082884974,0.9517354523348411,1.6672631318476807,0.6477587034627745,0.005563395471778132
resource_selection,no_inheritance,40,64,24,80,746,690,1436,4268,1616,2652,0.6213683223992502,80,77.50769230769231,19,11.2375,0.4772117962466488,0.0018222566322556207,0.000901027858729335,0.0033714224538936577,0.16417910447761194,-0.026656944087566307,0.0,0.0,0.01603382930626704,0.4549249467212629,0.6298224035109381,0.31491120175546905,2.270719236338766,0.475,0.99819587904281,0.9896164817369356,1.5590702082983632,0.7513222572038635,0.009758767981069647
resource_selection,no_inheritance,41,64,24,80,731,675,1406,4271,1669,2602,0.6092250058534301,80,77.32307692307693,15,10.025,0.5006839945280438,2.0964908954743773e-06,0.0009862706429802838,0.003885561366559495,1.0,-0.03790398281787412,0.0,0.0,0.012719437852741461,0.4549810874595504,0.6347426208696477,0.31737131043482386,2.2790964798286266,0.475,0.99819587904281,0.9901232078583726,1.5507749113366474,0.706630350613927,0.005412620636713966
resource_selection,no_inheritance,42,64,24,80,720,664,1384,4256,1590,2666,0.6264097744360902,80,76.92307692307692,21,11.1625,0.5069444444444444,7.0235250073543126e-06,0.0009010531661537038,0.0035338231715841984,0.9303482587064676,-0.03922918031907512,0.0,0.0,0.010850361124808777,0.4596168921514622,0.6374183434918961,0.31870917174594804,2.2802206005950425,0.475,0.99819587904281,0.9747839584413387,1.5008361670875825,0.6695603640835902,0.007362449827576455
resource_selection,no_inheritance,43,64,24,80,718,662,1380,4292,1535,2757,0.6423578751164958,80,77.44615384615385,14,8.7625,0.4958217270194986,0.00041187668696156775,0.0009454347438333982,0.004078580612128671,0.5323383084577115,-0.003957680447615712,0.0,0.0,0.028748594291141905,0.4632560890397986,0.6432914854470284,0.3216457427235142,2.29477360714367,0.4125,0.9777945702913884,0.9742457151811454,1.44817445336434,0.6150944707135072,0.006135735311105689
resource_selection,no_inheritance,44,64,24,80,792,736,1528,4263,1794,2469,0.5791695988740324,80,78.13846153846154,16,10.2875,0.49747474747474746,5.65722482459099e-05,0.0008636438291537027,0.002582958785859422,0.7960199004975125,0.004067389720595674,0.0,0.0,0.007544295413147856,0.4551048858258237,0.6337844493602447,0.31689222468012235,2.271744121075567,0.475,0.99819587904281,0.9886984873520945,1.6714025125853034,0.726363901299103,0.002295747098373431
resource_selection,no_inheritance,45,64,24,80,749,693,1442,4264,1594,2670,0.6261726078799249,80,77.49230769230769,19,10.5875,0.540720961281709,0.0022641850813216492,0.000963823748772319,0.00381091111567166,0.13432835820895522,-0.02454252287468311,0.0,0.0,-0.015262379896526262,0.4633919974587604,0.6476392874314532,0.3238196437157266,2.2936454642876796,0.4,0.9709505944546686,0.9721378180082912,1.5595593559607015,0.7181501643083533,0.003349797510639271
resource_selection,no_inheritance,46,64,24,80,714,658,1372,4328,1530,2798,0.6464879852125693,80,77.93846153846154,19,10.5,0.48179271708683474,0.0020791915599707132,0.0012155019555952398,0.005583957696322209,0.19402985074626866,-0.02431436157352479,0.0,0.0,0.01747330820303758,0.4644946442117365,0.6589733726692439,0.32948668633462197,2.3120221466493205,0.4125,0.9777945702913884,0.9765966451915566,1.5654764186430303,0.6305334580890698,0.006902886589836719
resource_selection,no_inheritance,47,64,24,80,698,642,1340,4352,1553,2799,0.6431525735294118,80,78.06153846153846,16,9.45,0.5214899713467048,2.1499429721309445e-06,0.0009493435701145824,0.003326613575123944,1.0,0.05771889840418582,0.0,0.0,-0.009611914624136686,0.45061911199372134,0.6249890603441765,0.3124945301720882,2.2660363080969663,0.3875,0.9631672450918832,0.9557672868180721,1.4477150214774612,0.6967086048407124,0.001749428085802336
resource_selection,no_inheritance,48,64,24,80,717,661,1378,4250,1598,2652,0.624,80,76.78461538461538,12,7.2125,0.5188284518828452,0.0007621107648897642,0.0010376149503527098,0.004058494410026876,0.4079601990049751,0.013320956533484323,0.0,0.0,0.029308852025206666,0.45903733654975687,0.6392913056972812,0.3196456528486406,2.2846326424005223,0.45,0.9927744539878084,0.981763402526934,1.6299300337573244,0.5704254845848277,0.006486422145328722
resource_selection,no_inheritance,49,64,24,80,742,686,1428,4247,1588,2659,0.6260890040028255,80,77.12307692307692,17,9.9375,0.5013477088948787,2.171879861142872e-05,0.0009330725442905751,0.004167938634491521,0.8955223880597015,-0.010843819891584207,0.0,0.0,0.02220065259592746,0.4574906797014693,0.6358956510515071,0.31794782552575357,2.2805324330296486,0.4,0.9709505944546686,0.990515461360567,1.5376700479100847,0.6717748577190875,0.011078000792703496
resource_selection,no_inheritance,50,64,24,80,745,689,1434,4224,1692,2532,0.5994318181818182,80,76.81538461538462,15,10.125,0.49530201342281877,0.00016022055793090458,0.0009734838380741614,0.003437013387480134,0.7114427860696517,-0.08165688519094935,0.0,0.0,0.019778022605786094,0.4570147326589335,0.6336057749085794,0.3168028874542897,2.272485579728901,0.425,0.9837082626231857,0.979720297667565,1.5836629204287014,0.6750546376180403,0.004219608639663684
resource_selection,no_inheritance,51,64,24,80,722,666,1388,4261,1693,2568,0.6026754283032152,80,77.03076923076924,13,8.925,0.5013850415512465,1.757128774049774e-05,0.0010559741518609486,0.0038718922759737352,0.9651741293532339,0.10845124308501546,0.0,0.0,0.006443769267185734,0.4522813800971664,0.6192088563509813,0.30960442817549066,2.2622020723531917,0.5,1.0,0.9842913409090476,1.606132513446227,0.7728937231096962,0.0055496986388226845
resource_selection,no_inheritance,52,64,24,80,734,678,1412,4257,1582,2675,0.6283767911674888,80,77.15384615384616,16,8.1875,0.5272479564032697,0.0019781221244230575,0.0009868240540292434,0.003981743923891064,0.15422885572139303,0.008508797268025966,0.0,0.0,0.00621671787192507,0.4568708351247152,0.6300933170264038,0.3150466585132019,2.2695472532617167,0.5375,0.9959386076315955,0.9853988102388505,1.6059907157223214,0.6795735812205846,-0.0005103175694977998
resource_selection,no_inheritance,53,64,24,80,751,695,1446,4233,1676,2557,0.6040633120718166,80,77.04615384615384,17,12.2125,0.48868175765645805,0.00028675826512952925,0.0007356288196693289,0.002663516287161296,0.6119402985074627,-0.045562464786696184,0.0,0.0,0.03634110267153931,0.45593862344164654,0.6345337668818637,0.31726688344093185,2.283229139820548,0.375,0.9544340029249649,0.9906140722380946,1.4241579149369454,0.6454103719003542,0.019101042515833958
resource_selection,no_inheritance,54,64,24,80,738,682,1420,4261,1530,2731,0.6409293593053274,80,77.27692307692308,14,9.025,0.4715447154471545,0.002616016635587335,0.0009762746582972414,0.004164729476961261,0.12935323383084577,-0.06870879857453711,0.0,0.0,0.006392611156686878,0.4622348581511474,0.64371428898844,0.32185714449422,2.2891952295691778,0.4375,0.9886994082884974,0.9890278070671332,1.6916229423658602,0.6131887537049684,0.0006189097329765506
resource_selection,no_inheritance,55,64,24,80,735,679,1414,4271,1647,2624,0.6143760243502693,80,77.38461538461539,19,11.675,0.5047619047619047,1.8257362762949276e-06,0.0009540538989132189,0.0029854524792505034,1.0,-0.03370121636481901,0.0,0.0,0.02762419906852101,0.45206443048801803,0.6241387954090117,0.31206939770450587,2.260527973561808,0.4,0.9709505944546686,0.9798656009872563,1.5136876458927877,0.7444936823610506,0.00947112676021593
resource_selection,no_inheritance,56,64,24,80,707,651,1358,4320,1567,2753,0.6372685185185185,80,77.70769230769231,15,7.7875,0.5205091937765205,0.0012955614050762683,0.0008770983888927763,0.0031053343067789403,0.2537313432835821,-0.01408988959693504,0.0,0.0,0.019972570155779495,0.4545713004380243,0.6383291007647832,0.3191645503823916,2.2777000141944965,0.55,0.9927744539878084,0.9896473751201549,1.722831731098119,0.7176891744045594,0.0061995777606310065
resource_selection,no_inheritance,57,64,24,80,712,656,1368,4325,1566,2759,0.6379190751445086,80,77.86153846153846,19,9.4125,0.4957865168539326,0.0028277983846169592,0.000996530154221308,0.003916736060884742,0.08955223880597014,-0.0037796004606837235,0.0,0.0,-0.010054227668308935,0.4585539711588596,0.6275601347152652,0.3137800673576326,2.2720251214958243,0.475,0.99819587904281,0.9601353062859623,1.5633775827525855,0.7462401885839477,0.0009305222359584364
resource_selection,no_inheritance,58,64,24,80,762,706,1468,4242,1592,2650,0.6247053276756247,80,77.35384615384615,15,9.7125,0.5341207349081365,0.003035975328313449,0.0010988233844651065,0.0047003535957135315,0.1044776119402985,0.03157190204204755,0.0,0.0,0.019219209793227915,0.4582896254220096,0.6349789897500817,0.31748949487504086,2.283980945481297,0.5,1.0,0.9878431248322882,1.5608662282765997,0.6902360417200201,0.007626970011610178
resource_selection,no_inheritance,59,64,24,80,701,645,1346,4348,1566,2782,0.639834406623735,80,78.04615384615384,15,8.8625,0.5320970042796006,0.002373925537654753,0.0008752323770978549,0.003456007195236352,0.12437810945273632,-0.021689425322293624,0.0,0.0,0.0076297755458757666,0.453308672850422,0.6280483255114135,0.31402416275570677,2.2703451203698366,0.425,0.9837082626231857,0.9766833085791173,1.4246007408024628,0.7225154986652229,0.010862622072853979
resource_selection,no_inheritance,60,64,24,80,716,660,1376,4321,1583,2738,0.6336496181439482,80,77.86153846153846,15,9.55,0.4776536312849162,0.002594534964915695,0.0010149048248833546,0.004184394202119859,0.12935323383084577,0.04554103814763944,0.0,0.0,-0.01622594547137088,0.46157329743456105,0.648174004653319,0.3240870023266595,2.2962660890016595,0.35,0.934068055375491,0.9787987633837278,1.524403442592881,0.634033425086016,-0.0014666027459315206
resource_selection,no_inheritance,61,64,24,80,743,687,1430,4273,1577,2696,0.630938450737187,80,77.53846153846153,15,9.45,0.48048452220726784,0.001637617461453883,0.0010198775863038848,0.004042240915368901,0.19900497512437812,-0.03345989554377559,0.0,0.0,0.02731013381237596,0.45981523251106754,0.6448822828096845,0.32244114140484226,2.2904478904765564,0.425,0.9837082626231857,0.9805142663260277,1.474453029685861,0.6886110431610417,0.008516513022489378
resource_selection,no_inheritance,62,64,24,80,777,721,1498,4206,1714,2492,0.5924869234427009,80,77.03076923076924,17,8.875,0.5019305019305019,9.477706934912658e-06,0.0009707184745376936,0.003396585951572245,0.9601990049751243,-0.043425000995731454,0.0,0.0,0.015295052728122982,0.45966226804045757,0.634237784061313,0.3171188920306565,2.2730137360573157,0.4625,0.9959386076315955,0.9931431000364364,1.549826873745501,0.7015988945222215,0.009305875785085231
resource_selection,no_inheritance,63,64,24,80,752,696,1448,4180,1740,2440,0.583732057416268,80,76.24615384615385,16,10.0875,0.5212765957446809,0.0012752105649768905,0.0008983909822352586,0.003416435805472069,0.25870646766169153,-0.004743652036707271,0.0,0.0,0.03185231394838384,0.46102266462587566,0.6312668879816982,0.3156334439908491,2.2787378410737187,0.425,0.9837082626231857,0.9898043833932596,1.5119550253910152,0.7161767031175474,0.007507383072731852
resource_selection,no_inheritance,64,64,24,80,727,671,1398,4266,1564,2702,0.6333802156586966,80,77.18461538461538,16,10.45,0.49105914718019256,0.0006999364010950356,0.0009007914973509792,0.0035593338845309568,0.3482587064676617,-0.047114832936527636,0.0,0.0,0.004665704665704651,0.4550996575992438,0.6351068803573147,0.31755344017865733,2.2815822531407663,0.45,0.9927744539878084,0.980115644017985,1.5796589632635378,0.7169531040837642,0.0017313271302719863
resource_selection,no_inheritance,65,64,24,80,737,681,1418,4294,1617,2677,0.6234280391243596,80,77.76923076923077,15,9.3625,0.5305291723202171,0.00120958850262704,0.0010880609766370575,0.0039712093252197884,0.373134328358209,0.03275783529983842,0.0,0.0,0.0007489345146515225,0.45256981064361135,0.6268487388629237,0.31342436943146185,2.2713109346621807,0.4375,0.9886994082884974,0.9727911961345075,1.5429048034692205,0.6662140891914978,0.0035107099105368797
resource_selection,no_inheritance,66,64,24,80,724,668,1392,4242,1606,2636,0.6214049976426214,80,76.76923076923077,15,10.6125,0.4488950276243094,0.007350273528904168,0.0012107651447701199,0.004235100127916523,0.024875621890547265,-0.0025002422576998968,0.0,0.0,0.029971161822174436,0.4589807699481665,0.6417742195034501,0.3208871097517251,2.2845663114632724,0.4625,0.9959386076315955,0.9950585129027181,1.613901122921807,0.7027213729414423,0.01259158043506917
resource_selection,no_inheritance,67,64,24,80,789,733,1522,4235,1767,2468,0.582762691853601,80,77.66153846153846,17,11.15,0.4917617237008872,0.00041803496602467634,0.0007391159913926876,0.0028518435925998283,0.4925373134328358,-0.019127638820351636,0.0,0.0,0.004258420170733412,0.45792779293355296,0.6395101672564841,0.31975508362824206,2.2802107984373654,0.4375,0.9886994082884974,0.9850094843392233,1.6102794421284798,0.6938766051704193,0.003884088434909515
resource_selection,no_inheritance,68,64,24,80,710,654,1364,4284,1553,2731,0.6374883286647992,80,77.2,13,8.525,0.4830985915492958,0.0021551154660097507,0.0010838803152415858,0.003767550763793461,0.17412935323383086,-0.031581366454131746,0.0,0.0,0.006087173082892389,0.45530547037440766,0.634585001989898,0.317292500994949,2.2742084615453577,0.4375,0.9886994082884974,0.9695587310722409,1.4950788021377448,0.7573733067431313,0.003618767768545327
resource_selection,no_inheritance,69,64,24,80,732,676,1408,4222,1609,2613,0.6189009947891995,80,76.58461538461539,14,9.1375,0.4918032786885246,0.0010981817206233077,0.001007389690006835,0.0038118615131652422,0.32338308457711445,0.0009103926408544842,0.0,0.0,0.0060374504029052645,0.46063256371272127,0.6318077954203221,0.31590389771016103,2.273490663530214,0.3625,0.944738828646789,0.9651678813648551,1.5403089933726375,0.6615277019248417,0.0017210384978999468
resource_selection,no_inheritance,70,64,24,80,767,711,1478,4245,1573,2672,0.6294464075382803,80,77.47692307692307,16,10.725,0.5097783572359843,0.00020119811502386856,0.0008956192061789051,0.0034622732854297416,0.6069651741293532,0.007209260847727507,0.0,0.0,0.0058567597046388364,0.462616603446345,0.6541749012030587,0.32708745060152933,2.3009278855063444,0.4375,0.9886994082884974,0.9871616362575373,1.6563454643604132,0.6083535249888244,0.0005048827623713052
resource_selection,no_inheritance,71,64,24,80,767,711,1478,4261,1767,2494,0.5853086130016428,80,77.72307692307692,19,11.8625,0.5149934810951761,6.16201872872652e-05,0.0008467272239804682,0.0030871181804016656,0.7910447761194029,-0.03965315924897333,0.0,0.0,0.0006254754153913744,0.45546933263918976,0.6276982077482612,0.3138491038741306,2.2684155495287777,0.45,0.9927744539878084,0.9739537336310556,1.7308471046365468,0.7367441791367969,0.0007322048580751371
resource_selection,no_inheritance,72,64,24,80,745,689,1434,4206,1711,2495,0.5932001902044698,80,76.53846153846153,15,9.75,0.4818791946308725,0.000943367008218305,0.0010712932654263854,0.003942949323529217,0.35323383084577115,-0.03686823481128037,0.0,0.0,0.007155792451033621,0.4571183995486115,0.6272919975272354,0.3136459987636177,2.270206493138409,0.525,0.99819587904281,0.9964526519600132,1.5626587115836559,0.7833773053983479,0.008066109846020752
resource_selection,no_inheritance,73,64,24,80,759,703,1462,4242,1662,2580,0.6082036775106082,80,77.3076923076923,18,8.9375,0.5164690382081687,0.00025118053251292453,0.0008840028690673668,0.0032381933520139947,0.6965174129353234,0.014440384253777309,0.0,0.0,0.011226449397839122,0.4617506805787204,0.6405255021226679,0.32026275106133395,2.290408274732893,0.3625,0.944738828646789,0.9755279353481615,1.4625199350917295,0.6578988714758224,0.0029952378951776776
resource_selection,no_inheritance,74,64,24,80,732,676,1408,4303,1554,2749,0.6388566116662794,80,77.83076923076923,18,10.4625,0.5259562841530054,0.001870918811494704,0.0008653385534628713,0.0038292771999579207,0.13432835820895522,0.029448171685651607,0.0,0.0,0.010496573674125542,0.46062796534011985,0.6314907610647933,0.31574538053239665,2.272266228687215,0.5375,0.9959386076315955,0.994858364085319,1.5884010237040116,0.6866910665044761,0.0005043257899236286
resource_selection,no_inheritance,75,64,24,80,786,730,1516,4237,1772,2465,0.5817795610101487,80,77.64615384615385,20,10.1,0.5241730279898219,0.0012985686101787148,0.000925824553277666,0.0041131352267284975,0.24378109452736318,0.022814083923700178,0.0,0.0,0.005659172202350515,0.46254807158373157,0.6492539649904305,0.32462698249521527,2.2947536551229124,0.5,1.0,0.9917504046833467,1.602860927590163,0.6884625308833108,0.0020749024811430846
resource_selection,no_inheritance,76,64,24,80,706,650,1356,4259,1622,2637,0.6191594270955624,80,76.75384615384615,15,8.925,0.509915014164306,1.3536920927892187e-06,0.0010138527742891384,0.003953030880917419,1.0,-0.017344676917463265,0.0,0.0,-0.00426032736129367,0.45850108302270415,0.6306417809927245,0.31532089049636225,2.272689113607343,0.475,0.99819587904281,0.9764864236685216,1.4174745280620695,0.6498059201012351,0.0031665882080795585
resource_selection,no_inheritance,77,64,24,80,695,639,1334,4298,1476,2822,0.6565844578873895,80,77.18461538461538,14,8.9375,0.479136690647482,0.0013390265789719122,0.0008912807226001229,0.0031584026112179927,0.2736318407960199,-0.004018059099461075,0.0,0.0,-0.0009494576385818132,0.45880654973847623,0.6393973692985873,0.31969868464929363,2.2806979112309853,0.4875,0.9995491108252484,0.9871565365986208,1.6464876880781518,0.7200801119202409,0.0049067808005758065
resource_selection,no_inheritance,78,64,24,80,739,683,1422,4268,1638,2630,0.6162136832239925,80,77.4,15,9.7,0.5060893098782138,5.678153702669969e-05,0.0010731948299607802,0.00456810255953333,0.8557213930348259,0.01073550554159826,0.0,0.0,-0.0019077676348693562,0.4598429672639561,0.651321696177563,0.3256608480887815,2.3051651925967476,0.4875,0.9995491108252484,0.9861215247483559,1.5837025013415915,0.6695689861138967,0.0023744739738372545
resource_selection,no_inheritance,79,64,24,80,757,701,1458,4253,1665,2588,0.6085116388431695,80,77.44615384615385,16,9.85,0.5085865257595773,0.00013528241408766652,0.0009899936436802436,0.0031350458835371813,0.7114427860696517,-0.02546981592314891,0.0,0.0,0.006144057895545008,0.4604400478440337,0.6366779615842687,0.31833898079213435,2.276870104532903,0.475,0.99819587904281,0.9892716821104458,1.587369216479213,0.6529592378525503,0.004419502444962296
resource_selection,no_inheritance,80,64,24,80,770,714,1484,4217,1707,2510,0.5952098648328196,80,77.0923076923077,16,9.4875,0.5077922077922078,0.00028987531833496623,0.0007256187594879634,0.0027566221015055993,0.5174129353233831,-0.08140954859160544,0.0,0.0,0.009608276901552665,0.45813791776631757,0.6420208430442631,0.32101042152213155,2.287216032360168,0.5125,0.9995491108252484,0.9931171218302683,1.6267643023171865,0.6368432798460248,0.005365490776096318
resource_selection,no_inheritance,81,64,24,80,750,694,1444,4224,1639,2585,0.6119791666666666,80,76.8923076923077,17,11.35,0.528,0.0018594995480939631,0.0008696271359758959,0.0033024844265057904,0.16417910447761194,-0.0031486562133285264,0.0,0.0,0.002403537057002386,0.45921983362138846,0.6299808750247947,0.31499043751239736,2.2725384656493897,0.4625,0.9959386076315955,0.9845831380390213,1.623096446275219,0.7064952434419685,0.0021219384900137746
resource_selection,no_inheritance,82,64,24,80,754,698,1452,4268,1683,2585,0.6056701030927835,80,77.63076923076923,17,10.9,0.5,2.8324631797041477e-06,0.0010660470199891172,0.0036762735814337456,1.0,-0.029269152379766714,0.0,0.0,0.01836584091294277,0.45665625875372984,0.6327939834671744,0.3163969917335872,2.2744610774406646,0.55,0.9927744539878084,0.9868202745406469,1.6860469389854955,0.7047993691786194,0.00636600353626605
resource_selection,no_inheritance,83,64,24,80,789,733,1522,4209,1759,2450,0.5820860061772393,80,77.26153846153846,18,9.975,0.5133079847908745,0.0003693863018339027,0.0008845401928267177,0.0029107264922681197,0.6467661691542289,0.022187919752978395,0.0,0.0,0.02068643291322317,0.4524195046875338,0.6332215930904405,0.31661079654522023,2.2732140250547253,0.5125,0.9995491108252484,0.9872770333148485,1.6725505271991765,0.6880363446762944,0.006133379800641026
resource_selection,no_inheritance,84,64,24,80,735,679,1414,4279,1598,2681,0.6265482589390045,80,77.50769230769231,16,9.575,0.4775510204081633,0.0016492630115598136,0.0012362546845884116,0.00536872019313301,0.263681592039801,-0.005039342804016756,0.0,0.0,0.009469112235419935,0.4550170876838148,0.6284234442033971,0.31421172210169857,2.2640672864314455,0.4375,0.9886994082884974,0.9867163776341559,1.4984325635401974,0.7588010065362895,0.0048631771297194745
resource_selection,no_inheritance,85,64,24,80,751,695,1446,4268,1706,2562,0.6002811621368322,80,77.58461538461539,17,10.1,0.5139813581890812,0.0005312509071861496,0.0010387035288034654,0.004103713845033148,0.43781094527363185,-0.03114959229215064,0.0,0.0,0.0009473734384427834,0.4607153546743186,0.6376079686632168,0.3188039843316084,2.2778293920174777,0.525,0.99819587904281,0.9930118796172477,1.6666437058035242,0.7264048541528758,0.009437399043820367
resource_selection,no_inheritance,86,64,24,80,791,735,1526,4231,1741,2490,0.5885133538170645,80,77.63076923076923,16,10.7875,0.49810366624525915,0.00022048760055143075,0.0009588161730581177,0.0030041053490364733,0.6716417910447762,0.030976117322354252,0.0,0.0,0.009384793119288998,0.4581865617022915,0.6278607367968162,0.3139303683984081,2.2641352383700304,0.45,0.9927744539878084,0.9826359118840108,1.6355041455395252,0.7260434222358203,0.010651201324860162
resource_selection,no_inheritance,87,64,24,80,765,709,1474,4219,1714,2505,0.5937425930315241,80,77.04615384615384,16,11.0125,0.5045751633986928,6.56311387320801e-05,0.0008064998771378015,0.0027693317496549517,0.7960199004975125,0.016864195133860272,0.0,0.0,0.010291825330902588,0.4546923964395566,0.6351548329508067,0.31757741647540333,2.2776785160597885,0.4875,0.9995491108252484,0.9892244589688755,1.598801733011309,0.678314251154621,0.010944743081178664
resource_selection,no_inheritance,88,64,24,80,742,686,1428,4221,1687,2534,0.6003316749585407,80,76.72307692307692,17,10.4375,0.5175202156334232,0.0005636401822658611,0.0008948850551197233,0.003538946206935668,0.46766169154228854,-0.041017635136544876,0.0,0.0,0.011261109164752175,0.46113332788135225,0.638341911500843,0.3191709557504215,2.2799529627962682,0.425,0.9837082626231857,0.9906399344214482,1.5591313546361225,0.7219871254394734,0.011470720314560813
resource_selection,no_inheritance,89,64,24,80,721,665,1386,4226,1560,2666,0.6308566019876952,80,76.47692307692307,14,9.55,0.47018030513176146,0.0036581009728246412,0.0008755869852374987,0.0036581009728246412,0.05970149253731343,-0.053108193323865974,0.0,0.0,0.007069098452444328,0.4574448461563492,0.633323036690378,0.316661518345189,2.278407059786526,0.4875,0.9995491108252484,0.9751849240794987,1.4790976959162265,0.714880956695397,0.005102727599121031
resource_selection,no_inheritance,90,64,24,80,770,714,1484,4231,1675,2556,0.6041125029543843,80,77.3076923076923,16,10.175,0.4649350649350649,0.0033054384679840933,0.0008678115483214566,0.003307049515146206,0.06965174129353234,-0.05399825295477895,0.0,0.0,0.04288832292829234,0.4626950970611814,0.6327385864627643,0.31636929323138213,2.2810805788059807,0.5,1.0,0.9880845112982,1.6902009502261168,0.6991951159934022,0.007518869654659222
resource_selection,no_inheritance,91,64,24,80,780,724,1504,4249,1702,2547,0.5994351612144034,80,77.73846153846154,15,9.1875,0.4846153846153846,0.0008315413393257497,0.0009783703409932702,0.0030696733657422513,0.40298507462686567,0.016716947116645547,0.0,0.0,0.02165522668297573,0.4588051295513092,0.6444568413883638,0.3222284206941819,2.2915735751545516,0.475,0.99819587904281,0.9852185505494171,1.5138476329222257,0.7540482950540878,0.0053311728519345935
resource_selection,no_inheritance,92,64,24,80,766,710,1476,4216,1603,2613,0.6197817836812144,80,77.01538461538462,17,10.8375,0.5091383812010444,1.2723033129102617e-05,0.000926823500280825,0.0039138633082487495,0.8955223880597015,0.042213509882268775,0.0,0.0,-0.017793970735147213,0.45666914439025763,0.6282569431521581,0.31412847157607904,2.2683796908840956,0.4125,0.9777945702913884,0.9717237829331461,1.5631763092804642,0.7310591924061326,0.0028262712932390966
resource_selection,no_inheritance,93,64,24,80,726,670,1396,4246,1614,2632,0.6198775317946302,80,76.86153846153846,14,9.3,0.5192837465564738,0.0006667615400398254,0.0009438566776259051,0.00404573035399705,0.4577114427860697,0.0134530545936949,0.0,0.0,0.010695771320066688,0.4535923289662762,0.6377998394127159,0.31889991970635795,2.2859070599721103,0.475,0.99819587904281,0.9829789659897714,1.5271017976372518,0.6556263011862042,0.004173388425314655
resource_selection,no_inheritance,94,64,24,80,687,631,1318,4302,1532,2770,0.6438865643886564,80,77.12307692307692,16,8.85,0.5283842794759825,0.002246277764932556,0.001084276057285405,0.004425899146289894,0.13930348258706468,0.04826470676352859,0.0,0.0,0.013688898461410193,0.4535924887062424,0.6238610487742996,0.3119305243871498,2.263918048012215,0.5,1.0,0.9909765989184525,1.4802718284251646,0.685017413493813,0.008460110992454617
resource_selection,no_inheritance,95,64,24,80,717,661,1378,4311,1534,2777,0.6441660867548132,80,77.72307692307692,18,9.2875,0.4881450488145049,0.0007216224730717674,0.0010342580464049829,0.0036464700137480155,0.40298507462686567,-0.06095941568501101,0.0,0.0,0.01219015441036142,0.463196901148117,0.644361473404548,0.322180736702274,2.292055578080295,0.4875,0.9995491108252484,0.9793275500667161,1.5268470113250783,0.7175784396170626,0.009586746015719037
resource_selection,no_inheritance,96,64,24,80,732,676,1408,4262,1580,2682,0.6292820272172689,80,77.2,14,10.1125,0.4918032786885246,0.0005192090626524055,0.0010721476949613713,0.0036501652539300635,0.527363184079602,0.010455652075187368,0.0,0.0,-0.016468867119967256,0.46346339089055044,0.6428025512871831,0.32140127564359156,2.2895448280886153,0.4875,0.9995491108252484,0.9811942532107599,1.574512859111716,0.7660937484572431,0.002519179566635052
resource_selection,no_inheritance,97,64,24,80,728,672,1400,4281,1602,2679,0.6257883672039243,80,77.43076923076923,15,8.225,0.5096153846153846,0.0003759973125477094,0.0010222568655107863,0.003649583209670446,0.6069651741293532,0.01705661035415668,0.0,0.0,0.021435759548406375,0.45794225783457215,0.6470449840502881,0.32352249202514405,2.2923408464872486,0.4875,0.9995491108252484,0.9877859993057078,1.5839832015394755,0.718995006661176,0.009147997859546926
resource_selection,no_inheritance,98,64,24,80,742,686,1428,4274,1644,2630,0.615348619560131,80,77.53846153846153,16,9.4375,0.5188679245283019,0.00020129474791644435,0.0009385666745644603,0.003159662718690795,0.6666666666666666,0.032687992813090996,0.0,0.0,0.004555899004591996,0.45888500341818195,0.6453600073695696,0.3226800036847848,2.2942148423480715,0.375,0.9544340029249649,0.9800506693035634,1.5125315207468268,0.6742882390110719,0.004045748755849049
resource_selection,no_inheritance,99,64,24,80,771,715,1486,4246,1702,2544,0.599152143193594,80,77.55384615384615,15,9.4875,0.5136186770428015,3.603286019539936e-05,0.0009599343801317532,0.003808004445675588,0.8706467661691543,-0.02247936097076864,0.0,0.0,0.0005845989617068448,0.4550878941338979,0.6330371080284298,0.3165185540142149,2.278082719599947,0.5,1.0,0.977218080019453,1.681825056624561,0.7545942661067481,0.0062727847372462614
resource_selection,no_inheritance,100,64,24,80,764,708,1472,4263,1620,2643,0.6199859254046446,80,77.70769230769231,14,10.3125,0.4829842931937173,0.0010073520575453257,0.0008369126896034491,0.0033244566390915114,0.22388059701492538,-0.028262223506773557,0.0,0.0,0.00023275435687061807,0.45428688878893736,0.6296634763863544,0.3148317381931772,2.266001826606061,0.5,1.0,0.986634954579545,1.5805098783889449,0.6764460987129506,0.004645254770920802
resource_selection,no_inheritance,101,64,24,80,742,686,1428,4242,1609,2633,0.6206977840641207,80,77.04615384615384,21,12.425,0.5026954177897575,5.414484443504435e-06,0.0010272517651122965,0.003882788089527321,0.8955223880597015,0.009663375142015757,0.0,0.0,0.007634226075948464,0.4537014353620618,0.6240310949246463,0.31201554746232313,2.2607722189329937,0.375,0.9544340029249649,0.9850632082342444,1.5390668754819794,0.7259091481659573,0.00952910001042537
resource_selection,no_inheritance,102,64,24,80,736,680,1416,4286,1574,2712,0.6327578161455903,80,77.63076923076923,16,10.4375,0.4782608695652174,0.0023657279546872648,0.0010924383611614246,0.004541898679844454,0.18407960199004975,-0.06793503919389357,0.0,0.0,-0.011179862555622866,0.4575917671472835,0.6300674477994932,0.3150337238997466,2.2726922771986935,0.4875,0.9995491108252484,0.9841906730775417,1.5961508756087595,0.6919109188003375,0.003862644963504222
resource_selection,no_inheritance,103,64,24,80,791,735,1526,4233,1759,2474,0.5844554689345618,80,77.66153846153846,18,9.9125,0.49557522123893805,0.0006864490053310138,0.0009859046214617645,0.0028119350686562185,0.48756218905472637,-0.06755502524480739,0.0,0.0,0.006689074235445458,0.4592146303247056,0.6380839310591429,0.3190419655295714,2.279153939505153,0.4625,0.9959386076315955,0.9714142077073908,1.6070661283634435,0.684668432499954,0.0017837082547334734
resource_selection,no_inheritance,104,64,24,80,750,694,1444,4244,1649,2595,0.6114514608859567,80,77.2,15,8.725,0.48933333333333334,0.0007354118347652656,0.001082513071632501,0.0036160451481706615,0.4427860696517413,-0.0107009330151703,0.0,0.0,0.0087537750683081,0.46156048820497636,0.6364364017650445,0.31821820088252223,2.2782351113063477,0.5125,0.9995491108252484,0.9842501661224613,1.6104430648825385,0.667847948145682,0.002978868653956002
resource_selection,no_inheritance,105,64,24,80,770,714,1484,4259,1667,2592,0.6085935665649214,80,77.73846153846154,17,9.75,0.5181818181818182,0.0008128130995338229,0.0009695871907856532,0.0035439976289890415,0.373134328358209,-0.018233139748958023,0.0,0.0,0.014872074734177648,0.46174217266493195,0.6391554375495039,0.31957771877475194,2.2788973817564773,0.4625,0.9959386076315955,0.9907163521629094,1.4922259792763026,0.6925036863210107,0.0033946041698584397
resource_selection,no_inheritance,106,64,24,80,750,694,1444,4258,1692,2566,0.6026303428839831,80,77.41538461538461,15,9.8875,0.5,1.0722869875051883e-05,0.0010503015354693362,0.003649651669944135,0.9751243781094527,0.06306491144791994,0.0,0.0,-0.014457128913043238,0.45587673652966654,0.6263104854357783,0.31315524271788914,2.2667808792020216,0.5,1.0,0.9874109056609334,1.5435573870939376,0.6925065102778086,0.0023111250151953344
resource_selection,no_inheritance,107,64,24,80,747,691,1438,4242,1644,2598,0.6124469589816125,80,77.12307692307692,17,10.1875,0.5207496653279786,0.0013028699158814973,0.0009840565077335265,0.004024591252530626,0.26865671641791045,-0.0006700067358018145,0.0,0.0,0.01482868426670464,0.45858124139121736,0.6274560971595886,0.3137280485797943,2.2638901204393242,0.5125,0.9995491108252484,0.9884154216435694,1.6223538131302881,0.712123450430253,0.007211511209718666
resource_selection,no_inheritance,108,64,24,80,739,683,1422,4289,1566,2723,0.634879925390534,80,77.72307692307692,15,9.0625,0.4614343707713126,0.004584637930265159,0.00107367411349281,0.003980637292227959,0.04477611940298507,-0.020247908662817716,0.0,0.0,0.0013115830951705987,0.4516864672058257,0.6242187140826961,0.31210935704134807,2.263180489415452,0.4,0.9709505944546686,0.9893360199921268,1.6014426313215508,0.6991785097722694,0.002442659819202729
resource_selection,no_inheritance,109,64,24,80,721,665,1386,4307,1578,2729,0.6336196888785698,80,77.72307692307692,15,7.8875,0.5117891816920943,0.0003476940847660483,0.0009144349680678849,0.0032817885379661823,0.5870646766169154,0.03584335648077539,0.0,0.0,0.008522013924093852,0.4601773108741636,0.6412440779884756,0.3206220389942378,2.283795160586145,0.525,0.99819587904281,0.9800366447186932,1.6770889121241979,0.6717747072439306,0.000923599462195903
resource_selection,no_inheritance,110,64,24,80,756,700,1456,4281,1643,2638,0.6162111656155104,80,77.86153846153846,14,9.1875,0.5211640211640212,0.0008212423837875397,0.0008269391072995774,0.0033137884315944457,0.3383084577114428,-0.024010685383820982,0.0,0.0,-0.010571342229937192,0.4584971481473657,0.6366048441283487,0.31830242206417436,2.277175835577268,0.4875,0.9995491108252484,0.978131457176384,1.8014669515912658,0.6754268344553335,-0.0012624024244936207
neutral,quantum,11,64,24,80,701,645,1346,4013,2443,1570,0.3912285073511089,80,72.8923076923077,18,10.725,0.7161198288159771,0.1380082869742026,0.0010806058157894257,0.004120745969958182,0.004975124378109453,0.9918546777302395,0.0898716119828816,0.5238095238095238,-0.004196737681098767,0.2800000000000001,0.4993985360033094,0.2496992680016547,2.1001075596988574,0.4875,0.9995491108252484,0.9836859620035542,1.778202182523018,0.84549400531872,-0.0020010967346405797
neutral,quantum,12,64,24,80,714,658,1372,4078,2554,1524,0.3737126042177538,80,74.0923076923077,13,9.2125,0.5784313725490197,0.018037227544494695,0.0010543863733757973,0.003918702820427385,0.009950248756218905,0.9885381766211794,0.07983193277310924,0.49122807017543857,-0.0075530877292991905,0.28000000000000014,0.673254430994285,0.3366272154971425,2.3265309756890558,0.625,0.9544340029249649,0.9906052981371976,1.7551243308691435,0.4962501324612842,-0.001930357056524784
neutral,quantum,13,64,24,80,726,671,1397,4051,2647,1404,0.3465810910886201,79,73.86153846153846,16,11.670886075949367,0.5550964187327824,0.006658862776876093,0.001153543371358736,0.004338901024762705,0.01990049751243781,0.9824551532468967,0.0674931129476584,0.5714285714285714,-0.005246183072672994,0.2800000000000001,0.713716227349758,0.356858113674879,2.376250492468492,0.5189873417721519,0.9989595114657399,0.9768730570277715,1.7277301541539896,0.4168973196192708,-0.002284498904092545
neutral,quantum,14,64,24,80,725,669,1394,4122,2523,1599,0.3879184861717613,80,74.93846153846154,14,9.0625,0.6275862068965518,0.04054999563283347,0.000893085530277245,0.003240089214874193,0.004975124378109453,0.9896488004157769,0.0896551724137931,0.5076923076923077,-0.0020668464378662266,0.28000000000000014,0.5858413809984846,0.2929206904992423,2.185363545854692,0.6125,0.9631672450918831,0.9578329255897445,2.0188810459277873,0.6975263359459722,0.0001682667011322072
neutral,quantum,15,64,24,80,714,658,1372,4078,2703,1375,0.3371750858263855,80,74.0923076923077,16,7.8,0.6428571428571429,0.0527198600785881,0.0008431960505465435,0.003348261413307049,0.004975124378109453,0.9920656547284233,0.06442577030812324,0.43478260869565216,0.021969929305847985,0.28000000000000014,0.5870460160952604,0.2935230080476302,2.1949809796591304,0.55,0.9927744539878084,0.9794672843403919,2.0093648169874427,0.8144481896444595,0.0011526099326978753
neutral,quantum,16,64,24,80,700,644,1344,4203,2423,1780,0.42350701879609803,80,75.8,15,9.65,0.6871428571428572,0.10275462102270486,0.0010795320728670223,0.0041678350080306065,0.004975124378109453,0.997054499486936,0.06714285714285714,0.6382978723404256,-0.025497517513432627,0.28,0.4184736266242271,0.20923681331211355,2.0429948100024404,0.4625,0.9959386076315955,0.9963756261840726,1.5039212073209776,1.2362023673517384,-0.010509187861858863
neutral,quantum,17,64,24,80,737,681,1418,4116,2530,1586,0.38532555879494657,80,75.03076923076924,15,9.4125,0.621438263229308,0.040598453769963225,0.0010672009712076108,0.004355545117318829,0.004975124378109453,0.9907203252094167,0.07869742198100407,0.4827586206896552,0.0036524871010438775,0.28000000000000014,0.5674907436503697,0.28374537182518483,2.1520072375772346,0.4375,0.9886994082884974,0.9844166891604147,1.8044857717122944,0.7603963855991341,0.006385755746141293
neutral,quantum,18,64,24,80,717,661,1378,4136,2596,1540,0.3723404255319149,80,75.03076923076924,17,10.2375,0.6541143654114365,0.0666592615574618,0.0010859639553148753,0.004228376866619178,0.004975124378109453,0.9915419067588492,0.08507670850767085,0.45901639344262296,0.004964956610223753,0.28000000000000014,0.5925026190621735,0.29625130953108675,2.23372679669374,0.4125,0.9777945702913884,0.9749930971159692,1.583171582430187,0.8361805101150168,-0.001228305317465365
neutral,quantum,19,64,24,80,747,691,1438,4162,2634,1528,0.36713118692936086,80,75.8923076923077,15,9.575,0.6626506024096386,0.05493444182616386,0.0011124515681611093,0.004107321924366261,0.004975124378109453,0.9857828275326602,0.08032128514056225,0.4666666666666667,-0.011811580442376707,0.28000000000000014,0.678311523296241,0.3391557616481205,2.337688321258464,0.3625,0.944738828646789,0.9451729976466746,1.6940025586509786,0.7725001057054435,-4.306601384901544e-05
neutral,quantum,20,64,24,80,721,665,1386,4196,2498,1698,0.4046711153479504,80,76.01538461538462,14,9.6,0.6934812760055479,0.0855222237270907,0.0010036180698542129,0.0037725073376913124,0.004975124378109453,0.9952403226190247,0.08183079056865465,0.5254237288135594,0.015294541096478653,0.28,0.5170401084175842,0.2585200542087921,2.203464898695522,0.3,0.8812908992306927,0.9311732328521686,1.2185251744182013,0.8601185511331486,-0.0007485339435351263
neutral,quantum,21,64,24,80,691,635,1326,4127,2471,1656,0.4012599951538648,80,74.49230769230769,18,10.2875,0.6599131693198264,0.07135866511081268,0.0011587105023526676,0.00394108274350043,0.004975124378109453,0.9895260964124827,0.08683068017366136,0.5333333333333333,0.0020373255704654036,0.28000000000000014,0.6352198131030348,0.3176099065515174,2.2756418827701115,0.475,0.99819587904281,0.982118177107457,1.7363670022787254,0.5373558962574547,0.0016283930212130293
neutral,quantum,22,64,24,80,768,712,1480,4015,2812,1203,0.29962640099626403,80,73.95384615384616,17,11.8,0.5442708333333334,0.0056185098599006895,0.0009677534490761813,0.003939503185642061,0.01990049751243781,0.9793833889720488,0.078125,0.38333333333333336,-0.0023052741355784057,0.28000000000000014,0.736310413282073,0.3681552066410365,2.4030511236380385,0.5375,0.9959386076315955,0.9825060562905409,1.5864989397382327,0.41950853099143687,0.004435546029909628
neutral,quantum,23,64,24,80,727,671,1398,4200,2641,1559,0.3711904761904762,80,76.16923076923077,20,9.2625,0.6341127922971114,0.04406150973790619,0.0011330303374332874,0.004284222157509749,0.004975124378109453,0.9950193436577403,0.059147180192572216,0.5348837209302325,0.007006047577628988,0.28,0.5456760407943885,0.27283802039719424,2.159944790086192,0.475,0.99819587904281,0.971873353147549,1.7483558996307338,0.7332071723634626,0.006053174603174599
neutral,quantum,24,64,24,80,732,679,1411,4071,2568,1503,0.3691967575534267,77,74.26153846153846,18,12.168831168831169,0.610655737704918,0.03068559586972286,0.0008400812902318384,0.0031923587517231483,0.004975124378109453,0.9912386564791934,0.0860655737704918,0.47619047619047616,-0.006745802449132587,0.28000000000000014,0.6747436656819933,0.33737183284099664,2.3136431422231447,0.5194805194805194,0.9989047442823606,0.9870778266399852,1.544746839784773,0.5209491506342161,-0.00262999409703989
neutral,quantum,25,64,24,80,698,642,1340,4092,2523,1569,0.38343108504398826,80,74.06153846153846,17,10.9,0.6174785100286533,0.03967882006219428,0.0010533786098338395,0.0038178193622281018,0.004975124378109453,0.9900498193421419,0.09312320916905444,0.49230769230769234,0.005596838216933436,0.28000000000000014,0.6272181463116328,0.3136090731558164,2.2366518788924865,0.4625,0.9959386076315955,0.9903087436359188,1.6482136945422226,0.6786918687909406,-8.910407642788291e-05
neutral,quantum,26,64,24,80,705,649,1354,4152,2446,1706,0.41088631984585744,80,75.0923076923077,19,10.8625,0.6638297872340425,0.07852376826911016,0.0010070280181844323,0.0036648799210849646,0.004975124378109453,0.9940929400498826,0.07234042553191489,0.6078431372549019,0.0026101983081789903,0.2800000000000001,0.5824065976109909,0.29120329880549545,2.188117416923932,0.4875,0.9995491108252484,0.9907931853501505,1.8071428167970427,0.6863597107414994,0.0010088111307873036
neutral,quantum,27,64,24,80,678,622,1300,4078,2443,1635,0.400931829328102,80,73.53846153846153,15,9.9625,0.6342182890855457,0.02869728850691377,0.001147866240694023,0.004409407609997269,0.004975124378109453,0.987352498100585,0.10619469026548672,0.4444444444444444,-0.0036914535780251945,0.28000000000000014,0.636086381396166,0.318043190698083,2.2897076978300372,0.275,0.8485481782946158,0.9252564417220298,1.0814574996989836,0.5080343784896898,0.001185321733792807
neutral,quantum,28,64,24,80,730,674,1404,4079,2737,1342,0.32900220642314293,80,74.35384615384615,18,12.1625,0.647945205479452,0.042666174203431884,0.0007403270713760401,0.0027596141298638563,0.004975124378109453,0.9855692087216623,0.09315068493150686,0.5294117647058824,-0.001788201913424714,0.28000000000000014,0.6394285853565055,0.31971429267825274,2.299635016574251,0.225,0.7691928290130138,0.9382474162624777,1.1311529856251024,0.5215930735719592,-0.0038166895166382026
neutral,quantum,29,64,24,80,715,659,1374,4105,2488,1617,0.39390986601705236,80,74.52307692307693,15,10.175,0.5664335664335665,0.009787017858418241,0.0009500680263496827,0.003618256931300776,0.009950248756218905,0.9852228713344597,0.08951048951048951,0.4375,0.01474400150412497,0.28000000000000014,0.5946575748773264,0.2973287874386632,2.2082376777585573,0.5625,0.9886994082884974,0.9846952411599956,1.905989221589262,0.5573793846124661,0.002577291292369457
neutral,quantum,30,64,24,80,676,620,1296,4102,2583,1519,0.3703071672354949,80,73.87692307692308,16,8.475,0.735207100591716,0.09140172623347687,0.0008889082902506005,0.0036055345399818653,0.004975124378109453,0.9932170602167119,0.05621301775147929,0.47368421052631576,0.007148284403157734,0.28000000000000014,0.6304685291626276,0.3152342645813138,2.2941477746468086,0.325,0.9097361225311662,0.85219232869941,1.1051574290869852,0.6609427476430939,0.0023949264501197044
neutral,quantum,31,64,24,80,720,664,1384,4022,2662,1360,0.33814022874191946,80,73.32307692307693,15,10.175,0.6388888888888888,0.034104422799738895,0.0007579723743981803,0.002767148537002433,0.004975124378109453,0.9827741515670132,0.06666666666666667,0.4166666666666667,0.005350416713556599,0.28000000000000014,0.708070481867775,0.3540352409338875,2.3902993387762823,0.4,0.9709505944546686,0.9276029637484873,1.5720019550658098,0.4967020942894792,-0.0010206173356336271
neutral,quantum,32,64,24,80,779,723,1502,4025,2762,1263,0.3137888198757764,80,74.27692307692308,16,9.15,0.6585365853658537,0.06071274450536328,0.0008915303673818522,0.0030938109474981357,0.004975124378109453,0.9895015541764288,0.0834403080872914,0.5692307692307692,0.0011449307530912167,0.28000000000000014,0.6445052420586401,0.32225262102932006,2.30099532629603,0.3875,0.9631672450918832,0.966852201721899,1.4857450794930853,0.6903449312147918,0.00030455615138304547
neutral,quantum,33,64,24,80,718,662,1380,3951,2602,1349,0.3414325487218426,80,72.2,15,9.4625,0.5821727019498607,0.016565170144723536,0.0012430076834142594,0.00539729173383674,0.004975124378109453,0.9872133899484861,0.07381615598885793,0.4716981132075472,0.02842151116113656,0.2800000000000001,0.7089798917491867,0.35448994587459337,2.364027547509958,0.4625,0.9959386076315955,0.9684657787296445,1.6804986002123712,0.47475912137440407,0.008835903702922178
neutral,quantum,34,64,24,80,745,689,1434,4117,2631,1486,0.3609424338110275,80,75.16923076923077,14,9.7125,0.5624161073825503,0.006708996432799562,0.0009398393402788591,0.0035403213935671224,0.01990049751243781,0.9695631204808375,0.08456375838926175,0.49206349206349204,0.02292276314622682,0.28000000000000014,0.7402176422592238,0.3701088211296119,2.443109196289645,0.3125,0.8960382325345575,0.9594364808707286,1.2407908100259775,0.3568641352067974,0.003615700559461591
neutral,quantum,35,64,24,80,734,678,1412,4119,2650,1469,0.3566399611556203,80,75.03076923076924,16,9.5625,0.6457765667574932,0.04766605677686887,0.0010575372504905084,0.003980245248666945,0.004975124378109453,0.9951470116007319,0.06403269754768393,0.425531914893617,0.00473872405412748,0.28000000000000014,0.41050270881563855,0.20525135440781928,1.9807743782753309,0.6375,0.9447388286467892,0.9636817064941897,2.044924718406503,0.994830245886319,0.003526136525522777
neutral,quantum,36,64,24,80,716,660,1376,4191,2547,1644,0.39226914817465997,80,75.86153846153846,16,10.6625,0.5698324022346368,0.01014586181140175,0.0009145339899562135,0.003271784609595488,0.004975124378109453,0.9773880041192694,0.07960893854748603,0.45614035087719296,-0.009971509971509973,0.2800000000000001,0.6735523540877699,0.33677617704388496,2.2989086940539964,0.6625,0.9224062617590723,0.9745665346710195,1.9524619487398147,0.3663881600783499,-0.003922062940544614
neutral,quantum,37,64,24,80,678,622,1300,4209,2514,1695,0.40270848182466146,80,75.55384615384615,15,9.2,0.588495575221239,0.01892566829829405,0.0011885762324005897,0.004396156653204527,0.004975124378109453,0.990731734073945,0.07227138643067847,0.6122448979591837,0.0015343331137274985,0.28,0.6004459450903243,0.30022297254516217,2.2111457401052887,0.675,0.9097361225311661,0.9741917550924687,1.944960891616676,0.7007358652554739,-0.0007127583749109044
neutral,quantum,38,64,24,80,724,668,1392,4115,2535,1580,0.3839611178614824,80,74.81538461538462,14,8.9625,0.5870165745856354,0.020292343166862264,0.0009410186174034856,0.003235203225709953,0.004975124378109453,0.9853443561252485,0.0718232044198895,0.4423076923076923,0.008811023903386034,0.28000000000000014,0.714738476973765,0.3573692384868825,2.414195088930172,0.4375,0.9886994082884974,0.980267979972889,1.4640884075232887,0.4095819626088766,0.006606302107247734
neutral,quantum,39,64,24,80,744,688,1432,4142,2510,1632,0.3940125543215838,80,75.53846153846153,17,11.025,0.592741935483871,0.012117206140794985,0.0010450510062552374,0.003229607677726376,0.004975124378109453,0.982382772769718,0.0846774193548387,0.6031746031746031,-0.004226067963101321,0.28000000000000014,0.6981029842924967,0.34905149214624837,2.3838638172775597,0.325,0.9097361225311662,0.9503585552677942,1.1411648451432428,0.5731047166834669,0.005700458447471124
neutral,quantum,40,64,24,80,685,629,1314,4077,2344,1733,0.4250674515575178,80,73.63076923076923,16,9.8875,0.5912408759124088,0.021827460125003875,0.00097776663814135,0.0038847506342538046,0.004975124378109453,0.9901208054514343,0.08905109489051095,0.4262295081967213,0.004103886026610826,0.2800000000000001,0.577603155898727,0.2888015779493635,2.164515074973054,0.5625,0.9886994082884974,0.9835650869998355,1.9963859151119903,0.6519075157039371,0.005117576906988356
neutral,quantum,41,64,24,80,730,674,1404,4205,2537,1668,0.39667063020214033,80,76.29230769230769,17,8.85,0.6808219178082192,0.06073230481812107,0.0009315295562117001,0.0033005810529236,0.004975124378109453,0.992919709905879,0.07808219178082192,0.5263157894736842,0.0036668724631478133,0.28,0.526554203506254,0.263277101753127,2.0920257578846573,0.65,0.934068055375491,0.9123512243907768,2.106373645650008,0.6294385156204132,5.62718353808477e-05
neutral,quantum,42,64,24,80,728,672,1400,4197,2549,1648,0.3926614248272576,80,76.13846153846154,19,11.3125,0.5631868131868132,0.009852410190164057,0.0009165103703764138,0.003807554941129256,0.004975124378109453,0.9778045292557556,0.07554945054945054,0.6,-0.0045410143298396655,0.2800000000000001,0.7657803163422643,0.38289015817113214,2.4542026765756577,0.425,0.9837082626231857,0.9876883375359359,1.5048957711148192,0.31537552842190103,-0.0015949080117757743
neutral,quantum,43,64,24,80,733,677,1410,4120,2643,1477,0.35849514563106794,80,75.03076923076924,14,8.9,0.6725784447476125,0.042831338801893715,0.0009430441052021532,0.0036187431819300654,0.004975124378109453,0.9940109140530337,0.07094133697135062,0.4230769230769231,-0.014137933640121197,0.28000000000000014,0.5659523885576612,0.2829761942788306,2.2374704666804646,0.4,0.9709505944546686,0.9173658731312522,1.1449531542739515,0.7514405996832527,-0.009844236026015649
neutral,quantum,44,64,24,80,753,697,1450,4123,2633,1490,0.361387339316032,80,75.38461538461539,17,10.1625,0.548472775564409,0.0021828358348955704,0.0008690981086796143,0.003281541454041269,0.14427860696517414,0.9880180386406637,0.0796812749003984,0.43333333333333335,-0.011252853437192678,0.28000000000000014,0.6395761876084567,0.31978809380422835,2.242840348482641,0.475,0.99819587904281,0.9381285375632961,1.8487999064466945,0.39939755378808395,-3.559005876124315e-05
neutral,quantum,45,64,24,80,718,662,1380,4227,2496,1731,0.40951029098651526,80,76.44615384615385,19,8.9125,0.6086350974930362,0.0344158056989229,0.0010485157519117135,0.0038041484512860886,0.004975124378109453,0.9920060425681665,0.08356545961002786,0.48333333333333334,-0.013971553184315977,0.2800000000000001,0.6247469180544055,0.31237345902720276,2.272766856413967,0.6,0.9709505944546686,0.9823482385379168,1.9042046451620849,0.6224178657186195,-0.002736472401975674
neutral,quantum,46,64,24,80,674,618,1292,4193,2407,1786,0.4259480085857381,80,75.24615384615385,13,8.425,0.642433234421365,0.059451336162641005,0.0009513216892702114,0.0030641178317547257,0.004975124378109453,0.9912048785215656,0.08902077151335312,0.4666666666666667,0.011073091327163664,0.28,0.6074098743266559,0.30370493716332797,2.229333673491222,0.5375,0.9959386076315955,0.9894890048869927,1.6102207344660844,0.6785844897968203,0.004578173029686345
neutral,quantum,47,64,24,80,690,634,1324,4211,2510,1701,0.4039420565186417,80,75.76923076923077,17,9.375,0.6463768115942029,0.06268402833463177,0.0010522493830724864,0.0037701771313313204,0.004975124378109453,0.9923836524107724,0.08840579710144927,0.5737704918032787,0.005636816728966876,0.2800000000000001,0.5746265819414881,0.28731329097074404,2.1749415543812796,0.425,0.9837082626231857,0.9865748771451271,1.6771040062979463,0.8314757789683374,-0.00142884364834532
neutral,quantum,48,64,24,80,691,635,1326,4143,2600,1543,0.37243543326092204,80,74.73846153846154,17,8.8375,0.6353111432706223,0.038788907680318147,0.0008621115084901332,0.0027604203521905783,0.004975124378109453,0.9917311063960714,0.07959479015918958,0.5818181818181818,0.013360668089854227,0.2800000000000001,0.5360958302433719,0.26804791512168596,2.194373768324725,0.1625,0.6402569436810506,0.9270364894843236,0.8758749654024506,0.8117092346092046,0.0006849040129397719
neutral,quantum,49,64,24,80,685,629,1314,4054,2452,1602,0.3951652688702516,80,73.27692307692308,15,8.8125,0.6437956204379562,0.04879494720385329,0.0010930486617487848,0.0033820961609640483,0.004975124378109453,0.9902505610715842,0.06569343065693431,0.5111111111111111,-0.017973577735330704,0.28000000000000014,0.650158097566882,0.325079048783441,2.320062517618229,0.3375,0.9224062617590723,0.9762118425099784,1.3455450290094284,0.714928090196643,-0.00509330257605211
neutral,quantum,50,64,24,80,702,646,1348,3976,2491,1485,0.3734909456740443,80,72.33846153846154,15,9.3375,0.5584045584045584,0.00020852683082041822,0.0010566046522181203,0.004626492090103077,0.6666666666666666,0.9490715834999411,0.07977207977207977,0.5178571428571429,0.007450394617377842,0.2800000000000001,0.7836846941105458,0.3918423470552729,2.499612243537501,0.3625,0.944738828646789,0.9040509663816187,1.2740049901781194,0.3430401261991064,0.001301192466671256
neutral,quantum,51,64,24,80,651,595,1246,4067,2387,1680,0.41308089500860584,80,72.95384615384616,15,9.7625,0.6451612903225806,0.03478909903477419,0.0011227179443796158,0.004534444728474425,0.004975124378109453,0.9929736215917546,0.08141321044546851,0.5660377358490566,0.010984882563829929,0.2800000000000001,0.5725402819168849,0.28627014095844244,2.2138613834112175,0.25,0.8112781244591328,0.9082765265302954,1.3430852935830664,0.7740452953473204,0.00044224811007703967
neutral,quantum,52,64,24,80,688,632,1320,4154,2320,1834,0.4415021665864227,80,74.86153846153846,13,9.5375,0.5930232558139535,0.025176367409287956,0.0010200162619195068,0.0035337217416858066,0.004975124378109453,0.9897130792128048,0.0755813953488372,0.5192307692307693,0.020489424382047733,0.28000000000000014,0.6756839013390579,0.33784195066952893,2.3532518311363737,0.5625,0.9886994082884974,0.9914828154352897,1.9308208217990621,0.6804141098311725,0.005684261377505286
neutral,quantum,53,64,24,80,697,641,1338,4173,2412,1761,0.4219985621854781,80,75.29230769230769,17,9.025,0.6212338593974175,0.02458961554267599,0.0008349489276429259,0.0028411337240574356,0.004975124378109453,0.9826812931878341,0.07890961262553801,0.509090909090909,-0.009872189546039273,0.28000000000000014,0.5451633242796056,0.2725816621398028,2.108869757328388,0.6,0.9709505944546686,0.9447111504388103,2.040728433369828,0.6983887900287535,-0.0015173485547115783
neutral,quantum,54,64,24,80,717,661,1378,4137,2628,1509,0.36475707034082666,80,75.04615384615384,16,8.9875,0.6415620641562064,0.052199402810955434,0.0011262090550455265,0.003980662482956872,0.004975124378109453,0.9895094450836474,0.0794979079497908,0.47368421052631576,-0.005603851565372825,0.28000000000000014,0.6426751755397516,0.3213375877698758,2.2884933318630063,0.5,1.0,0.9687818823963747,1.6357868645262734,0.6156636710253763,-0.0017598835251588871
neutral,quantum,55,64,24,80,690,634,1324,4217,2409,1808,0.42874081100308276,80,75.86153846153846,16,9.625,0.6144927536231884,0.035490107771915996,0.0010685730224664753,0.004388054014225231,0.004975124378109453,0.9888394225551387,0.10869565217391304,0.37333333333333335,0.004286748502735804,0.28,0.6181073960580883,0.30905369802904414,2.2423792948490253,0.425,0.9837082626231857,0.9882378637776789,1.6713169060713178,0.6752163265711073,-0.0013753516051120214
neutral,quantum,56,64,24,80,688,632,1320,4135,2485,1650,0.39903264812575573,80,74.56923076923077,17,9.8,0.6046511627906976,0.016651451538252662,0.0009925500636656327,0.003117866057832562,0.004975124378109453,0.9829891361075354,0.07994186046511628,0.5454545454545454,0.00427686492702728,0.28000000000000014,0.7438836673764457,0.37194183368822287,2.4319013868772643,0.4625,0.9959386076315955,0.9385149418139827,1.5526259476352455,0.5608146992903477,0.0041116548647593554
neutral,quantum,57,64,24,80,726,670,1396,4210,2558,1652,0.39239904988123514,80,76.3076923076923,20,9.875,0.6143250688705234,0.03842421373128149,0.0009022947435564937,0.0039110454686606295,0.004975124378109453,0.9911342150432847,0.07988980716253444,0.4827586206896552,-0.01313782096418345,0.28,0.6239256972873521,0.31196284864367607,2.242325923156,0.4625,0.9959386076315955,0.9882956835021796,1.8172078566173577,0.749783281966711,-0.0012778081820797673
neutral,quantum,58,64,24,80,702,646,1348,4172,2473,1699,0.40723873441994246,80,75.35384615384615,15,8.25,0.6196581196581197,0.03819129040774233,0.0010673448124565257,0.0038225944535247094,0.004975124378109453,0.9876856015743236,0.07407407407407407,0.38461538461538464,-0.0015660816026661917,0.2800000000000001,0.6762208378423594,0.3381104189211797,2.326799506261004,0.475,0.99819587904281,0.9765793831750802,1.5148500804321785,0.3779668000641727,-0.0009322295649488134
neutral,quantum,59,64,24,80,675,619,1294,4142,2525,1617,0.3903911154031869,80,74.47692307692307,14,8.75,0.6222222222222222,0.033519128533697706,0.0009991706749778062,0.0033021058591338835,0.004975124378109453,0.983692297088172,0.09037037037037036,0.5245901639344263,0.00046971109758076057,0.28000000000000014,0.6964650670195752,0.3482325335097876,2.3962474384917414,0.4,0.9709505944546686,0.9659425679560373,1.2003401555620044,0.5747744040740524,0.0007815266862685626
neutral,quantum,60,64,24,80,744,688,1432,4210,2606,1604,0.3809976247030879,80,76.58461538461539,16,9.9875,0.5752688172043011,0.004588923973493159,0.0010211061803269165,0.003947102495769128,0.04477611940298507,0.9754268653563526,0.0846774193548387,0.4444444444444444,0.0008855112095994822,0.28,0.7339704828343119,0.36698524141715594,2.418302128074453,0.4125,0.9777945702913884,0.9281107511059484,1.411264676140456,0.4047874538450202,0.0035885602089809963
neutral,quantum,61,64,24,80,691,635,1326,4092,2620,1472,0.3597262952101662,80,73.95384615384616,15,9.05,0.5875542691751086,0.021474629183674425,0.0010508791451005227,0.003731843082079557,0.004975124378109453,0.9816391191660472,0.07959479015918958,0.4727272727272727,-0.0024770965909036435,0.28000000000000014,0.6719811893943133,0.33599059469715664,2.297457938515649,0.45,0.9927744539878084,0.9864919325567019,1.7423084150902206,0.46964291153516835,-0.0004984333926723488
neutral,quantum,62,64,24,80,714,658,1372,4142,2682,1460,0.35248672139063253,80,75.07692307692308,17,8.6875,0.5714285714285714,0.013529649680301382,0.0009700841613080552,0.0037904853318927755,0.004975124378109453,0.9833936959913375,0.0896358543417367,0.46875,-0.013516489443510582,0.28000000000000014,0.6357855863483733,0.31789279317418667,2.2437206027498258,0.55,0.9927744539878084,0.9850519011740992,1.7620769916955556,0.6562685501938654,-0.0023310572223487727
neutral,quantum,63,64,24,80,726,670,1396,4076,2668,1408,0.34543670264965654,80,74.24615384615385,17,10.8125,0.6336088154269972,0.051535510991964906,0.0010333253480995978,0.0036660013989068888,0.004975124378109453,0.9917164570696205,0.08677685950413223,0.4444444444444444,-0.004162638974983368,0.28000000000000014,0.5733146018912246,0.2866573009456123,2.1939997250973233,0.35,0.934068055375491,0.9872610844331411,1.3804291354244953,0.8126220716351348,0.004923624827974082
neutral,quantum,64,64,24,80,757,701,1458,4122,2532,1590,0.38573508005822416,80,75.43076923076923,17,11.8125,0.6684280052840158,0.060011314035307656,0.000925515550924796,0.003311761709296871,0.004975124378109453,0.9930678882155429,0.09907529722589167,0.4533333333333333,0.0036596583442838337,0.28000000000000014,0.4367665129714818,0.2183832564857409,1.974664448546744,0.7625,0.79085809055281,0.9391585247544637,2.385301278955814,0.8359191094149334,0.002965825674520521
neutral,quantum,65,64,24,80,748,696,1444,4066,2749,1317,0.32390555828824397,76,74.43076923076923,18,10.131578947368421,0.6296791443850267,0.049069491871739604,0.0009091404669580949,0.003767605898303387,0.004975124378109453,0.9912133223647707,0.08288770053475936,0.532258064516129,0.009029017554594287,0.28000000000000014,0.5941130796713736,0.2970565398356868,2.2154683983427725,0.40789473684210525,0.9753817903274212,0.9809760306827919,1.8076722145668185,0.5779945027498129,-0.0010464328254242762
neutral,quantum,66,64,24,80,674,618,1292,4077,2436,1641,0.4025018395879323,80,73.46153846153847,15,9.9125,0.6023738872403561,0.03129862846754783,0.0011804897366312606,0.00492265286661164,0.004975124378109453,0.9881733873315264,0.09050445103857567,0.47540983606557374,-0.012041268672341454,0.2800000000000001,0.6286193076692487,0.31430965383462434,2.2510275161357685,0.65,0.934068055375491,0.9898186658129547,1.7755158619247997,0.3256776545539603,-7.911235813845654e-05
neutral,quantum,67,64,24,80,766,713,1479,4162,2861,1301,0.3125901009130226,77,76.18461538461538,14,8.909090909090908,0.5900783289817232,0.019524893408621187,0.0009552426828313952,0.003966981585303025,0.004975124378109453,0.9861923768482291,0.06919060052219321,0.5283018867924528,-0.0032921641253305656,0.28000000000000014,0.6828533158105777,0.34142665790528887,2.329790525911827,0.42857142857142855,0.9852281360342516,0.9848542356107126,1.5173130110206459,0.632395809084613,-0.0009551880229836275
neutral,quantum,68,64,24,80,695,639,1334,3919,2413,1506,0.38428170451645827,80,71.35384615384615,19,12.0125,0.637410071942446,0.020424527677307562,0.0009731229625769025,0.003627910405943121,0.004975124378109453,0.985671767876237,0.09064748201438849,0.5079365079365079,-0.005062088398152087,0.2800000000000001,0.6482525120902533,0.3241262560451266,2.2937542008433915,0.325,0.9097361225311662,0.8996083030036138,1.1350297527172828,0.5416507177220607,-0.004584218534535886
neutral,quantum,69,64,24,80,714,658,1372,3940,2556,1384,0.35126903553299493,80,71.96923076923076,14,9.475,0.5686274509803921,0.012093652665038868,0.0009999656987853434,0.004063081369875144,0.004975124378109453,0.9601544700149938,0.08543417366946779,0.47540983606557374,0.008916246242151538,0.2800000000000001,0.7679544151123852,0.3839772075561926,2.46346553437258,0.3625,0.944738828646789,0.9822347494170597,1.402762582586484,0.37952276091757514,0.0062991831791594744
neutral,quantum,70,64,24,80,713,657,1370,4113,2573,1540,0.37442256260637,80,74.61538461538461,16,9.125,0.6718092566619915,0.07885924125737495,0.0009122594938860295,0.003919800003592443,0.004975124378109453,0.9926230004278086,0.09817671809256662,0.45714285714285713,0.020492367630018965,0.28000000000000014,0.452563238344104,0.226281619172052,2.0243229924277357,0.525,0.99819587904281,0.9600115841574732,1.9497092315286018,0.8944038921957302,0.007232291225351605
neutral,quantum,71,64,24,80,700,644,1344,4096,2563,1533,0.374267578125,80,74.15384615384616,15,10.1875,0.5842857142857143,0.014234282797135116,0.0010009933368471439,0.0038304669256235165,0.004975124378109453,0.9919506519999906,0.07142857142857142,0.5,0.018430099312452236,0.28000000000000014,0.7103419792393567,0.35517098961967836,2.3848177572246447,0.3875,0.9631672450918832,0.9552513648755753,1.3232642677861297,0.5488891461814185,0.006020069122314453
neutral,quantum,72,64,24,80,724,668,1392,4067,2638,1429,0.35136464224243913,80,74.07692307692308,15,9.6875,0.611878453038674,0.03582448583761673,0.0009835473559681876,0.0037805029439308196,0.004975124378109453,0.9902378567262682,0.09116022099447514,0.5606060606060606,0.007673390249059636,0.2800000000000001,0.6166347455587267,0.30831737277936333,2.233299025506152,0.4,0.9709505944546686,0.9838633458364273,1.5803146490784663,0.7244648506102713,-0.0008792363998428363
neutral,quantum,73,64,24,80,725,669,1394,4134,2711,1423,0.34421867440735365,80,75.12307692307692,16,9.425,0.576551724137931,0.01681104728705661,0.0011041470357912103,0.004694962949219099,0.004975124378109453,0.9800261167761766,0.08275862068965517,0.5666666666666667,0.014749804218087553,0.2800000000000001,0.7364785462884353,0.36823927314421767,2.400600711154243,0.4625,0.9959386076315955,0.992080988921405,1.6077839742494013,0.46518616206211816,0.00872541743232106
neutral,quantum,74,64,24,80,669,613,1282,4131,2477,1654,0.40038731541999517,80,74.21538461538462,18,8.9,0.6158445440956651,0.022395909716785137,0.0012577122253945615,0.004637113558412376,0.004975124378109453,0.9771121566831239,0.09118086696562033,0.4918032786885246,0.01876397655280998,0.28000000000000014,0.7207278028981123,0.36036390144905617,2.4080213389946756,0.4125,0.9777945702913884,0.938465489020672,1.3676281512219646,0.4951866576826308,0.0038545197434703337
neutral,quantum,75,64,24,80,703,647,1350,4088,2765,1323,0.3236301369863014,80,74.07692307692308,15,8.625,0.6742532005689901,0.07546840672749551,0.001011253824205986,0.003901765884306393,0.004975124378109453,0.9920860192100669,0.07965860597439545,0.39285714285714285,-0.015543451321145096,0.28000000000000014,0.5952175690405433,0.2976087845202717,2.2168940674196205,0.275,0.8485481782946158,0.969133414346781,0.9726719055543065,0.7023520207645937,-0.00565733893482332
neutral,quantum,76,64,24,80,706,650,1356,4230,2533,1697,0.40118203309692674,80,76.3076923076923,17,8.875,0.6926345609065155,0.09898306211775482,0.0009594178395068084,0.003611716538779848,0.004975124378109453,0.9938377268680816,0.07932011331444759,0.5892857142857143,0.005971630584590104,0.2800000000000001,0.6009819784198985,0.30049098920994927,2.2360817558693684,0.4375,0.9886994082884974,0.9673259752043076,1.6017325101277156,0.846846940190346,0.0017320836756478813
neutral,quantum,77,64,24,80,701,645,1346,4130,2503,1627,0.39394673123486684,80,74.6923076923077,17,10.1375,0.6804564907275321,0.06404969233916014,0.00110514111576349,0.004374879016974979,0.004975124378109453,0.9873530062201026,0.07275320970042796,0.47058823529411764,0.020935556630156532,0.28000000000000014,0.6191837346217441,0.30959186731087207,2.275721307244989,0.2625,0.8304955225035799,0.9140065971325478,1.0765216653833694,0.6845131657283842,0.004298436409898634
neutral,quantum,78,64,24,80,697,641,1338,4138,2468,1670,0.4035766070565491,80,74.75384615384615,15,9.1,0.5796269727403156,0.01665275803112625,0.0010206334561715458,0.003968218470250324,0.004975124378109453,0.9845010378815134,0.08321377331420372,0.4482758620689655,-0.005038664300610091,0.28000000000000014,0.7233043132558408,0.3616521566279204,2.398497049436872,0.525,0.99819587904281,0.9865824022252626,1.6117239718756644,0.5851228047552227,-0.0024830281344835666
neutral,quantum,79,64,24,80,669,613,1282,4182,2430,1752,0.41893830703012913,80,75.0,16,9.725,0.5979073243647235,0.026313819514900146,0.0012129520185372971,0.004212872171523006,0.004975124378109453,0.9713117933099502,0.09118086696562033,0.5573770491803278,-0.005170089396735661,0.2800000000000001,0.7531158083107883,0.37655790415539414,2.445799110626312,0.525,0.99819587904281,0.9859508915879153,1.5267836312800553,0.5049834127906435,-0.0021808982542521876
neutral,quantum,80,64,24,80,672,616,1288,4102,2456,1646,0.401267674305217,80,73.81538461538462,16,9.175,0.5803571428571429,0.012470231724332148,0.0011743656089552113,0.004430920522742886,0.004975124378109453,0.9908228186695907,0.06845238095238096,0.43478260869565216,0.005333787062792195,0.28000000000000014,0.6334204637150054,0.3167102318575027,2.248650942224058,0.5625,0.9886994082884974,0.968008315393663,1.8849388759080548,0.7193616582337491,-0.0029736597314553963
neutral,quantum,81,64,24,80,682,626,1308,4235,2406,1829,0.4318772136953955,80,76.01538461538462,13,8.425,0.5835777126099707,0.014484745835713811,0.0009471562704014723,0.003456402885414827,0.004975124378109453,0.9793187457192731,0.08357771260997067,0.38596491228070173,-0.006289074043689863,0.28,0.7355811117355869,0.36779055586779347,2.4128331130940435,0.4125,0.9777945702913884,0.9639137125019027,1.5264788147720203,0.38326962580779517,-0.002899768472377682
neutral,quantum,82,64,24,80,701,645,1346,4264,2513,1751,0.4106472795497186,80,76.75384615384615,16,9.6125,0.6576319543509273,0.06616671104924092,0.0011680683142323328,0.004362308586322357,0.004975124378109453,0.990402313015236,0.09415121255349501,0.5151515151515151,-0.012678198728846651,0.2800000000000001,0.625290620151766,0.312645310075883,2.255916752133581,0.425,0.9837082626231857,0.9746948302366756,1.5418822597287796,0.6801546526894018,-0.003190241438422469
neutral,quantum,83,64,24,80,731,675,1406,4122,2628,1494,0.3624454148471616,80,75.03076923076924,18,11.075,0.6443228454172366,0.050030309931752726,0.001059504402852438,0.0041459791627785555,0.004975124378109453,0.9897502180066484,0.09439124487004104,0.4492753623188406,0.0007844197801734343,0.28000000000000014,0.49873643313289334,0.24936821656644667,2.0701082052212536,0.6625,0.9224062617590723,0.9603587608463847,2.247415070312646,0.7639016955046737,-0.002069874645721783
neutral,quantum,84,64,24,80,688,632,1320,4132,2375,1757,0.42521781219748306,80,74.52307692307693,14,8.5375,0.561046511627907,0.006178394006221666,0.0013071717028859398,0.004679992438781758,0.03482587064676617,0.9821265205197274,0.1002906976744186,0.42028985507246375,-0.010199664394669933,0.28000000000000014,0.6175706184901174,0.3087853092450587,2.228969989683773,0.7375,0.8304955225035798,0.9647953889016004,2.2120924325872293,0.5696967660956526,0.0006859783954290616
neutral,quantum,85,64,24,80,663,607,1270,3976,2329,1647,0.4142354124748491,80,71.73846153846154,17,10.1375,0.6425339366515838,0.01825532766204805,0.0010185833054550874,0.003406230803810579,0.004975124378109453,0.9892341750086362,0.0784313725490196,0.5192307692307693,-0.003142109036141094,0.2800000000000001,0.6539458989369091,0.32697294946845457,2.333047910676,0.2,0.7219280948873623,0.8650715591401246,0.9969371106226257,0.5045502353774378,-0.0007969724787355894
neutral,quantum,86,64,24,80,710,654,1364,4102,2676,1426,0.3476352998537299,80,74.4,15,8.8125,0.6492957746478873,0.028539542482293075,0.0009468544791668128,0.0037623814837833697,0.004975124378109453,0.9908862713679262,0.07746478873239436,0.6727272727272727,-0.0397458347926152,0.28000000000000014,0.5886605288385772,0.2943302644192886,2.2431538307286343,0.3125,0.8960382325345575,0.9331614179445749,1.0491372241328303,0.7635414079155748,-0.00962475404726999
neutral,quantum,87,64,24,80,708,652,1360,3924,2589,1335,0.34021406727828746,80,71.63076923076923,14,9.525,0.6059322033898306,0.03263406815576793,0.0010559423190684483,0.003595017751561475,0.004975124378109453,0.9889536704465353,0.07203389830508475,0.45098039215686275,0.0028542282549860742,0.2800000000000001,0.6531786642316214,0.3265893321158107,2.303827533639213,0.525,0.99819587904281,0.9905123009793951,1.5572872463791783,0.7938160068799524,-0.0002548419979612638
neutral,quantum,88,64,24,80,693,637,1330,4027,2424,1603,0.3980630742488205,80,72.98461538461538,15,9.85,0.5988455988455988,0.02639463567398461,0.0009349140528903914,0.0031380202951082105,0.004975124378109453,0.9860189116660958,0.09379509379509379,0.3384615384615385,-0.0015460394865554339,0.2800000000000001,0.6687743319007764,0.3343871659503882,2.3352271762313017,0.5,1.0,0.9809364663027466,1.6613701639236567,0.5900531854232118,0.0020559016556298136
neutral,quantum,89,64,24,80,686,630,1316,4171,2488,1683,0.40350035962598896,80,75.0923076923077,14,8.65,0.607871720116618,0.028087319753365092,0.001173161907142429,0.004300909867894396,0.004975124378109453,0.9929862662763382,0.0728862973760933,0.38,0.008579109484727787,0.28000000000000014,0.6407618306542235,0.32038091532711177,2.308523878923803,0.4125,0.9777945702913884,0.9794813145696989,1.331832853863851,0.5922675682508272,0.006692555446004342
neutral,quantum,90,64,24,80,702,646,1348,4170,2513,1657,0.3973621103117506,80,75.32307692307693,14,9.75,0.6467236467236467,0.05379942635963801,0.001128197292887669,0.004076669047936778,0.004975124378109453,0.9911163191338945,0.09544159544159544,0.5373134328358209,-0.020284364092602508,0.2800000000000001,0.5279513416981197,0.2639756708490599,2.1261146510625006,0.575,0.9837082626231857,0.9405163068396929,1.650766170422608,0.9977052119504096,-0.003511550471852735
neutral,quantum,91,64,24,80,719,663,1382,4176,2417,1759,0.4212164750957854,80,75.67692307692307,18,9.0,0.7023643949930459,0.12224955228504435,0.0010731055407209274,0.004544892165677704,0.004975124378109453,0.9926566903216477,0.09735744089012517,0.4857142857142857,0.014856260852787961,0.28,0.5431963882849858,0.2715981941424929,2.1462656421467936,0.4375,0.9886994082884974,0.9870763568383515,1.6458072125658538,0.9042150658235336,0.002665752851543577
neutral,quantum,92,64,24,80,731,675,1406,4167,2445,1722,0.4132469402447804,80,75.72307692307692,13,9.525,0.5718194254445964,0.011552862443209758,0.0010961651099250175,0.004193188769281139,0.009950248756218905,0.9864111208763868,0.08207934336525308,0.48333333333333334,-0.013417487324207555,0.28,0.6833123710275614,0.3416561855137807,2.339449135045285,0.4625,0.9959386076315955,0.9761842947353078,1.6586449556213114,0.5604168409629416,-0.005330199933897298
neutral,quantum,93,64,24,80,708,652,1360,4167,2467,1700,0.40796736261099115,80,75.36923076923077,17,8.5,0.5918079096045198,0.024528920245731042,0.0009866013899577702,0.0036478794791973516,0.004975124378109453,0.9910372850104585,0.09180790960451977,0.4307692307692308,-0.0057724449794037125,0.28,0.6221050384142303,0.31105251920711513,2.2583955693621154,0.4625,0.9959386076315955,0.991686394857253,1.7437847294462039,0.8019901887230889,0.0022448312126390614
neutral,quantum,94,64,24,80,728,672,1400,4069,2662,1407,0.34578520521012535,80,74.16923076923077,17,10.6875,0.7376373626373627,0.06878237666666114,0.0009785722172776234,0.003962383847357337,0.004975124378109453,0.9942520414487774,0.07417582417582418,0.42592592592592593,-0.014066472224614268,0.28000000000000014,0.45124808550217305,0.22562404275108652,2.1234663428236136,0.1875,0.6962122601251458,0.8268078894332505,0.9681864659244411,0.9758801954663451,0.0003596113998384147
neutral,quantum,95,64,24,80,700,644,1344,4175,2471,1704,0.4081437125748503,80,75.36923076923077,21,7.75,0.6328571428571429,0.045879671980923936,0.000971837296768299,0.004145245873083875,0.004975124378109453,0.982585563139578,0.09285714285714286,0.46153846153846156,-1.742727019238277e-05,0.2800000000000001,0.7000971720119529,0.35004858600597644,2.369052293918675,0.4375,0.9886994082884974,0.9828963375640564,1.632762354519577,0.49149747608733274,0.0040316970848721725
neutral,quantum,96,64,24,80,725,669,1394,4105,2552,1553,0.37831912302070647,80,74.67692307692307,16,9.3375,0.6027586206896551,0.030482680401926143,0.0008698686755985571,0.0036639957911333704,0.004975124378109453,0.9904739932210327,0.08827586206896551,0.515625,0.005240701145389354,0.28000000000000014,0.6435789753699007,0.32178948768495036,2.290885965722211,0.5,1.0,0.9861415913585865,1.6505834964344401,0.5742624399215437,-0.0019343036996265796
neutral,quantum,97,64,24,80,704,648,1352,4073,2571,1502,0.3687699484409526,80,73.86153846153846,15,9.7,0.6633522727272727,0.07588056985001602,0.0010260424595771342,0.004775266907569253,0.004975124378109453,0.9932792305809246,0.07244318181818182,0.3333333333333333,-0.01332272685719002,0.28000000000000014,0.5707322521957995,0.28536612609789974,2.1857041669515085,0.575,0.9837082626231857,0.981881975132013,1.8646622432096809,0.6903879123093415,-0.0008518126320841553
neutral,quantum,98,64,24,80,673,617,1290,4182,2364,1818,0.4347202295552367,80,75.06153846153846,15,9.2,0.649331352154532,0.06080827159324302,0.0009654931022671733,0.003215469957264433,0.004975124378109453,0.9912618863387771,0.07726597325408618,0.5384615384615384,-0.002994300721967158,0.2800000000000001,0.6216081593348459,0.31080407966742296,2.2708484159786626,0.5375,0.9959386076315955,0.9855821315852171,1.5749367606601443,0.5715253784750626,0.0006679579834873368
neutral,quantum,99,64,24,80,710,654,1364,4121,2586,1535,0.37248240718272263,80,74.6923076923077,12,7.775,0.5774647887323944,0.017262432753395493,0.0010606936225890469,0.00475031984388025,0.004975124378109453,0.9831091829317202,0.07464788732394366,0.41509433962264153,7.661050605833886e-05,0.28000000000000014,0.6852208594252615,0.3426104297126307,2.3362924869569968,0.55,0.9927744539878084,0.9926610202823624,1.66672278383144,0.41538617874334116,-0.0007361634742205305
neutral,quantum,100,64,24,80,709,653,1362,4186,2507,1679,0.4010989010989011,80,75.67692307692307,14,8.2875,0.6050775740479548,0.030286131925874524,0.0008973218996591081,0.0033890087922722884,0.004975124378109453,0.9939053055419498,0.07757404795486601,0.4727272727272727,0.0015058324496288467,0.2800000000000001,0.6313218089295887,0.31566090446479433,2.2524525417555354,0.4375,0.9886994082884974,0.9847315977779444,1.7569608523501998,0.7094655416634874,0.0013773644042241228
neutral,quantum,101,64,24,80,756,700,1456,4076,2802,1274,0.3125613346418057,80,74.70769230769231,16,9.1375,0.6865079365079365,0.05364330571666111,0.0010281631013118336,0.0039153710037783465,0.004975124378109453,0.9924451687242933,0.07936507936507936,0.5833333333333334,-0.019254936515044258,0.28000000000000014,0.5055427890760746,0.2527713945380373,2.157889070099017,0.2,0.7219280948873623,0.8965258881453699,0.7473071708303893,0.6034508952233946,-0.0020715338885031317
neutral,quantum,102,64,24,80,709,653,1362,4188,2449,1739,0.4152340019102197,80,75.70769230769231,14,8.1375,0.6572637517630465,0.053932162779575826,0.001031610714663336,0.003866911690688359,0.004975124378109453,0.989303853574665,0.08039492242595205,0.3508771929824561,0.003661654706902301,0.2800000000000001,0.6266716779440945,0.31333583897204725,2.2768080846850705,0.1,0.4689955935892812,0.8899459770875985,0.7664105389342923,0.4528083065216783,-0.0024535695291682527
neutral,quantum,103,64,24,80,725,677,1402,4079,2658,1421,0.3483696984555038,72,74.27692307692308,16,10.472222222222221,0.6910344827586207,0.03836869252599397,0.000848914960639406,0.0030516008689036624,0.004975124378109453,0.9939759419485877,0.07586206896551724,0.43636363636363634,-0.015283484738824793,0.28000000000000014,0.5475766207680464,0.2737883103840232,2.235894999662116,0.2916666666666667,0.8708644692353646,0.8666195973419951,0.9401042348153553,0.6832171423536486,-0.0072785939330966545
neutral,quantum,104,64,24,80,741,685,1426,4162,2540,1622,0.3897164824603556,80,75.8,16,9.15,0.5762483130904184,0.010125549531968342,0.0009116498159639518,0.0034257316469172923,0.009950248756218905,0.9768196198052002,0.08232118758434548,0.5737704918032787,0.019631183767034793,0.28000000000000014,0.6645768498763753,0.33228842493818767,2.2757873109688247,0.45,0.9927744539878084,0.9567893532087418,1.6487498841530648,0.6342995867800308,0.005128377131738822
neutral,quantum,105,64,24,80,755,699,1454,4107,2606,1501,0.36547358168979793,80,75.16923076923077,15,9.7125,0.5536423841059602,0.007239047700847261,0.0008593467987574521,0.0026107757111534374,0.004975124378109453,0.9903219265183607,0.09006622516556291,0.5735294117647058,0.0012667094155231762,0.28000000000000014,0.65116562490996,0.32558281245498,2.333313784014189,0.4375,0.9886994082884974,0.9842348798254674,1.5397968364085373,0.6845186255073117,-0.0016685392082703128
neutral,quantum,106,64,24,80,720,664,1384,4103,2670,1433,0.34925664148184254,80,74.56923076923077,19,9.8,0.6861111111111111,0.10173342517973304,0.001011851676210342,0.0034365354420378066,0.004975124378109453,0.9956033861469316,0.08055555555555556,0.3793103448275862,0.0032835246127660977,0.28000000000000014,0.48307996148233046,0.24153998074116523,2.058728096864161,0.45,0.9927744539878084,0.9878116471969712,1.6267556064450204,0.9815450636368521,0.0028391511795729887
neutral,quantum,107,64,24,80,758,702,1460,4131,2700,1431,0.3464052287581699,80,75.58461538461539,14,9.55,0.6015831134564644,0.021842055974716168,0.0011095353122092615,0.003283951669988485,0.004975124378109453,0.98691325395573,0.08047493403693931,0.45901639344262296,-0.008782802203866624,0.28000000000000014,0.6298150367863465,0.31490751839317327,2.2358647774275697,0.6625,0.9224062617590723,0.9582714250168062,2.0614351753128526,0.4289802128283435,-0.0022230672186450496
neutral,quantum,108,64,24,80,699,643,1342,4171,2464,1707,0.40925437544953247,80,75.29230769230769,14,9.325,0.6580829756795422,0.024599967652407052,0.0010521515813777108,0.0036734342975378153,0.004975124378109453,0.9922109471161433,0.0844062947067239,0.4745762711864407,-0.009371303590956753,0.28000000000000014,0.4236939721029251,0.21184698605146254,1.940984400788806,0.7625,0.79085809055281,0.8695063323648203,2.483100283474266,0.49570081340507194,-0.006150515475413601
neutral,quantum,109,64,24,80,701,645,1346,4222,2504,1718,0.4069161534817622,80,76.1076923076923,16,9.1625,0.5805991440798859,0.008394977179352774,0.000892877841273289,0.003960809873291799,0.014925373134328358,0.9844646635668192,0.08416547788873038,0.423728813559322,0.003871310519238197,0.2800000000000001,0.6943451513877201,0.34717257569386006,2.3763442786730744,0.3125,0.8960382325345575,0.9461398734270823,1.4108143861966198,0.595244026206864,4.38141686830888e-05
neutral,quantum,110,64,24,80,658,602,1260,4108,2263,1845,0.4491236611489776,80,73.6923076923077,13,8.225,0.5668693009118541,0.010697882259600867,0.001131522285976807,0.005068966448572559,0.004975124378109453,0.9892004200055404,0.06838905775075987,0.5111111111111111,-0.01192124040989323,0.2800000000000002,0.7034623631718325,0.35173118158591626,2.3741852617740995,0.5125,0.9995491108252484,0.9686981209890412,1.7240092255726744,0.536844083842105,0.0035460530619713703
neutral,dephased,11,64,24,80,701,645,1346,4013,2443,1570,0.3912285073511089,80,72.8923076923077,18,10.725,0.7161198288159771,0.1380082869742026,0.0010806058157894257,0.004120745969958182,0.004975124378109453,0.9918546777302395,0.0898716119828816,0.5238095238095238,-0.004196737681098767,0.2800000000000001,0.0,0.0,1.6502865082007434,0.4875,0.9995491108252484,0.9836859620035542,1.778202182523018,0.84549400531872,-0.0020010967346405797
neutral,dephased,12,64,24,80,714,658,1372,4078,2554,1524,0.3737126042177538,80,74.0923076923077,13,9.2125,0.5784313725490197,0.018037227544494695,0.0010543863733757973,0.003918702820427385,0.009950248756218905,0.9885381766211794,0.07983193277310924,0.49122807017543857,-0.0075530877292991905,0.28000000000000014,0.0,0.0,1.638765992323804,0.625,0.9544340029249649,0.9906052981371976,1.7551243308691435,0.4962501324612842,-0.001930357056524784
neutral,dephased,13,64,24,80,726,671,1397,4051,2647,1404,0.3465810910886201,79,73.86153846153846,16,11.670886075949367,0.5550964187327824,0.006658862776876093,0.001153543371358736,0.004338901024762705,0.01990049751243781,0.9824551532468967,0.0674931129476584,0.5714285714285714,-0.005246183072672994,0.2800000000000001,0.0,0.0,1.6286761007368376,0.5189873417721519,0.9989595114657399,0.9768730570277715,1.7277301541539896,0.4168973196192708,-0.002284498904092545
neutral,dephased,14,64,24,80,725,669,1394,4122,2523,1599,0.3879184861717613,80,74.93846153846154,14,9.0625,0.6275862068965518,0.04054999563283347,0.000893085530277245,0.003240089214874193,0.004975124378109453,0.9896488004157769,0.0896551724137931,0.5076923076923077,-0.0020668464378662266,0.28000000000000014,0.0,0.0,1.6037646989258967,0.6125,0.9631672450918831,0.9578329255897445,2.0188810459277873,0.6975263359459722,0.0001682667011322072
neutral,dephased,15,64,24,80,714,658,1372,4078,2703,1375,0.3371750858263855,80,74.0923076923077,16,7.8,0.6428571428571429,0.0527198600785881,0.0008431960505465435,0.003348261413307049,0.004975124378109453,0.9920656547284233,0.06442577030812324,0.43478260869565216,0.021969929305847985,0.28000000000000014,0.0,0.0,1.6133588585504899,0.55,0.9927744539878084,0.9794672843403919,2.0093648169874427,0.8144481896444595,0.0011526099326978753
neutral,dephased,16,64,24,80,700,644,1344,4203,2423,1780,0.42350701879609803,80,75.8,15,9.65,0.6871428571428572,0.10275462102270486,0.0010795320728670223,0.0041678350080306065,0.004975124378109453,0.997054499486936,0.06714285714285714,0.6382978723404256,-0.025497517513432627,0.28,0.0,0.0,1.6513488593317034,0.4625,0.9959386076315955,0.9963756261840726,1.5039212073209776,1.2362023673517384,-0.010509187861858863
neutral,dephased,17,64,24,80,737,681,1418,4116,2530,1586,0.38532555879494657,80,75.03076923076924,15,9.4125,0.621438263229308,0.040598453769963225,0.0010672009712076108,0.004355545117318829,0.004975124378109453,0.9907203252094167,0.07869742198100407,0.4827586206896552,0.0036524871010438775,0.28000000000000014,0.0,0.0,1.6191075473543821,0.4375,0.9886994082884974,0.9844166891604147,1.8044857717122944,0.7603963855991341,0.006385755746141293
neutral,dephased,18,64,24,80,717,661,1378,4136,2596,1540,0.3723404255319149,80,75.03076923076924,17,10.2375,0.6541143654114365,0.0666592615574618,0.0010859639553148753,0.004228376866619178,0.004975124378109453,0.9915419067588492,0.08507670850767085,0.45901639344262296,0.004964956610223753,0.28000000000000014,0.0,0.0,1.6575691310392378,0.4125,0.9777945702913884,0.9749930971159692,1.583171582430187,0.8361805101150168,-0.001228305317465365
neutral,dephased,19,64,24,80,747,691,1438,4162,2634,1528,0.36713118692936086,80,75.8923076923077,15,9.575,0.6626506024096386,0.05493444182616386,0.0011124515681611093,0.004107321924366261,0.004975124378109453,0.9857828275326602,0.08032128514056225,0.4666666666666667,-0.011811580442376707,0.28000000000000014,0.0,0.0,1.6857165743187847,0.3625,0.944738828646789,0.9451729976466746,1.6940025586509786,0.7725001057054435,-4.306601384901544e-05
neutral,dephased,20,64,24,80,721,665,1386,4196,2498,1698,0.4046711153479504,80,76.01538461538462,14,9.6,0.6934812760055479,0.0855222237270907,0.0010036180698542129,0.0037725073376913124,0.004975124378109453,0.9952403226190247,0.08183079056865465,0.5254237288135594,0.015294541096478653,0.28,0.0,0.0,1.7148713032472205,0.3,0.8812908992306927,0.9311732328521686,1.2185251744182013,0.8601185511331486,-0.0007485339435351263
neutral,dephased,21,64,24,80,691,635,1326,4127,2471,1656,0.4012599951538648,80,74.49230769230769,18,10.2875,0.6599131693198264,0.07135866511081268,0.0011587105023526676,0.00394108274350043,0.004975124378109453,0.9895260964124827,0.08683068017366136,0.5333333333333333,0.0020373255704654036,0.28000000000000014,0.0,0.0,1.6615781488493089,0.475,0.99819587904281,0.982118177107457,1.7363670022787254,0.5373558962574547,0.0016283930212130293
neutral,dephased,22,64,24,80,768,712,1480,4015,2812,1203,0.29962640099626403,80,73.95384615384616,17,11.8,0.5442708333333334,0.0056185098599006895,0.0009677534490761813,0.003939503185642061,0.01990049751243781,0.9793833889720488,0.078125,0.38333333333333336,-0.0023052741355784057,0.28000000000000014,0.0,0.0,1.646717598568179,0.5375,0.9959386076315955,0.9825060562905409,1.5864989397382327,0.41950853099143687,0.004435546029909628
neutral,dephased,23,64,24,80,727,671,1398,4200,2641,1559,0.3711904761904762,80,76.16923076923077,20,9.2625,0.6341127922971114,0.04406150973790619,0.0011330303374332874,0.004284222157509749,0.004975124378109453,0.9950193436577403,0.059147180192572216,0.5348837209302325,0.007006047577628988,0.28,0.0,0.0,1.6102515166349995,0.475,0.99819587904281,0.971873353147549,1.7483558996307338,0.7332071723634626,0.006053174603174599
neutral,dephased,24,64,24,80,732,679,1411,4071,2568,1503,0.3691967575534267,77,74.26153846153846,18,12.168831168831169,0.610655737704918,0.03068559586972286,0.0008400812902318384,0.0031923587517231483,0.004975124378109453,0.9912386564791934,0.0860655737704918,0.47619047619047616,-0.006745802449132587,0.28000000000000014,0.0,0.0,1.6658233656981392,0.5194805194805194,0.9989047442823606,0.9870778266399852,1.544746839784773,0.5209491506342161,-0.00262999409703989
neutral,dephased,25,64,24,80,698,642,1340,4092,2523,1569,0.38343108504398826,80,74.06153846153846,17,10.9,0.6174785100286533,0.03967882006219428,0.0010533786098338395,0.0038178193622281018,0.004975124378109453,0.9900498193421419,0.09312320916905444,0.49230769230769234,0.005596838216933436,0.28000000000000014,0.0,0.0,1.6347579234285459,0.4625,0.9959386076315955,0.9903087436359188,1.6482136945422226,0.6786918687909406,-8.910407642788291e-05
neutral,dephased,26,64,24,80,705,649,1354,4152,2446,1706,0.41088631984585744,80,75.0923076923077,19,10.8625,0.6638297872340425,0.07852376826911016,0.0010070280181844323,0.0036648799210849646,0.004975124378109453,0.9940929400498826,0.07234042553191489,0.6078431372549019,0.0026101983081789903,0.2800000000000001,0.0,0.0,1.6452817204345993,0.4875,0.9995491108252484,0.9907931853501505,1.8071428167970427,0.6863597107414994,0.0010088111307873036
neutral,dephased,27,64,24,80,678,622,1300,4078,2443,1635,0.400931829328102,80,73.53846153846153,15,9.9625,0.6342182890855457,0.02869728850691377,0.001147866240694023,0.004409407609997269,0.004975124378109453,0.987352498100585,0.10619469026548672,0.4444444444444444,-0.0036914535780251945,0.28000000000000014,0.0,0.0,1.7054313432919501,0.275,0.8485481782946158,0.9252564417220298,1.0814574996989836,0.5080343784896898,0.001185321733792807
neutral,dephased,28,64,24,80,730,674,1404,4079,2737,1342,0.32900220642314293,80,74.35384615384615,18,12.1625,0.647945205479452,0.042666174203431884,0.0007403270713760401,0.0027596141298638563,0.004975124378109453,0.9855692087216623,0.09315068493150686,0.5294117647058824,-0.001788201913424714,0.28000000000000014,0.0,0.0,1.7068195359519283,0.225,0.7691928290130138,0.9382474162624777,1.1311529856251024,0.5215930735719592,-0.0038166895166382026
neutral,dephased,29,64,24,80,715,659,1374,4105,2488,1617,0.39390986601705236,80,74.52307692307693,15,10.175,0.5664335664335665,0.009787017858418241,0.0009500680263496827,0.003618256931300776,0.009950248756218905,0.9852228713344597,0.08951048951048951,0.4375,0.01474400150412497,0.28000000000000014,0.0,0.0,1.6078152077152894,0.5625,0.9886994082884974,0.9846952411599956,1.905989221589262,0.5573793846124661,0.002577291292369457
neutral,dephased,30,64,24,80,676,620,1296,4102,2583,1519,0.3703071672354949,80,73.87692307692308,16,8.475,0.735207100591716,0.09140172623347687,0.0008889082902506005,0.0036055345399818653,0.004975124378109453,0.9932170602167119,0.05621301775147929,0.47368421052631576,0.007148284403157734,0.28000000000000014,0.0,0.0,1.729422130302388,0.325,0.9097361225311662,0.85219232869941,1.1051574290869852,0.6609427476430939,0.0023949264501197044
neutral,dephased,31,64,24,80,720,664,1384,4022,2662,1360,0.33814022874191946,80,73.32307692307693,15,10.175,0.6388888888888888,0.034104422799738895,0.0007579723743981803,0.002767148537002433,0.004975124378109453,0.9827741515670132,0.06666666666666667,0.4166666666666667,0.005350416713556599,0.28000000000000014,0.0,0.0,1.694363211218399,0.4,0.9709505944546686,0.9276029637484873,1.5720019550658098,0.4967020942894792,-0.0010206173356336271
neutral,dephased,32,64,24,80,779,723,1502,4025,2762,1263,0.3137888198757764,80,74.27692307692308,16,9.15,0.6585365853658537,0.06071274450536328,0.0008915303673818522,0.0030938109474981357,0.004975124378109453,0.9895015541764288,0.0834403080872914,0.5692307692307692,0.0011449307530912167,0.28000000000000014,0.0,0.0,1.70125242350645,0.3875,0.9631672450918832,0.966852201721899,1.4857450794930853,0.6903449312147918,0.00030455615138304547
neutral,dephased,33,64,24,80,718,662,1380,3951,2602,1349,0.3414325487218426,80,72.2,15,9.4625,0.5821727019498607,0.016565170144723536,0.0012430076834142594,0.00539729173383674,0.004975124378109453,0.9872133899484861,0.07381615598885793,0.4716981132075472,0.02842151116113656,0.2800000000000001,0.0,0.0,1.6744834609434063,0.4625,0.9959386076315955,0.9684657787296445,1.6804986002123712,0.47475912137440407,0.008835903702922178
neutral,dephased,34,64,24,80,745,689,1434,4117,2631,1486,0.3609424338110275,80,75.16923076923077,14,9.7125,0.5624161073825503,0.006708996432799562,0.0009398393402788591,0.0035403213935671224,0.01990049751243781,0.9695631204808375,0.08456375838926175,0.49206349206349204,0.02292276314622682,0.28000000000000014,0.0,0.0,1.7037951509617006,0.3125,0.8960382325345575,0.9594364808707286,1.2407908100259775,0.3568641352067974,0.003615700559461591
neutral,dephased,35,64,24,80,734,678,1412,4119,2650,1469,0.3566399611556203,80,75.03076923076924,16,9.5625,0.6457765667574932,0.04766605677686887,0.0010575372504905084,0.003980245248666945,0.004975124378109453,0.9951470116007319,0.06403269754768393,0.425531914893617,0.00473872405412748,0.28000000000000014,0.0,0.0,1.583473278875008,0.6375,0.9447388286467892,0.9636817064941897,2.044924718406503,0.994830245886319,0.003526136525522777
neutral,dephased,36,64,24,80,716,660,1376,4191,2547,1644,0.39226914817465997,80,75.86153846153846,16,10.6625,0.5698324022346368,0.01014586181140175,0.0009145339899562135,0.003271784609595488,0.004975124378109453,0.9773880041192694,0.07960893854748603,0.45614035087719296,-0.009971509971509973,0.2800000000000001,0.0,0.0,1.598399876510109,0.6625,0.9224062617590723,0.9745665346710195,1.9524619487398147,0.3663881600783499,-0.003922062940544614
neutral,dephased,37,64,24,80,678,622,1300,4209,2514,1695,0.40270848182466146,80,75.55384615384615,15,9.2,0.588495575221239,0.01892566829829405,0.0011885762324005897,0.004396156653204527,0.004975124378109453,0.990731734073945,0.07227138643067847,0.6122448979591837,0.0015343331137274985,0.28,0.0,0.0,1.6127417735148017,0.675,0.9097361225311661,0.9741917550924687,1.944960891616676,0.7007358652554739,-0.0007127583749109044
neutral,dephased,38,64,24,80,724,668,1392,4115,2535,1580,0.3839611178614824,80,74.81538461538462,14,8.9625,0.5870165745856354,0.020292343166862264,0.0009410186174034856,0.003235203225709953,0.004975124378109453,0.9853443561252485,0.0718232044198895,0.4423076923076923,0.008811023903386034,0.28000000000000014,0.0,0.0,1.6726525438214361,0.4375,0.9886994082884974,0.980267979972889,1.4640884075232887,0.4095819626088766,0.006606302107247734
neutral,dephased,39,64,24,80,744,688,1432,4142,2510,1632,0.3940125543215838,80,75.53846153846153,17,11.025,0.592741935483871,0.012117206140794985,0.0010450510062552374,0.003229607677726376,0.004975124378109453,0.982382772769718,0.0846774193548387,0.6031746031746031,-0.004226067963101321,0.28000000000000014,0.0,0.0,1.7111526893602826,0.325,0.9097361225311662,0.9503585552677942,1.1411648451432428,0.5731047166834669,0.005700458447471124
neutral,dephased,40,64,24,80,685,629,1314,4077,2344,1733,0.4250674515575178,80,73.63076923076923,16,9.8875,0.5912408759124088,0.021827460125003875,0.00097776663814135,0.0038847506342538046,0.004975124378109453,0.9901208054514343,0.08905109489051095,0.4262295081967213,0.004103886026610826,0.2800000000000001,0.0,0.0,1.6032954506813042,0.5625,0.9886994082884974,0.9835650869998355,1.9963859151119903,0.6519075157039371,0.005117576906988356
neutral,dephased,41,64,24,80,730,674,1404,4205,2537,1668,0.39667063020214033,80,76.29230769230769,17,8.85,0.6808219178082192,0.06073230481812107,0.0009315295562117001,0.0033005810529236,0.004975124378109453,0.992919709905879,0.07808219178082192,0.5263157894736842,0.0036668724631478133,0.28,0.0,0.0,1.5858516103883307,0.65,0.934068055375491,0.9123512243907768,2.106373645650008,0.6294385156204132,5.62718353808477e-05
neutral,dephased,42,64,24,80,728,672,1400,4197,2549,1648,0.3926614248272576,80,76.13846153846154,19,11.3125,0.5631868131868132,0.009852410190164057,0.0009165103703764138,0.003807554941129256,0.004975124378109453,0.9778045292557556,0.07554945054945054,0.6,-0.0045410143298396655,0.2800000000000001,0.0,0.0,1.6841862547621478,0.425,0.9837082626231857,0.9876883375359359,1.5048957711148192,0.31537552842190103,-0.0015949080117757743
neutral,dephased,43,64,24,80,733,677,1410,4120,2643,1477,0.35849514563106794,80,75.03076923076924,14,8.9,0.6725784447476125,0.042831338801893715,0.0009430441052021532,0.0036187431819300654,0.004975124378109453,0.9940109140530337,0.07094133697135062,0.4230769230769231,-0.014137933640121197,0.28000000000000014,0.0,0.0,1.7230643580690683,0.4,0.9709505944546686,0.9173658731312522,1.1449531542739515,0.7514405996832527,-0.009844236026015649
neutral,dephased,44,64,24,80,753,697,1450,4123,2633,1490,0.361387339316032,80,75.38461538461539,17,10.1625,0.548472775564409,0.0021828358348955704,0.0008690981086796143,0.003281541454041269,0.14427860696517414,0.9880180386406637,0.0796812749003984,0.43333333333333335,-0.011252853437192678,0.28000000000000014,0.0,0.0,1.589917966242771,0.475,0.99819587904281,0.9381285375632961,1.8487999064466945,0.39939755378808395,-3.559005876124315e-05
neutral,dephased,45,64,24,80,718,662,1380,4227,2496,1731,0.40951029098651526,80,76.44615384615385,19,8.9125,0.6086350974930362,0.0344158056989229,0.0010485157519117135,0.0038041484512860886,0.004975124378109453,0.9920060425681665,0.08356545961002786,0.48333333333333334,-0.013971553184315977,0.2800000000000001,0.0,0.0,1.6296711012932867,0.6,0.9709505944546686,0.9823482385379168,1.9042046451620849,0.6224178657186195,-0.002736472401975674
neutral,dephased,46,64,24,80,674,618,1292,4193,2407,1786,0.4259480085857381,80,75.24615384615385,13,8.425,0.642433234421365,0.059451336162641005,0.0009513216892702114,0.0030641178317547257,0.004975124378109453,0.9912048785215656,0.08902077151335312,0.4666666666666667,0.011073091327163664,0.28,0.0,0.0,1.657893144561172,0.5375,0.9959386076315955,0.9894890048869927,1.6102207344660844,0.6785844897968203,0.004578173029686345
neutral,dephased,47,64,24,80,690,634,1324,4211,2510,1701,0.4039420565186417,80,75.76923076923077,17,9.375,0.6463768115942029,0.06268402833463177,0.0010522493830724864,0.0037701771313313204,0.004975124378109453,0.9923836524107724,0.08840579710144927,0.5737704918032787,0.005636816728966876,0.2800000000000001,0.0,0.0,1.6397409412016217,0.425,0.9837082626231857,0.9865748771451271,1.6771040062979463,0.8314757789683374,-0.00142884364834532
neutral,dephased,48,64,24,80,691,635,1326,4143,2600,1543,0.37243543326092204,80,74.73846153846154,17,8.8375,0.6353111432706223,0.038788907680318147,0.0008621115084901332,0.0027604203521905783,0.004975124378109453,0.9917311063960714,0.07959479015918958,0.5818181818181818,0.013360668089854227,0.2800000000000001,0.0,0.0,1.7207942410567933,0.1625,0.6402569436810506,0.9270364894843236,0.8758749654024506,0.8117092346092046,0.0006849040129397719
neutral,dephased,49,64,24,80,685,629,1314,4054,2452,1602,0.3951652688702516,80,73.27692307692308,15,8.8125,0.6437956204379562,0.04879494720385329,0.0010930486617487848,0.0033820961609640483,0.004975124378109453,0.9902505610715842,0.06569343065693431,0.5111111111111111,-0.017973577735330704,0.28000000000000014,0.0,0.0,1.6890761980191633,0.3375,0.9224062617590723,0.9762118425099784,1.3455450290094284,0.714928090196643,-0.00509330257605211
neutral,dephased,50,64,24,80,702,646,1348,3976,2491,1485,0.3734909456740443,80,72.33846153846154,15,9.3375,0.5584045584045584,0.00020852683082041822,0.0010566046522181203,0.004626492090103077,0.6666666666666666,0.9490715834999411,0.07977207977207977,0.5178571428571429,0.007450394617377842,0.2800000000000001,0.0,0.0,1.7132220368032018,0.3625,0.944738828646789,0.9040509663816187,1.2740049901781194,0.3430401261991064,0.001301192466671256
neutral,dephased,51,64,24,80,651,595,1246,4067,2387,1680,0.41308089500860584,80,72.95384615384616,15,9.7625,0.6451612903225806,0.03478909903477419,0.0011227179443796158,0.004534444728474425,0.004975124378109453,0.9929736215917546,0.08141321044546851,0.5660377358490566,0.010984882563829929,0.2800000000000001,0.0,0.0,1.7155669138283505,0.25,0.8112781244591328,0.9082765265302954,1.3430852935830664,0.7740452953473204,0.00044224811007703967
neutral,dephased,52,64,24,80,688,632,1320,4154,2320,1834,0.4415021665864227,80,74.86153846153846,13,9.5375,0.5930232558139535,0.025176367409287956,0.0010200162619195068,0.0035337217416858066,0.004975124378109453,0.9897130792128048,0.0755813953488372,0.5192307692307693,0.020489424382047733,0.28000000000000014,0.0,0.0,1.6562817246177384,0.5625,0.9886994082884974,0.9914828154352897,1.9308208217990621,0.6804141098311725,0.005684261377505286
neutral,dephased,53,64,24,80,697,641,1338,4173,2412,1761,0.4219985621854781,80,75.29230769230769,17,9.025,0.6212338593974175,0.02458961554267599,0.0008349489276429259,0.0028411337240574356,0.004975124378109453,0.9826812931878341,0.07890961262553801,0.509090909090909,-0.009872189546039273,0.28000000000000014,0.0,0.0,1.5714218327569127,0.6,0.9709505944546686,0.9447111504388103,2.040728433369828,0.6983887900287535,-0.0015173485547115783
neutral,dephased,54,64,24,80,717,661,1378,4137,2628,1509,0.36475707034082666,80,75.04615384615384,16,8.9875,0.6415620641562064,0.052199402810955434,0.0011262090550455265,0.003980662482956872,0.004975124378109453,0.9895094450836474,0.0794979079497908,0.47368421052631576,-0.005603851565372825,0.28000000000000014,0.0,0.0,1.6800310148962692,0.5,1.0,0.9687818823963747,1.6357868645262734,0.6156636710253763,-0.0017598835251588871
neutral,dephased,55,64,24,80,690,634,1324,4217,2409,1808,0.42874081100308276,80,75.86153846153846,16,9.625,0.6144927536231884,0.035490107771915996,0.0010685730224664753,0.004388054014225231,0.004975124378109453,0.9888394225551387,0.10869565217391304,0.37333333333333335,0.004286748502735804,0.28,0.0,0.0,1.6549754782549826,0.425,0.9837082626231857,0.9882378637776789,1.6713169060713178,0.6752163265711073,-0.0013753516051120214
neutral,dephased,56,64,24,80,688,632,1320,4135,2485,1650,0.39903264812575573,80,74.56923076923077,17,9.8,0.6046511627906976,0.016651451538252662,0.0009925500636656327,0.003117866057832562,0.004975124378109453,0.9829891361075354,0.07994186046511628,0.5454545454545454,0.00427686492702728,0.28000000000000014,0.0,0.0,1.6932660951672256,0.4625,0.9959386076315955,0.9385149418139827,1.5526259476352455,0.5608146992903477,0.0041116548647593554
neutral,dephased,57,64,24,80,726,670,1396,4210,2558,1652,0.39239904988123514,80,76.3076923076923,20,9.875,0.6143250688705234,0.03842421373128149,0.0009022947435564937,0.0039110454686606295,0.004975124378109453,0.9911342150432847,0.07988980716253444,0.4827586206896552,-0.01313782096418345,0.28,0.0,0.0,1.6441801424468803,0.4625,0.9959386076315955,0.9882956835021796,1.8172078566173577,0.749783281966711,-0.0012778081820797673
neutral,dephased,58,64,24,80,702,646,1348,4172,2473,1699,0.40723873441994246,80,75.35384615384615,15,8.25,0.6196581196581197,0.03819129040774233,0.0010673448124565257,0.0038225944535247094,0.004975124378109453,0.9876856015743236,0.07407407407407407,0.38461538461538464,-0.0015660816026661917,0.2800000000000001,0.0,0.0,1.669728118121114,0.475,0.99819587904281,0.9765793831750802,1.5148500804321785,0.3779668000641727,-0.0009322295649488134
neutral,dephased,59,64,24,80,675,619,1294,4142,2525,1617,0.3903911154031869,80,74.47692307692307,14,8.75,0.6222222222222222,0.033519128533697706,0.0009991706749778062,0.0033021058591338835,0.004975124378109453,0.983692297088172,0.09037037037037036,0.5245901639344263,0.00046971109758076057,0.28000000000000014,0.0,0.0,1.6897793034521706,0.4,0.9709505944546686,0.9659425679560373,1.2003401555620044,0.5747744040740524,0.0007815266862685626
neutral,dephased,60,64,24,80,744,688,1432,4210,2606,1604,0.3809976247030879,80,76.58461538461539,16,9.9875,0.5752688172043011,0.004588923973493159,0.0010211061803269165,0.003947102495769128,0.04477611940298507,0.9754268653563526,0.0846774193548387,0.4444444444444444,0.0008855112095994822,0.28,0.0,0.0,1.7092741464449248,0.4125,0.9777945702913884,0.9281107511059484,1.411264676140456,0.4047874538450202,0.0035885602089809963
neutral,dephased,61,64,24,80,691,635,1326,4092,2620,1472,0.3597262952101662,80,73.95384615384616,15,9.05,0.5875542691751086,0.021474629183674425,0.0010508791451005227,0.003731843082079557,0.004975124378109453,0.9816391191660472,0.07959479015918958,0.4727272727272727,-0.0024770965909036435,0.28000000000000014,0.0,0.0,1.6317107023896544,0.45,0.9927744539878084,0.9864919325567019,1.7423084150902206,0.46964291153516835,-0.0004984333926723488
neutral,dephased,62,64,24,80,714,658,1372,4142,2682,1460,0.35248672139063253,80,75.07692307692308,17,8.6875,0.5714285714285714,0.013529649680301382,0.0009700841613080552,0.0037904853318927755,0.004975124378109453,0.9833936959913375,0.0896358543417367,0.46875,-0.013516489443510582,0.28000000000000014,0.0,0.0,1.6128251997664553,0.55,0.9927744539878084,0.9850519011740992,1.7620769916955556,0.6562685501938654,-0.0023310572223487727
neutral,dephased,63,64,24,80,726,670,1396,4076,2668,1408,0.34543670264965654,80,74.24615384615385,17,10.8125,0.6336088154269972,0.051535510991964906,0.0010333253480995978,0.0036660013989068888,0.004975124378109453,0.9917164570696205,0.08677685950413223,0.4444444444444444,-0.004162638974983368,0.28000000000000014,0.0,0.0,1.6522517853224972,0.35,0.934068055375491,0.9872610844331411,1.3804291354244953,0.8126220716351348,0.004923624827974082
neutral,dephased,64,64,24,80,757,701,1458,4122,2532,1590,0.38573508005822416,80,75.43076923076923,17,11.8125,0.6684280052840158,0.060011314035307656,0.000925515550924796,0.003311761709296871,0.004975124378109453,0.9930678882155429,0.09907529722589167,0.4533333333333333,0.0036596583442838337,0.28000000000000014,0.0,0.0,1.5848350188210154,0.7625,0.79085809055281,0.9391585247544637,2.385301278955814,0.8359191094149334,0.002965825674520521
neutral,dephased,65,64,24,80,748,696,1444,4066,2749,1317,0.32390555828824397,76,74.43076923076923,18,10.131578947368421,0.6296791443850267,0.049069491871739604,0.0009091404669580949,0.003767605898303387,0.004975124378109453,0.9912133223647707,0.08288770053475936,0.532258064516129,0.009029017554594287,0.28000000000000014,0.0,0.0,1.6383807770986671,0.40789473684210525,0.9753817903274212,0.9809760306827919,1.8076722145668185,0.5779945027498129,-0.0010464328254242762
neutral,dephased,66,64,24,80,674,618,1292,4077,2436,1641,0.4025018395879323,80,73.46153846153847,15,9.9125,0.6023738872403561,0.03129862846754783,0.0011804897366312606,0.00492265286661164,0.004975124378109453,0.9881733873315264,0.09050445103857567,0.47540983606557374,-0.012041268672341454,0.2800000000000001,0.0,0.0,1.6268270274587002,0.65,0.934068055375491,0.9898186658129547,1.7755158619247997,0.3256776545539603,-7.911235813845654e-05
neutral,dephased,67,64,24,80,766,713,1479,4162,2861,1301,0.3125901009130226,77,76.18461538461538,14,8.909090909090908,0.5900783289817232,0.019524893408621187,0.0009552426828313952,0.003966981585303025,0.004975124378109453,0.9861923768482291,0.06919060052219321,0.5283018867924528,-0.0032921641253305656,0.28000000000000014,0.0,0.0,1.6924059527953499,0.42857142857142855,0.9852281360342516,0.9848542356107126,1.5173130110206459,0.632395809084613,-0.0009551880229836275
neutral,dephased,68,64,24,80,695,639,1334,3919,2413,1506,0.38428170451645827,80,71.35384615384615,19,12.0125,0.637410071942446,0.020424527677307562,0.0009731229625769025,0.003627910405943121,0.004975124378109453,0.985671767876237,0.09064748201438849,0.5079365079365079,-0.005062088398152087,0.2800000000000001,0.0,0.0,1.7270057353263668,0.325,0.9097361225311662,0.8996083030036138,1.1350297527172828,0.5416507177220607,-0.004584218534535886
neutral,dephased,69,64,24,80,714,658,1372,3940,2556,1384,0.35126903553299493,80,71.96923076923076,14,9.475,0.5686274509803921,0.012093652665038868,0.0009999656987853434,0.004063081369875144,0.004975124378109453,0.9601544700149938,0.08543417366946779,0.47540983606557374,0.008916246242151538,0.2800000000000001,0.0,0.0,1.6862333950287887,0.3625,0.944738828646789,0.9822347494170597,1.402762582586484,0.37952276091757514,0.0062991831791594744
neutral,dephased,70,64,24,80,713,657,1370,4113,2573,1540,0.37442256260637,80,74.61538461538461,16,9.125,0.6718092566619915,0.07885924125737495,0.0009122594938860295,0.003919800003592443,0.004975124378109453,0.9926230004278086,0.09817671809256662,0.45714285714285713,0.020492367630018965,0.28000000000000014,0.0,0.0,1.6104219458465767,0.525,0.99819587904281,0.9600115841574732,1.9497092315286018,0.8944038921957302,0.007232291225351605
neutral,dephased,71,64,24,80,700,644,1344,4096,2563,1533,0.374267578125,80,74.15384615384616,15,10.1875,0.5842857142857143,0.014234282797135116,0.0010009933368471439,0.0038304669256235165,0.004975124378109453,0.9919506519999906,0.07142857142857142,0.5,0.018430099312452236,0.28000000000000014,0.0,0.0,1.6904849366613657,0.3875,0.9631672450918832,0.9552513648755753,1.3232642677861297,0.5488891461814185,0.006020069122314453
neutral,dephased,72,64,24,80,724,668,1392,4067,2638,1429,0.35136464224243913,80,74.07692307692308,15,9.6875,0.611878453038674,0.03582448583761673,0.0009835473559681876,0.0037805029439308196,0.004975124378109453,0.9902378567262682,0.09116022099447514,0.5606060606060606,0.007673390249059636,0.2800000000000001,0.0,0.0,1.6582589316745118,0.4,0.9709505944546686,0.9838633458364273,1.5803146490784663,0.7244648506102713,-0.0008792363998428363
neutral,dephased,73,64,24,80,725,669,1394,4134,2711,1423,0.34421867440735365,80,75.12307692307692,16,9.425,0.576551724137931,0.01681104728705661,0.0011041470357912103,0.004694962949219099,0.004975124378109453,0.9800261167761766,0.08275862068965517,0.5666666666666667,0.014749804218087553,0.2800000000000001,0.0,0.0,1.6617961847552973,0.4625,0.9959386076315955,0.992080988921405,1.6077839742494013,0.46518616206211816,0.00872541743232106
neutral,dephased,74,64,24,80,669,613,1282,4131,2477,1654,0.40038731541999517,80,74.21538461538462,18,8.9,0.6158445440956651,0.022395909716785137,0.0012577122253945615,0.004637113558412376,0.004975124378109453,0.9771121566831239,0.09118086696562033,0.4918032786885246,0.01876397655280998,0.28000000000000014,0.0,0.0,1.7090656044122343,0.4125,0.9777945702913884,0.938465489020672,1.3676281512219646,0.4951866576826308,0.0038545197434703337
neutral,dephased,75,64,24,80,703,647,1350,4088,2765,1323,0.3236301369863014,80,74.07692307692308,15,8.625,0.6742532005689901,0.07546840672749551,0.001011253824205986,0.003901765884306393,0.004975124378109453,0.9920860192100669,0.07965860597439545,0.39285714285714285,-0.015543451321145096,0.28000000000000014,0.0,0.0,1.694208834658361,0.275,0.8485481782946158,0.969133414346781,0.9726719055543065,0.7023520207645937,-0.00565733893482332
neutral,dephased,76,64,24,80,706,650,1356,4230,2533,1697,0.40118203309692674,80,76.3076923076923,17,8.875,0.6926345609065155,0.09898306211775482,0.0009594178395068084,0.003611716538779848,0.004975124378109453,0.9938377268680816,0.07932011331444759,0.5892857142857143,0.005971630584590104,0.2800000000000001,0.0,0.0,1.6775853642397218,0.4375,0.9886994082884974,0.9673259752043076,1.6017325101277156,0.846846940190346,0.0017320836756478813
neutral,dephased,77,64,24,80,701,645,1346,4130,2503,1627,0.39394673123486684,80,74.6923076923077,17,10.1375,0.6804564907275321,0.06404969233916014,0.00110514111576349,0.004374879016974979,0.004975124378109453,0.9873530062201026,0.07275320970042796,0.47058823529411764,0.020935556630156532,0.28000000000000014,0.0,0.0,1.7219365055265508,0.2625,0.8304955225035799,0.9140065971325478,1.0765216653833694,0.6845131657283842,0.004298436409898634
neutral,dephased,78,64,24,80,697,641,1338,4138,2468,1670,0.4035766070565491,80,74.75384615384615,15,9.1,0.5796269727403156,0.01665275803112625,0.0010206334561715458,0.003968218470250324,0.004975124378109453,0.9845010378815134,0.08321377331420372,0.4482758620689655,-0.005038664300610091,0.28000000000000014,0.0,0.0,1.666086649879984,0.525,0.99819587904281,0.9865824022252626,1.6117239718756644,0.5851228047552227,-0.0024830281344835666
neutral,dephased,79,64,24,80,669,613,1282,4182,2430,1752,0.41893830703012913,80,75.0,16,9.725,0.5979073243647235,0.026313819514900146,0.0012129520185372971,0.004212872171523006,0.004975124378109453,0.9713117933099502,0.09118086696562033,0.5573770491803278,-0.005170089396735661,0.2800000000000001,0.0,0.0,1.6614487152622015,0.525,0.99819587904281,0.9859508915879153,1.5267836312800553,0.5049834127906435,-0.0021808982542521876
neutral,dephased,80,64,24,80,672,616,1288,4102,2456,1646,0.401267674305217,80,73.81538461538462,16,9.175,0.5803571428571429,0.012470231724332148,0.0011743656089552113,0.004430920522742886,0.004975124378109453,0.9908228186695907,0.06845238095238096,0.43478260869565216,0.005333787062792195,0.28000000000000014,0.0,0.0,1.616155807820278,0.5625,0.9886994082884974,0.968008315393663,1.8849388759080548,0.7193616582337491,-0.0029736597314553963
neutral,dephased,81,64,24,80,682,626,1308,4235,2406,1829,0.4318772136953955,80,76.01538461538462,13,8.425,0.5835777126099707,0.014484745835713811,0.0009471562704014723,0.003456402885414827,0.004975124378109453,0.9793187457192731,0.08357771260997067,0.38596491228070173,-0.006289074043689863,0.28,0.0,0.0,1.676279217974058,0.4125,0.9777945702913884,0.9639137125019027,1.5264788147720203,0.38326962580779517,-0.002899768472377682
neutral,dephased,82,64,24,80,701,645,1346,4264,2513,1751,0.4106472795497186,80,76.75384615384615,16,9.6125,0.6576319543509273,0.06616671104924092,0.0011680683142323328,0.004362308586322357,0.004975124378109453,0.990402313015236,0.09415121255349501,0.5151515151515151,-0.012678198728846651,0.2800000000000001,0.0,0.0,1.66586514266045,0.425,0.9837082626231857,0.9746948302366756,1.5418822597287796,0.6801546526894018,-0.003190241438422469
neutral,dephased,83,64,24,80,731,675,1406,4122,2628,1494,0.3624454148471616,80,75.03076923076924,18,11.075,0.6443228454172366,0.050030309931752726,0.001059504402852438,0.0041459791627785555,0.004975124378109453,0.9897502180066484,0.09439124487004104,0.4492753623188406,0.0007844197801734343,0.28000000000000014,0.0,0.0,1.5889494708204677,0.6625,0.9224062617590723,0.9603587608463847,2.247415070312646,0.7639016955046737,-0.002069874645721783
neutral,dephased,84,64,24,80,688,632,1320,4132,2375,1757,0.42521781219748306,80,74.52307692307693,14,8.5375,0.561046511627907,0.006178394006221666,0.0013071717028859398,0.004679992438781758,0.03482587064676617,0.9821265205197274,0.1002906976744186,0.42028985507246375,-0.010199664394669933,0.28000000000000014,0.0,0.0,1.5950135263980578,0.7375,0.8304955225035798,0.9647953889016004,2.2120924325872293,0.5696967660956526,0.0006859783954290616
neutral,dephased,85,64,24,80,663,607,1270,3976,2329,1647,0.4142354124748491,80,71.73846153846154,17,10.1375,0.6425339366515838,0.01825532766204805,0.0010185833054550874,0.003406230803810579,0.004975124378109453,0.9892341750086362,0.0784313725490196,0.5192307692307693,-0.003142109036141094,0.2800000000000001,0.0,0.0,1.717999941491361,0.2,0.7219280948873623,0.8650715591401246,0.9969371106226257,0.5045502353774378,-0.0007969724787355894
neutral,dephased,86,64,24,80,710,654,1364,4102,2676,1426,0.3476352998537299,80,74.4,15,8.8125,0.6492957746478873,0.028539542482293075,0.0009468544791668128,0.0037623814837833697,0.004975124378109453,0.9908862713679262,0.07746478873239436,0.6727272727272727,-0.0397458347926152,0.28000000000000014,0.0,0.0,1.7098375236857841,0.3125,0.8960382325345575,0.9331614179445749,1.0491372241328303,0.7635414079155748,-0.00962475404726999
neutral,dephased,87,64,24,80,708,652,1360,3924,2589,1335,0.34021406727828746,80,71.63076923076923,14,9.525,0.6059322033898306,0.03263406815576793,0.0010559423190684483,0.003595017751561475,0.004975124378109453,0.9889536704465353,0.07203389830508475,0.45098039215686275,0.0028542282549860742,0.2800000000000001,0.0,0.0,1.6455000364242731,0.525,0.99819587904281,0.9905123009793951,1.5572872463791783,0.7938160068799524,-0.0002548419979612638
neutral,dephased,88,64,24,80,693,637,1330,4027,2424,1603,0.3980630742488205,80,72.98461538461538,15,9.85,0.5988455988455988,0.02639463567398461,0.0009349140528903914,0.0031380202951082105,0.004975124378109453,0.9860189116660958,0.09379509379509379,0.3384615384615385,-0.0015460394865554339,0.2800000000000001,0.0,0.0,1.6579732324291743,0.5,1.0,0.9809364663027466,1.6613701639236567,0.5900531854232118,0.0020559016556298136
neutral,dephased,89,64,24,80,686,630,1316,4171,2488,1683,0.40350035962598896,80,75.0923076923077,14,8.65,0.607871720116618,0.028087319753365092,0.001173161907142429,0.004300909867894396,0.004975124378109453,0.9929862662763382,0.0728862973760933,0.38,0.008579109484727787,0.28000000000000014,0.0,0.0,1.691799272856911,0.4125,0.9777945702913884,0.9794813145696989,1.331832853863851,0.5922675682508272,0.006692555446004342
neutral,dephased,90,64,24,80,702,646,1348,4170,2513,1657,0.3973621103117506,80,75.32307692307693,14,9.75,0.6467236467236467,0.05379942635963801,0.001128197292887669,0.004076669047936778,0.004975124378109453,0.9911163191338945,0.09544159544159544,0.5373134328358209,-0.020284364092602508,0.2800000000000001,0.0,0.0,1.610787166469165,0.575,0.9837082626231857,0.9405163068396929,1.650766170422608,0.9977052119504096,-0.003511550471852735
neutral,dephased,91,64,24,80,719,663,1382,4176,2417,1759,0.4212164750957854,80,75.67692307692307,18,9.0,0.7023643949930459,0.12224955228504435,0.0010731055407209274,0.004544892165677704,0.004975124378109453,0.9926566903216477,0.09735744089012517,0.4857142857142857,0.014856260852787961,0.28,0.0,0.0,1.6447574833396965,0.4375,0.9886994082884974,0.9870763568383515,1.6458072125658538,0.9042150658235336,0.002665752851543577
neutral,dephased,92,64,24,80,731,675,1406,4167,2445,1722,0.4132469402447804,80,75.72307692307692,13,9.525,0.5718194254445964,0.011552862443209758,0.0010961651099250175,0.004193188769281139,0.009950248756218905,0.9864111208763868,0.08207934336525308,0.48333333333333334,-0.013417487324207555,0.28,0.0,0.0,1.6628369623462762,0.4625,0.9959386076315955,0.9761842947353078,1.6586449556213114,0.5604168409629416,-0.005330199933897298
neutral,dephased,93,64,24,80,708,652,1360,4167,2467,1700,0.40796736261099115,80,75.36923076923077,17,8.5,0.5918079096045198,0.024528920245731042,0.0009866013899577702,0.0036478794791973516,0.004975124378109453,0.9910372850104585,0.09180790960451977,0.4307692307692308,-0.0057724449794037125,0.28,0.0,0.0,1.6317023343142567,0.4625,0.9959386076315955,0.991686394857253,1.7437847294462039,0.8019901887230889,0.0022448312126390614
neutral,dephased,94,64,24,80,728,672,1400,4069,2662,1407,0.34578520521012535,80,74.16923076923077,17,10.6875,0.7376373626373627,0.06878237666666114,0.0009785722172776234,0.003962383847357337,0.004975124378109453,0.9942520414487774,0.07417582417582418,0.42592592592592593,-0.014066472224614268,0.28000000000000014,0.0,0.0,1.754898923279212,0.1875,0.6962122601251458,0.8268078894332505,0.9681864659244411,0.9758801954663451,0.0003596113998384147
neutral,dephased,95,64,24,80,700,644,1344,4175,2471,1704,0.4081437125748503,80,75.36923076923077,21,7.75,0.6328571428571429,0.045879671980923936,0.000971837296768299,0.004145245873083875,0.004975124378109453,0.982585563139578,0.09285714285714286,0.46153846153846156,-1.742727019238277e-05,0.2800000000000001,0.0,0.0,1.6708423652452196,0.4375,0.9886994082884974,0.9828963375640564,1.632762354519577,0.49149747608733274,0.0040316970848721725
neutral,dephased,96,64,24,80,725,669,1394,4105,2552,1553,0.37831912302070647,80,74.67692307692307,16,9.3375,0.6027586206896551,0.030482680401926143,0.0008698686755985571,0.0036639957911333704,0.004975124378109453,0.9904739932210327,0.08827586206896551,0.515625,0.005240701145389354,0.28000000000000014,0.0,0.0,1.645446221534697,0.5,1.0,0.9861415913585865,1.6505834964344401,0.5742624399215437,-0.0019343036996265796
neutral,dephased,97,64,24,80,704,648,1352,4073,2571,1502,0.3687699484409526,80,73.86153846153846,15,9.7,0.6633522727272727,0.07588056985001602,0.0010260424595771342,0.004775266907569253,0.004975124378109453,0.9932792305809246,0.07244318181818182,0.3333333333333333,-0.01332272685719002,0.28000000000000014,0.0,0.0,1.6179355328068725,0.575,0.9837082626231857,0.981881975132013,1.8646622432096809,0.6903879123093415,-0.0008518126320841553
neutral,dephased,98,64,24,80,673,617,1290,4182,2364,1818,0.4347202295552367,80,75.06153846153846,15,9.2,0.649331352154532,0.06080827159324302,0.0009654931022671733,0.003215469957264433,0.004975124378109453,0.9912618863387771,0.07726597325408618,0.5384615384615384,-0.002994300721967158,0.2800000000000001,0.0,0.0,1.681136623633018,0.5375,0.9959386076315955,0.9855821315852171,1.5749367606601443,0.5715253784750626,0.0006679579834873368
neutral,dephased,99,64,24,80,710,654,1364,4121,2586,1535,0.37248240718272263,80,74.6923076923077,12,7.775,0.5774647887323944,0.017262432753395493,0.0010606936225890469,0.00475031984388025,0.004975124378109453,0.9831091829317202,0.07464788732394366,0.41509433962264153,7.661050605833886e-05,0.28000000000000014,0.0,0.0,1.6515802397173287,0.55,0.9927744539878084,0.9926610202823624,1.66672278383144,0.41538617874334116,-0.0007361634742205305
neutral,dephased,100,64,24,80,709,653,1362,4186,2507,1679,0.4010989010989011,80,75.67692307692307,14,8.2875,0.6050775740479548,0.030286131925874524,0.0008973218996591081,0.0033890087922722884,0.004975124378109453,0.9939053055419498,0.07757404795486601,0.4727272727272727,0.0015058324496288467,0.2800000000000001,0.0,0.0,1.6607299960345538,0.4375,0.9886994082884974,0.9847315977779444,1.7569608523501998,0.7094655416634874,0.0013773644042241228
neutral,dephased,101,64,24,80,756,700,1456,4076,2802,1274,0.3125613346418057,80,74.70769230769231,16,9.1375,0.6865079365079365,0.05364330571666111,0.0010281631013118336,0.0039153710037783465,0.004975124378109453,0.9924451687242933,0.07936507936507936,0.5833333333333334,-0.019254936515044258,0.28000000000000014,0.0,0.0,1.730409258155349,0.2,0.7219280948873623,0.8965258881453699,0.7473071708303893,0.6034508952233946,-0.0020715338885031317
neutral,dephased,102,64,24,80,709,653,1362,4188,2449,1739,0.4152340019102197,80,75.70769230769231,14,8.1375,0.6572637517630465,0.053932162779575826,0.001031610714663336,0.003866911690688359,0.004975124378109453,0.989303853574665,0.08039492242595205,0.3508771929824561,0.003661654706902301,0.2800000000000001,0.0,0.0,1.702881449712732,0.1,0.4689955935892812,0.8899459770875985,0.7664105389342923,0.4528083065216783,-0.0024535695291682527
neutral,dephased,103,64,24,80,725,677,1402,4079,2658,1421,0.3483696984555038,72,74.27692307692308,16,10.472222222222221,0.6910344827586207,0.03836869252599397,0.000848914960639406,0.0030516008689036624,0.004975124378109453,0.9939759419485877,0.07586206896551724,0.43636363636363634,-0.015283484738824793,0.28000000000000014,0.0,0.0,1.7490190942967525,0.2916666666666667,0.8708644692353646,0.8666195973419951,0.9401042348153553,0.6832171423536486,-0.0072785939330966545
neutral,dephased,104,64,24,80,741,685,1426,4162,2540,1622,0.3897164824603556,80,75.8,16,9.15,0.5762483130904184,0.010125549531968342,0.0009116498159639518,0.0034257316469172923,0.009950248756218905,0.9768196198052002,0.08232118758434548,0.5737704918032787,0.019631183767034793,0.28000000000000014,0.0,0.0,1.6012903631124376,0.45,0.9927744539878084,0.9567893532087418,1.6487498841530648,0.6342995867800308,0.005128377131738822
neutral,dephased,105,64,24,80,755,699,1454,4107,2606,1501,0.36547358168979793,80,75.16923076923077,15,9.7125,0.5536423841059602,0.007239047700847261,0.0008593467987574521,0.0026107757111534374,0.004975124378109453,0.9903219265183607,0.09006622516556291,0.5735294117647058,0.0012667094155231762,0.28000000000000014,0.0,0.0,1.6642451047965112,0.4375,0.9886994082884974,0.9842348798254674,1.5397968364085373,0.6845186255073117,-0.0016685392082703128
neutral,dephased,106,64,24,80,720,664,1384,4103,2670,1433,0.34925664148184254,80,74.56923076923077,19,9.8,0.6861111111111111,0.10173342517973304,0.001011851676210342,0.0034365354420378066,0.004975124378109453,0.9956033861469316,0.08055555555555556,0.3793103448275862,0.0032835246127660977,0.28000000000000014,0.0,0.0,1.620677453482157,0.45,0.9927744539878084,0.9878116471969712,1.6267556064450204,0.9815450636368521,0.0028391511795729887
neutral,dephased,107,64,24,80,758,702,1460,4131,2700,1431,0.3464052287581699,80,75.58461538461539,14,9.55,0.6015831134564644,0.021842055974716168,0.0011095353122092615,0.003283951669988485,0.004975124378109453,0.98691325395573,0.08047493403693931,0.45901639344262296,-0.008782802203866624,0.28000000000000014,0.0,0.0,1.5998792071302306,0.6625,0.9224062617590723,0.9582714250168062,2.0614351753128526,0.4289802128283435,-0.0022230672186450496
neutral,dephased,108,64,24,80,699,643,1342,4171,2464,1707,0.40925437544953247,80,75.29230769230769,14,9.325,0.6580829756795422,0.024599967652407052,0.0010521515813777108,0.0036734342975378153,0.004975124378109453,0.9922109471161433,0.0844062947067239,0.4745762711864407,-0.009371303590956753,0.28000000000000014,0.0,0.0,1.543890990685379,0.7625,0.79085809055281,0.8695063323648203,2.483100283474266,0.49570081340507194,-0.006150515475413601
neutral,dephased,109,64,24,80,701,645,1346,4222,2504,1718,0.4069161534817622,80,76.1076923076923,16,9.1625,0.5805991440798859,0.008394977179352774,0.000892877841273289,0.003960809873291799,0.014925373134328358,0.9844646635668192,0.08416547788873038,0.423728813559322,0.003871310519238197,0.2800000000000001,0.0,0.0,1.6846980577693258,0.3125,0.8960382325345575,0.9461398734270823,1.4108143861966198,0.595244026206864,4.38141686830888e-05
neutral,dephased,110,64,24,80,658,602,1260,4108,2263,1845,0.4491236611489776,80,73.6923076923077,13,8.225,0.5668693009118541,0.010697882259600867,0.001131522285976807,0.005068966448572559,0.004975124378109453,0.9892004200055404,0.06838905775075987,0.5111111111111111,-0.01192124040989323,0.2800000000000002,0.0,0.0,1.6610051010885403,0.5125,0.9995491108252484,0.9686981209890412,1.7240092255726744,0.536844083842105,0.0035460530619713703
neutral,classical,11,64,24,80,701,645,1346,4013,2443,1570,0.3912285073511089,80,72.8923076923077,18,10.725,0.7161198288159771,0.1380082869742026,0.0010806058157894257,0.004120745969958182,0.004975124378109453,0.9918546777302395,0.0898716119828816,0.5238095238095238,-0.004196737681098767,0.2800000000000001,0.0,0.0,1.6502865082007434,0.4875,0.9995491108252484,0.9836859620035542,1.778202182523018,0.84549400531872,-0.0020010967346405797
neutral,classical,12,64,24,80,714,658,1372,4078,2554,1524,0.3737126042177538,80,74.0923076923077,13,9.2125,0.5784313725490197,0.018037227544494695,0.0010543863733757973,0.003918702820427385,0.009950248756218905,0.9885381766211794,0.07983193277310924,0.49122807017543857,-0.0075530877292991905,0.28000000000000014,0.0,0.0,1.638765992323804,0.625,0.9544340029249649,0.9906052981371976,1.7551243308691435,0.4962501324612842,-0.001930357056524784
neutral,classical,13,64,24,80,726,671,1397,4051,2647,1404,0.3465810910886201,79,73.86153846153846,16,11.670886075949367,0.5550964187327824,0.006658862776876093,0.001153543371358736,0.004338901024762705,0.01990049751243781,0.9824551532468967,0.0674931129476584,0.5714285714285714,-0.005246183072672994,0.2800000000000001,0.0,0.0,1.6286761007368382,0.5189873417721519,0.9989595114657399,0.9768730570277715,1.7277301541539896,0.4168973196192708,-0.002284498904092545
neutral,classical,14,64,24,80,725,669,1394,4122,2523,1599,0.3879184861717613,80,74.93846153846154,14,9.0625,0.6275862068965518,0.04054999563283347,0.000893085530277245,0.003240089214874193,0.004975124378109453,0.9896488004157769,0.0896551724137931,0.5076923076923077,-0.0020668464378662266,0.28000000000000014,0.0,0.0,1.6037646989258973,0.6125,0.9631672450918831,0.9578329255897445,2.0188810459277873,0.6975263359459722,0.0001682667011322072
neutral,classical,15,64,24,80,714,658,1372,4078,2703,1375,0.3371750858263855,80,74.0923076923077,16,7.8,0.6428571428571429,0.0527198600785881,0.0008431960505465435,0.003348261413307049,0.004975124378109453,0.9920656547284233,0.06442577030812324,0.43478260869565216,0.021969929305847985,0.28000000000000014,0.0,0.0,1.6133588585504899,0.55,0.9927744539878084,0.9794672843403919,2.0093648169874427,0.8144481896444595,0.0011526099326978753
neutral,classical,16,64,24,80,700,644,1344,4203,2423,1780,0.42350701879609803,80,75.8,15,9.65,0.6871428571428572,0.10275462102270486,0.0010795320728670223,0.0041678350080306065,0.004975124378109453,0.997054499486936,0.06714285714285714,0.6382978723404256,-0.025497517513432627,0.28,0.0,0.0,1.6513488593317034,0.4625,0.9959386076315955,0.9963756261840726,1.5039212073209776,1.2362023673517384,-0.010509187861858863
neutral,classical,17,64,24,80,737,681,1418,4116,2530,1586,0.38532555879494657,80,75.03076923076924,15,9.4125,0.621438263229308,0.040598453769963225,0.0010672009712076108,0.004355545117318829,0.004975124378109453,0.9907203252094167,0.07869742198100407,0.4827586206896552,0.0036524871010438775,0.28000000000000014,0.0,0.0,1.6191075473543828,0.4375,0.9886994082884974,0.9844166891604147,1.8044857717122944,0.7603963855991341,0.006385755746141293
neutral,classical,18,64,24,80,717,661,1378,4136,2596,1540,0.3723404255319149,80,75.03076923076924,17,10.2375,0.6541143654114365,0.0666592615574618,0.0010859639553148753,0.004228376866619178,0.004975124378109453,0.9915419067588492,0.08507670850767085,0.45901639344262296,0.004964956610223753,0.28000000000000014,0.0,0.0,1.6575691310392378,0.4125,0.9777945702913884,0.9749930971159692,1.583171582430187,0.8361805101150168,-0.001228305317465365
neutral,classical,19,64,24,80,747,691,1438,4162,2634,1528,0.36713118692936086,80,75.8923076923077,15,9.575,0.6626506024096386,0.05493444182616386,0.0011124515681611093,0.004107321924366261,0.004975124378109453,0.9857828275326602,0.08032128514056225,0.4666666666666667,-0.011811580442376707,0.28000000000000014,0.0,0.0,1.6857165743187847,0.3625,0.944738828646789,0.9451729976466746,1.6940025586509786,0.7725001057054435,-4.306601384901544e-05
neutral,classical,20,64,24,80,721,665,1386,4196,2498,1698,0.4046711153479504,80,76.01538461538462,14,9.6,0.6934812760055479,0.0855222237270907,0.0010036180698542129,0.0037725073376913124,0.004975124378109453,0.9952403226190247,0.08183079056865465,0.5254237288135594,0.015294541096478653,0.28,0.0,0.0,1.7148713032472205,0.3,0.8812908992306927,0.9311732328521686,1.2185251744182013,0.8601185511331486,-0.0007485339435351263
neutral,classical,21,64,24,80,691,635,1326,4127,2471,1656,0.4012599951538648,80,74.49230769230769,18,10.2875,0.6599131693198264,0.07135866511081268,0.0011587105023526676,0.00394108274350043,0.004975124378109453,0.9895260964124827,0.08683068017366136,0.5333333333333333,0.0020373255704654036,0.28000000000000014,0.0,0.0,1.6615781488493089,0.475,0.99819587904281,0.982118177107457,1.7363670022787254,0.5373558962574547,0.0016283930212130293
neutral,classical,22,64,24,80,768,712,1480,4015,2812,1203,0.29962640099626403,80,73.95384615384616,17,11.8,0.5442708333333334,0.0056185098599006895,0.0009677534490761813,0.003939503185642061,0.01990049751243781,0.9793833889720488,0.078125,0.38333333333333336,-0.0023052741355784057,0.28000000000000014,0.0,0.0,1.646717598568179,0.5375,0.9959386076315955,0.9825060562905409,1.5864989397382327,0.41950853099143687,0.004435546029909628
neutral,classical,23,64,24,80,727,671,1398,4200,2641,1559,0.3711904761904762,80,76.16923076923077,20,9.2625,0.6341127922971114,0.04406150973790619,0.0011330303374332874,0.004284222157509749,0.004975124378109453,0.9950193436577403,0.059147180192572216,0.5348837209302325,0.007006047577628988,0.28,0.0,0.0,1.6102515166349998,0.475,0.99819587904281,0.971873353147549,1.7483558996307338,0.7332071723634626,0.006053174603174599
neutral,classical,24,64,24,80,732,679,1411,4071,2568,1503,0.3691967575534267,77,74.26153846153846,18,12.168831168831169,0.610655737704918,0.03068559586972286,0.0008400812902318384,0.0031923587517231483,0.004975124378109453,0.9912386564791934,0.0860655737704918,0.47619047619047616,-0.006745802449132587,0.28000000000000014,0.0,0.0,1.6658233656981392,0.5194805194805194,0.9989047442823606,0.9870778266399852,1.544746839784773,0.5209491506342161,-0.00262999409703989
neutral,classical,25,64,24,80,698,642,1340,4092,2523,1569,0.38343108504398826,80,74.06153846153846,17,10.9,0.6174785100286533,0.03967882006219428,0.0010533786098338395,0.0038178193622281018,0.004975124378109453,0.9900498193421419,0.09312320916905444,0.49230769230769234,0.005596838216933436,0.28000000000000014,0.0,0.0,1.6347579234285459,0.4625,0.9959386076315955,0.9903087436359188,1.6482136945422226,0.6786918687909406,-8.910407642788291e-05
neutral,classical,26,64,24,80,705,649,1354,4152,2446,1706,0.41088631984585744,80,75.0923076923077,19,10.8625,0.6638297872340425,0.07852376826911016,0.0010070280181844323,0.0036648799210849646,0.004975124378109453,0.9940929400498826,0.07234042553191489,0.6078431372549019,0.0026101983081789903,0.2800000000000001,0.0,0.0,1.6452817204345993,0.4875,0.9995491108252484,0.9907931853501505,1.8071428167970427,0.6863597107414994,0.0010088111307873036
neutral,classical,27,64,24,80,678,622,1300,4078,2443,1635,0.400931829328102,80,73.53846153846153,15,9.9625,0.6342182890855457,0.02869728850691377,0.001147866240694023,0.004409407609997269,0.004975124378109453,0.987352498100585,0.10619469026548672,0.4444444444444444,-0.0036914535780251945,0.28000000000000014,0.0,0.0,1.7054313432919503,0.275,0.8485481782946158,0.9252564417220298,1.0814574996989836,0.5080343784896898,0.001185321733792807
neutral,classical,28,64,24,80,730,674,1404,4079,2737,1342,0.32900220642314293,80,74.35384615384615,18,12.1625,0.647945205479452,0.042666174203431884,0.0007403270713760401,0.0027596141298638563,0.004975124378109453,0.9855692087216623,0.09315068493150686,0.5294117647058824,-0.001788201913424714,0.28000000000000014,0.0,0.0,1.7068195359519283,0.225,0.7691928290130138,0.9382474162624777,1.1311529856251024,0.5215930735719592,-0.0038166895166382026
neutral,classical,29,64,24,80,715,659,1374,4105,2488,1617,0.39390986601705236,80,74.52307692307693,15,10.175,0.5664335664335665,0.009787017858418241,0.0009500680263496827,0.003618256931300776,0.009950248756218905,0.9852228713344597,0.08951048951048951,0.4375,0.01474400150412497,0.28000000000000014,0.0,0.0,1.6078152077152894,0.5625,0.9886994082884974,0.9846952411599956,1.905989221589262,0.5573793846124661,0.002577291292369457
neutral,classical,30,64,24,80,676,620,1296,4102,2583,1519,0.3703071672354949,80,73.87692307692308,16,8.475,0.735207100591716,0.09140172623347687,0.0008889082902506005,0.0036055345399818653,0.004975124378109453,0.9932170602167119,0.05621301775147929,0.47368421052631576,0.007148284403157734,0.28000000000000014,0.0,0.0,1.729422130302388,0.325,0.9097361225311662,0.85219232869941,1.1051574290869852,0.6609427476430939,0.0023949264501197044
neutral,classical,31,64,24,80,720,664,1384,4022,2662,1360,0.33814022874191946,80,73.32307692307693,15,10.175,0.6388888888888888,0.034104422799738895,0.0007579723743981803,0.002767148537002433,0.004975124378109453,0.9827741515670132,0.06666666666666667,0.4166666666666667,0.005350416713556599,0.28000000000000014,0.0,0.0,1.694363211218399,0.4,0.9709505944546686,0.9276029637484873,1.5720019550658098,0.4967020942894792,-0.0010206173356336271
neutral,classical,32,64,24,80,779,723,1502,4025,2762,1263,0.3137888198757764,80,74.27692307692308,16,9.15,0.6585365853658537,0.06071274450536328,0.0008915303673818522,0.0030938109474981357,0.004975124378109453,0.9895015541764288,0.0834403080872914,0.5692307692307692,0.0011449307530912167,0.28000000000000014,0.0,0.0,1.70125242350645,0.3875,0.9631672450918832,0.966852201721899,1.4857450794930853,0.6903449312147918,0.00030455615138304547
neutral,classical,33,64,24,80,718,662,1380,3951,2602,1349,0.3414325487218426,80,72.2,15,9.4625,0.5821727019498607,0.016565170144723536,0.0012430076834142594,0.00539729173383674,0.004975124378109453,0.9872133899484861,0.07381615598885793,0.4716981132075472,0.02842151116113656,0.2800000000000001,0.0,0.0,1.6744834609434063,0.4625,0.9959386076315955,0.9684657787296445,1.6804986002123712,0.47475912137440407,0.008835903702922178
neutral,classical,34,64,24,80,745,689,1434,4117,2631,1486,0.3609424338110275,80,75.16923076923077,14,9.7125,0.5624161073825503,0.006708996432799562,0.0009398393402788591,0.0035403213935671224,0.01990049751243781,0.9695631204808375,0.08456375838926175,0.49206349206349204,0.02292276314622682,0.28000000000000014,0.0,0.0,1.7037951509617009,0.3125,0.8960382325345575,0.9594364808707286,1.2407908100259775,0.3568641352067974,0.003615700559461591
neutral,classical,35,64,24,80,734,678,1412,4119,2650,1469,0.3566399611556203,80,75.03076923076924,16,9.5625,0.6457765667574932,0.04766605677686887,0.0010575372504905084,0.003980245248666945,0.004975124378109453,0.9951470116007319,0.06403269754768393,0.425531914893617,0.00473872405412748,0.28000000000000014,0.0,0.0,1.583473278875008,0.6375,0.9447388286467892,0.9636817064941897,2.044924718406503,0.994830245886319,0.003526136525522777
neutral,classical,36,64,24,80,716,660,1376,4191,2547,1644,0.39226914817465997,80,75.86153846153846,16,10.6625,0.5698324022346368,0.01014586181140175,0.0009145339899562135,0.003271784609595488,0.004975124378109453,0.9773880041192694,0.07960893854748603,0.45614035087719296,-0.009971509971509973,0.2800000000000001,0.0,0.0,1.598399876510109,0.6625,0.9224062617590723,0.9745665346710195,1.9524619487398147,0.3663881600783499,-0.003922062940544614
neutral,classical,37,64,24,80,678,622,1300,4209,2514,1695,0.40270848182466146,80,75.55384615384615,15,9.2,0.588495575221239,0.01892566829829405,0.0011885762324005897,0.004396156653204527,0.004975124378109453,0.990731734073945,0.07227138643067847,0.6122448979591837,0.0015343331137274985,0.28,0.0,0.0,1.6127417735148017,0.675,0.9097361225311661,0.9741917550924687,1.944960891616676,0.7007358652554739,-0.0007127583749109044
neutral,classical,38,64,24,80,724,668,1392,4115,2535,1580,0.3839611178614824,80,74.81538461538462,14,8.9625,0.5870165745856354,0.020292343166862264,0.0009410186174034856,0.003235203225709953,0.004975124378109453,0.9853443561252485,0.0718232044198895,0.4423076923076923,0.008811023903386034,0.28000000000000014,0.0,0.0,1.6726525438214361,0.4375,0.9886994082884974,0.980267979972889,1.4640884075232887,0.4095819626088766,0.006606302107247734
neutral,classical,39,64,24,80,744,688,1432,4142,2510,1632,0.3940125543215838,80,75.53846153846153,17,11.025,0.592741935483871,0.012117206140794985,0.0010450510062552374,0.003229607677726376,0.004975124378109453,0.982382772769718,0.0846774193548387,0.6031746031746031,-0.004226067963101321,0.28000000000000014,0.0,0.0,1.7111526893602826,0.325,0.9097361225311662,0.9503585552677942,1.1411648451432428,0.5731047166834669,0.005700458447471124
neutral,classical,40,64,24,80,685,629,1314,4077,2344,1733,0.4250674515575178,80,73.63076923076923,16,9.8875,0.5912408759124088,0.021827460125003875,0.00097776663814135,0.0038847506342538046,0.004975124378109453,0.9901208054514343,0.08905109489051095,0.4262295081967213,0.004103886026610826,0.2800000000000001,0.0,0.0,1.6032954506813042,0.5625,0.9886994082884974,0.9835650869998355,1.9963859151119903,0.6519075157039371,0.005117576906988356
neutral,classical,41,64,24,80,730,674,1404,4205,2537,1668,0.39667063020214033,80,76.29230769230769,17,8.85,0.6808219178082192,0.06073230481812107,0.0009315295562117001,0.0033005810529236,0.004975124378109453,0.992919709905879,0.07808219178082192,0.5263157894736842,0.0036668724631478133,0.28,0.0,0.0,1.5858516103883307,0.65,0.934068055375491,0.9123512243907768,2.106373645650008,0.6294385156204132,5.62718353808477e-05
neutral,classical,42,64,24,80,728,672,1400,4197,2549,1648,0.3926614248272576,80,76.13846153846154,19,11.3125,0.5631868131868132,0.009852410190164057,0.0009165103703764138,0.003807554941129256,0.004975124378109453,0.9778045292557556,0.07554945054945054,0.6,-0.0045410143298396655,0.2800000000000001,0.0,0.0,1.6841862547621478,0.425,0.9837082626231857,0.9876883375359359,1.5048957711148192,0.31537552842190103,-0.0015949080117757743
neutral,classical,43,64,24,80,733,677,1410,4120,2643,1477,0.35849514563106794,80,75.03076923076924,14,8.9,0.6725784447476125,0.042831338801893715,0.0009430441052021532,0.0036187431819300654,0.004975124378109453,0.9940109140530337,0.07094133697135062,0.4230769230769231,-0.014137933640121197,0.28000000000000014,0.0,0.0,1.723064358069068,0.4,0.9709505944546686,0.9173658731312522,1.1449531542739515,0.7514405996832527,-0.009844236026015649
neutral,classical,44,64,24,80,753,697,1450,4123,2633,1490,0.361387339316032,80,75.38461538461539,17,10.1625,0.548472775564409,0.0021828358348955704,0.0008690981086796143,0.003281541454041269,0.14427860696517414,0.9880180386406637,0.0796812749003984,0.43333333333333335,-0.011252853437192678,0.28000000000000014,0.0,0.0,1.589917966242771,0.475,0.99819587904281,0.9381285375632961,1.8487999064466945,0.39939755378808395,-3.559005876124315e-05
neutral,classical,45,64,24,80,718,662,1380,4227,2496,1731,0.40951029098651526,80,76.44615384615385,19,8.9125,0.6086350974930362,0.0344158056989229,0.0010485157519117135,0.0038041484512860886,0.004975124378109453,0.9920060425681665,0.08356545961002786,0.48333333333333334,-0.013971553184315977,0.2800000000000001,0.0,0.0,1.6296711012932867,0.6,0.9709505944546686,0.9823482385379168,1.9042046451620849,0.6224178657186195,-0.002736472401975674
neutral,classical,46,64,24,80,674,618,1292,4193,2407,1786,0.4259480085857381,80,75.24615384615385,13,8.425,0.642433234421365,0.059451336162641005,0.0009513216892702114,0.0030641178317547257,0.004975124378109453,0.9912048785215656,0.08902077151335312,0.4666666666666667,0.011073091327163664,0.28,0.0,0.0,1.6578931445611722,0.5375,0.9959386076315955,0.9894890048869927,1.6102207344660844,0.6785844897968203,0.004578173029686345
neutral,classical,47,64,24,80,690,634,1324,4211,2510,1701,0.4039420565186417,80,75.76923076923077,17,9.375,0.6463768115942029,0.06268402833463177,0.0010522493830724864,0.0037701771313313204,0.004975124378109453,0.9923836524107724,0.08840579710144927,0.5737704918032787,0.005636816728966876,0.2800000000000001,0.0,0.0,1.639740941201622,0.425,0.9837082626231857,0.9865748771451271,1.6771040062979463,0.8314757789683374,-0.00142884364834532
neutral,classical,48,64,24,80,691,635,1326,4143,2600,1543,0.37243543326092204,80,74.73846153846154,17,8.8375,0.6353111432706223,0.038788907680318147,0.0008621115084901332,0.0027604203521905783,0.004975124378109453,0.9917311063960714,0.07959479015918958,0.5818181818181818,0.013360668089854227,0.2800000000000001,0.0,0.0,1.7207942410567933,0.1625,0.6402569436810506,0.9270364894843236,0.8758749654024506,0.8117092346092046,0.0006849040129397719
neutral,classical,49,64,24,80,685,629,1314,4054,2452,1602,0.3951652688702516,80,73.27692307692308,15,8.8125,0.6437956204379562,0.04879494720385329,0.0010930486617487848,0.0033820961609640483,0.004975124378109453,0.9902505610715842,0.06569343065693431,0.5111111111111111,-0.017973577735330704,0.28000000000000014,0.0,0.0,1.6890761980191633,0.3375,0.9224062617590723,0.9762118425099784,1.3455450290094284,0.714928090196643,-0.00509330257605211
neutral,classical,50,64,24,80,702,646,1348,3976,2491,1485,0.3734909456740443,80,72.33846153846154,15,9.3375,0.5584045584045584,0.00020852683082041822,0.0010566046522181203,0.004626492090103077,0.6666666666666666,0.9490715834999411,0.07977207977207977,0.5178571428571429,0.007450394617377842,0.2800000000000001,0.0,0.0,1.7132220368032018,0.3625,0.944738828646789,0.9040509663816187,1.2740049901781194,0.3430401261991064,0.001301192466671256
neutral,classical,51,64,24,80,651,595,1246,4067,2387,1680,0.41308089500860584,80,72.95384615384616,15,9.7625,0.6451612903225806,0.03478909903477419,0.0011227179443796158,0.004534444728474425,0.004975124378109453,0.9929736215917546,0.08141321044546851,0.5660377358490566,0.010984882563829929,0.2800000000000001,0.0,0.0,1.7155669138283505,0.25,0.8112781244591328,0.9082765265302954,1.3430852935830664,0.7740452953473204,0.00044224811007703967
neutral,classical,52,64,24,80,688,632,1320,4154,2320,1834,0.4415021665864227,80,74.86153846153846,13,9.5375,0.5930232558139535,0.025176367409287956,0.0010200162619195068,0.0035337217416858066,0.004975124378109453,0.9897130792128048,0.0755813953488372,0.5192307692307693,0.020489424382047733,0.28000000000000014,0.0,0.0,1.6562817246177384,0.5625,0.9886994082884974,0.9914828154352897,1.9308208217990621,0.6804141098311725,0.005684261377505286
neutral,classical,53,64,24,80,697,641,1338,4173,2412,1761,0.4219985621854781,80,75.29230769230769,17,9.025,0.6212338593974175,0.02458961554267599,0.0008349489276429259,0.0028411337240574356,0.004975124378109453,0.9826812931878341,0.07890961262553801,0.509090909090909,-0.009872189546039273,0.28000000000000014,0.0,0.0,1.5714218327569127,0.6,0.9709505944546686,0.9447111504388103,2.040728433369828,0.6983887900287535,-0.0015173485547115783
neutral,classical,54,64,24,80,717,661,1378,4137,2628,1509,0.36475707034082666,80,75.04615384615384,16,8.9875,0.6415620641562064,0.052199402810955434,0.0011262090550455265,0.003980662482956872,0.004975124378109453,0.9895094450836474,0.0794979079497908,0.47368421052631576,-0.005603851565372825,0.28000000000000014,0.0,0.0,1.6800310148962692,0.5,1.0,0.9687818823963747,1.6357868645262734,0.6156636710253763,-0.0017598835251588871
neutral,classical,55,64,24,80,690,634,1324,4217,2409,1808,0.42874081100308276,80,75.86153846153846,16,9.625,0.6144927536231884,0.035490107771915996,0.0010685730224664753,0.004388054014225231,0.004975124378109453,0.9888394225551387,0.10869565217391304,0.37333333333333335,0.004286748502735804,0.28,0.0,0.0,1.6549754782549826,0.425,0.9837082626231857,0.9882378637776789,1.6713169060713178,0.6752163265711073,-0.0013753516051120214
neutral,classical,56,64,24,80,688,632,1320,4135,2485,1650,0.39903264812575573,80,74.56923076923077,17,9.8,0.6046511627906976,0.016651451538252662,0.0009925500636656327,0.003117866057832562,0.004975124378109453,0.9829891361075354,0.07994186046511628,0.5454545454545454,0.00427686492702728,0.28000000000000014,0.0,0.0,1.6932660951672258,0.4625,0.9959386076315955,0.9385149418139827,1.5526259476352455,0.5608146992903477,0.0041116548647593554
neutral,classical,57,64,24,80,726,670,1396,4210,2558,1652,0.39239904988123514,80,76.3076923076923,20,9.875,0.6143250688705234,0.03842421373128149,0.0009022947435564937,0.0039110454686606295,0.004975124378109453,0.9911342150432847,0.07988980716253444,0.4827586206896552,-0.01313782096418345,0.28,0.0,0.0,1.6441801424468803,0.4625,0.9959386076315955,0.9882956835021796,1.8172078566173577,0.749783281966711,-0.0012778081820797673
neutral,classical,58,64,24,80,702,646,1348,4172,2473,1699,0.40723873441994246,80,75.35384615384615,15,8.25,0.6196581196581197,0.03819129040774233,0.0010673448124565257,0.0038225944535247094,0.004975124378109453,0.9876856015743236,0.07407407407407407,0.38461538461538464,-0.0015660816026661917,0.2800000000000001,0.0,0.0,1.669728118121114,0.475,0.99819587904281,0.9765793831750802,1.5148500804321785,0.3779668000641727,-0.0009322295649488134
neutral,classical,59,64,24,80,675,619,1294,4142,2525,1617,0.3903911154031869,80,74.47692307692307,14,8.75,0.6222222222222222,0.033519128533697706,0.0009991706749778062,0.0033021058591338835,0.004975124378109453,0.983692297088172,0.09037037037037036,0.5245901639344263,0.00046971109758076057,0.28000000000000014,0.0,0.0,1.6897793034521706,0.4,0.9709505944546686,0.9659425679560373,1.2003401555620044,0.5747744040740524,0.0007815266862685626
neutral,classical,60,64,24,80,744,688,1432,4210,2606,1604,0.3809976247030879,80,76.58461538461539,16,9.9875,0.5752688172043011,0.004588923973493159,0.0010211061803269165,0.003947102495769128,0.04477611940298507,0.9754268653563526,0.0846774193548387,0.4444444444444444,0.0008855112095994822,0.28,0.0,0.0,1.7092741464449248,0.4125,0.9777945702913884,0.9281107511059484,1.411264676140456,0.4047874538450202,0.0035885602089809963
neutral,classical,61,64,24,80,691,635,1326,4092,2620,1472,0.3597262952101662,80,73.95384615384616,15,9.05,0.5875542691751086,0.021474629183674425,0.0010508791451005227,0.003731843082079557,0.004975124378109453,0.9816391191660472,0.07959479015918958,0.4727272727272727,-0.0024770965909036435,0.28000000000000014,0.0,0.0,1.6317107023896549,0.45,0.9927744539878084,0.9864919325567019,1.7423084150902206,0.46964291153516835,-0.0004984333926723488
neutral,classical,62,64,24,80,714,658,1372,4142,2682,1460,0.35248672139063253,80,75.07692307692308,17,8.6875,0.5714285714285714,0.013529649680301382,0.0009700841613080552,0.0037904853318927755,0.004975124378109453,0.9833936959913375,0.0896358543417367,0.46875,-0.013516489443510582,0.28000000000000014,0.0,0.0,1.6128251997664553,0.55,0.9927744539878084,0.9850519011740992,1.7620769916955556,0.6562685501938654,-0.0023310572223487727
neutral,classical,63,64,24,80,726,670,1396,4076,2668,1408,0.34543670264965654,80,74.24615384615385,17,10.8125,0.6336088154269972,0.051535510991964906,0.0010333253480995978,0.0036660013989068888,0.004975124378109453,0.9917164570696205,0.08677685950413223,0.4444444444444444,-0.004162638974983368,0.28000000000000014,0.0,0.0,1.6522517853224976,0.35,0.934068055375491,0.9872610844331411,1.3804291354244953,0.8126220716351348,0.004923624827974082
neutral,classical,64,64,24,80,757,701,1458,4122,2532,1590,0.38573508005822416,80,75.43076923076923,17,11.8125,0.6684280052840158,0.060011314035307656,0.000925515550924796,0.003311761709296871,0.004975124378109453,0.9930678882155429,0.09907529722589167,0.4533333333333333,0.0036596583442838337,0.28000000000000014,0.0,0.0,1.5848350188210159,0.7625,0.79085809055281,0.9391585247544637,2.385301278955814,0.8359191094149334,0.002965825674520521
neutral,classical,65,64,24,80,748,696,1444,4066,2749,1317,0.32390555828824397,76,74.43076923076923,18,10.131578947368421,0.6296791443850267,0.049069491871739604,0.0009091404669580949,0.003767605898303387,0.004975124378109453,0.9912133223647707,0.08288770053475936,0.532258064516129,0.009029017554594287,0.28000000000000014,0.0,0.0,1.6383807770986671,0.40789473684210525,0.9753817903274212,0.9809760306827919,1.8076722145668185,0.5779945027498129,-0.0010464328254242762
neutral,classical,66,64,24,80,674,618,1292,4077,2436,1641,0.4025018395879323,80,73.46153846153847,15,9.9125,0.6023738872403561,0.03129862846754783,0.0011804897366312606,0.00492265286661164,0.004975124378109453,0.9881733873315264,0.09050445103857567,0.47540983606557374,-0.012041268672341454,0.2800000000000001,0.0,0.0,1.6268270274587002,0.65,0.934068055375491,0.9898186658129547,1.7755158619247997,0.3256776545539603,-7.911235813845654e-05
neutral,classical,67,64,24,80,766,713,1479,4162,2861,1301,0.3125901009130226,77,76.18461538461538,14,8.909090909090908,0.5900783289817232,0.019524893408621187,0.0009552426828313952,0.003966981585303025,0.004975124378109453,0.9861923768482291,0.06919060052219321,0.5283018867924528,-0.0032921641253305656,0.28000000000000014,0.0,0.0,1.6924059527953503,0.42857142857142855,0.9852281360342516,0.9848542356107126,1.5173130110206459,0.632395809084613,-0.0009551880229836275
neutral,classical,68,64,24,80,695,639,1334,3919,2413,1506,0.38428170451645827,80,71.35384615384615,19,12.0125,0.637410071942446,0.020424527677307562,0.0009731229625769025,0.003627910405943121,0.004975124378109453,0.985671767876237,0.09064748201438849,0.5079365079365079,-0.005062088398152087,0.2800000000000001,0.0,0.0,1.7270057353263668,0.325,0.9097361225311662,0.8996083030036138,1.1350297527172828,0.5416507177220607,-0.004584218534535886
neutral,classical,69,64,24,80,714,658,1372,3940,2556,1384,0.35126903553299493,80,71.96923076923076,14,9.475,0.5686274509803921,0.012093652665038868,0.0009999656987853434,0.004063081369875144,0.004975124378109453,0.9601544700149938,0.08543417366946779,0.47540983606557374,0.008916246242151538,0.2800000000000001,0.0,0.0,1.6862333950287887,0.3625,0.944738828646789,0.9822347494170597,1.402762582586484,0.37952276091757514,0.0062991831791594744
neutral,classical,70,64,24,80,713,657,1370,4113,2573,1540,0.37442256260637,80,74.61538461538461,16,9.125,0.6718092566619915,0.07885924125737495,0.0009122594938860295,0.003919800003592443,0.004975124378109453,0.9926230004278086,0.09817671809256662,0.45714285714285713,0.020492367630018965,0.28000000000000014,0.0,0.0,1.6104219458465767,0.525,0.99819587904281,0.9600115841574732,1.9497092315286018,0.8944038921957302,0.007232291225351605
neutral,classical,71,64,24,80,700,644,1344,4096,2563,1533,0.374267578125,80,74.15384615384616,15,10.1875,0.5842857142857143,0.014234282797135116,0.0010009933368471439,0.0038304669256235165,0.004975124378109453,0.9919506519999906,0.07142857142857142,0.5,0.018430099312452236,0.28000000000000014,0.0,0.0,1.6904849366613657,0.3875,0.9631672450918832,0.9552513648755753,1.3232642677861297,0.5488891461814185,0.006020069122314453
neutral,classical,72,64,24,80,724,668,1392,4067,2638,1429,0.35136464224243913,80,74.07692307692308,15,9.6875,0.611878453038674,0.03582448583761673,0.0009835473559681876,0.0037805029439308196,0.004975124378109453,0.9902378567262682,0.09116022099447514,0.5606060606060606,0.007673390249059636,0.2800000000000001,0.0,0.0,1.658258931674512,0.4,0.9709505944546686,0.9838633458364273,1.5803146490784663,0.7244648506102713,-0.0008792363998428363
neutral,classical,73,64,24,80,725,669,1394,4134,2711,1423,0.34421867440735365,80,75.12307692307692,16,9.425,0.576551724137931,0.01681104728705661,0.0011041470357912103,0.004694962949219099,0.004975124378109453,0.9800261167761766,0.08275862068965517,0.5666666666666667,0.014749804218087553,0.2800000000000001,0.0,0.0,1.6617961847552973,0.4625,0.9959386076315955,0.992080988921405,1.6077839742494013,0.46518616206211816,0.00872541743232106
neutral,classical,74,64,24,80,669,613,1282,4131,2477,1654,0.40038731541999517,80,74.21538461538462,18,8.9,0.6158445440956651,0.022395909716785137,0.0012577122253945615,0.004637113558412376,0.004975124378109453,0.9771121566831239,0.09118086696562033,0.4918032786885246,0.01876397655280998,0.28000000000000014,0.0,0.0,1.7090656044122348,0.4125,0.9777945702913884,0.938465489020672,1.3676281512219646,0.4951866576826308,0.0038545197434703337
neutral,classical,75,64,24,80,703,647,1350,4088,2765,1323,0.3236301369863014,80,74.07692307692308,15,8.625,0.6742532005689901,0.07546840672749551,0.001011253824205986,0.003901765884306393,0.004975124378109453,0.9920860192100669,0.07965860597439545,0.39285714285714285,-0.015543451321145096,0.28000000000000014,0.0,0.0,1.6942088346583606,0.275,0.8485481782946158,0.969133414346781,0.9726719055543065,0.7023520207645937,-0.00565733893482332
neutral,classical,76,64,24,80,706,650,1356,4230,2533,1697,0.40118203309692674,80,76.3076923076923,17,8.875,0.6926345609065155,0.09898306211775482,0.0009594178395068084,0.003611716538779848,0.004975124378109453,0.9938377268680816,0.07932011331444759,0.5892857142857143,0.005971630584590104,0.2800000000000001,0.0,0.0,1.6775853642397218,0.4375,0.9886994082884974,0.9673259752043076,1.6017325101277156,0.846846940190346,0.0017320836756478813
neutral,classical,77,64,24,80,701,645,1346,4130,2503,1627,0.39394673123486684,80,74.6923076923077,17,10.1375,0.6804564907275321,0.06404969233916014,0.00110514111576349,0.004374879016974979,0.004975124378109453,0.9873530062201026,0.07275320970042796,0.47058823529411764,0.020935556630156532,0.28000000000000014,0.0,0.0,1.7219365055265508,0.2625,0.8304955225035799,0.9140065971325478,1.0765216653833694,0.6845131657283842,0.004298436409898634
neutral,classical,78,64,24,80,697,641,1338,4138,2468,1670,0.4035766070565491,80,74.75384615384615,15,9.1,0.5796269727403156,0.01665275803112625,0.0010206334561715458,0.003968218470250324,0.004975124378109453,0.9845010378815134,0.08321377331420372,0.4482758620689655,-0.005038664300610091,0.28000000000000014,0.0,0.0,1.666086649879984,0.525,0.99819587904281,0.9865824022252626,1.6117239718756644,0.5851228047552227,-0.0024830281344835666
neutral,classical,79,64,24,80,669,613,1282,4182,2430,1752,0.41893830703012913,80,75.0,16,9.725,0.5979073243647235,0.026313819514900146,0.0012129520185372971,0.004212872171523006,0.004975124378109453,0.9713117933099502,0.09118086696562033,0.5573770491803278,-0.005170089396735661,0.2800000000000001,0.0,0.0,1.6614487152622022,0.525,0.99819587904281,0.9859508915879153,1.5267836312800553,0.5049834127906435,-0.0021808982542521876
neutral,classical,80,64,24,80,672,616,1288,4102,2456,1646,0.401267674305217,80,73.81538461538462,16,9.175,0.5803571428571429,0.012470231724332148,0.0011743656089552113,0.004430920522742886,0.004975124378109453,0.9908228186695907,0.06845238095238096,0.43478260869565216,0.005333787062792195,0.28000000000000014,0.0,0.0,1.616155807820278,0.5625,0.9886994082884974,0.968008315393663,1.8849388759080548,0.7193616582337491,-0.0029736597314553963
neutral,classical,81,64,24,80,682,626,1308,4235,2406,1829,0.4318772136953955,80,76.01538461538462,13,8.425,0.5835777126099707,0.014484745835713811,0.0009471562704014723,0.003456402885414827,0.004975124378109453,0.9793187457192731,0.08357771260997067,0.38596491228070173,-0.006289074043689863,0.28,0.0,0.0,1.6762792179740582,0.4125,0.9777945702913884,0.9639137125019027,1.5264788147720203,0.38326962580779517,-0.002899768472377682
neutral,classical,82,64,24,80,701,645,1346,4264,2513,1751,0.4106472795497186,80,76.75384615384615,16,9.6125,0.6576319543509273,0.06616671104924092,0.0011680683142323328,0.004362308586322357,0.004975124378109453,0.990402313015236,0.09415121255349501,0.5151515151515151,-0.012678198728846651,0.2800000000000001,0.0,0.0,1.66586514266045,0.425,0.9837082626231857,0.9746948302366756,1.5418822597287796,0.6801546526894018,-0.003190241438422469
neutral,classical,83,64,24,80,731,675,1406,4122,2628,1494,0.3624454148471616,80,75.03076923076924,18,11.075,0.6443228454172366,0.050030309931752726,0.001059504402852438,0.0041459791627785555,0.004975124378109453,0.9897502180066484,0.09439124487004104,0.4492753623188406,0.0007844197801734343,0.28000000000000014,0.0,0.0,1.588949470820468,0.6625,0.9224062617590723,0.9603587608463847,2.247415070312646,0.7639016955046737,-0.002069874645721783
neutral,classical,84,64,24,80,688,632,1320,4132,2375,1757,0.42521781219748306,80,74.52307692307693,14,8.5375,0.561046511627907,0.006178394006221666,0.0013071717028859398,0.004679992438781758,0.03482587064676617,0.9821265205197274,0.1002906976744186,0.42028985507246375,-0.010199664394669933,0.28000000000000014,0.0,0.0,1.5950135263980578,0.7375,0.8304955225035798,0.9647953889016004,2.2120924325872293,0.5696967660956526,0.0006859783954290616
neutral,classical,85,64,24,80,663,607,1270,3976,2329,1647,0.4142354124748491,80,71.73846153846154,17,10.1375,0.6425339366515838,0.01825532766204805,0.0010185833054550874,0.003406230803810579,0.004975124378109453,0.9892341750086362,0.0784313725490196,0.5192307692307693,-0.003142109036141094,0.2800000000000001,0.0,0.0,1.717999941491361,0.2,0.7219280948873623,0.8650715591401246,0.9969371106226257,0.5045502353774378,-0.0007969724787355894
neutral,classical,86,64,24,80,710,654,1364,4102,2676,1426,0.3476352998537299,80,74.4,15,8.8125,0.6492957746478873,0.028539542482293075,0.0009468544791668128,0.0037623814837833697,0.004975124378109453,0.9908862713679262,0.07746478873239436,0.6727272727272727,-0.0397458347926152,0.28000000000000014,0.0,0.0,1.7098375236857841,0.3125,0.8960382325345575,0.9331614179445749,1.0491372241328303,0.7635414079155748,-0.00962475404726999
neutral,classical,87,64,24,80,708,652,1360,3924,2589,1335,0.34021406727828746,80,71.63076923076923,14,9.525,0.6059322033898306,0.03263406815576793,0.0010559423190684483,0.003595017751561475,0.004975124378109453,0.9889536704465353,0.07203389830508475,0.45098039215686275,0.0028542282549860742,0.2800000000000001,0.0,0.0,1.6455000364242731,0.525,0.99819587904281,0.9905123009793951,1.5572872463791783,0.7938160068799524,-0.0002548419979612638
neutral,classical,88,64,24,80,693,637,1330,4027,2424,1603,0.3980630742488205,80,72.98461538461538,15,9.85,0.5988455988455988,0.02639463567398461,0.0009349140528903914,0.0031380202951082105,0.004975124378109453,0.9860189116660958,0.09379509379509379,0.3384615384615385,-0.0015460394865554339,0.2800000000000001,0.0,0.0,1.6579732324291743,0.5,1.0,0.9809364663027466,1.6613701639236567,0.5900531854232118,0.0020559016556298136
neutral,classical,89,64,24,80,686,630,1316,4171,2488,1683,0.40350035962598896,80,75.0923076923077,14,8.65,0.607871720116618,0.028087319753365092,0.001173161907142429,0.004300909867894396,0.004975124378109453,0.9929862662763382,0.0728862973760933,0.38,0.008579109484727787,0.28000000000000014,0.0,0.0,1.691799272856911,0.4125,0.9777945702913884,0.9794813145696989,1.331832853863851,0.5922675682508272,0.006692555446004342
neutral,classical,90,64,24,80,702,646,1348,4170,2513,1657,0.3973621103117506,80,75.32307692307693,14,9.75,0.6467236467236467,0.05379942635963801,0.001128197292887669,0.004076669047936778,0.004975124378109453,0.9911163191338945,0.09544159544159544,0.5373134328358209,-0.020284364092602508,0.2800000000000001,0.0,0.0,1.6107871664691653,0.575,0.9837082626231857,0.9405163068396929,1.650766170422608,0.9977052119504096,-0.003511550471852735
neutral,classical,91,64,24,80,719,663,1382,4176,2417,1759,0.4212164750957854,80,75.67692307692307,18,9.0,0.7023643949930459,0.12224955228504435,0.0010731055407209274,0.004544892165677704,0.004975124378109453,0.9926566903216477,0.09735744089012517,0.4857142857142857,0.014856260852787961,0.28,0.0,0.0,1.6447574833396967,0.4375,0.9886994082884974,0.9870763568383515,1.6458072125658538,0.9042150658235336,0.002665752851543577
neutral,classical,92,64,24,80,731,675,1406,4167,2445,1722,0.4132469402447804,80,75.72307692307692,13,9.525,0.5718194254445964,0.011552862443209758,0.0010961651099250175,0.004193188769281139,0.009950248756218905,0.9864111208763868,0.08207934336525308,0.48333333333333334,-0.013417487324207555,0.28,0.0,0.0,1.6628369623462762,0.4625,0.9959386076315955,0.9761842947353078,1.6586449556213114,0.5604168409629416,-0.005330199933897298
neutral,classical,93,64,24,80,708,652,1360,4167,2467,1700,0.40796736261099115,80,75.36923076923077,17,8.5,0.5918079096045198,0.024528920245731042,0.0009866013899577702,0.0036478794791973516,0.004975124378109453,0.9910372850104585,0.09180790960451977,0.4307692307692308,-0.0057724449794037125,0.28,0.0,0.0,1.6317023343142567,0.4625,0.9959386076315955,0.991686394857253,1.7437847294462039,0.8019901887230889,0.0022448312126390614
neutral,classical,94,64,24,80,728,672,1400,4069,2662,1407,0.34578520521012535,80,74.16923076923077,17,10.6875,0.7376373626373627,0.06878237666666114,0.0009785722172776234,0.003962383847357337,0.004975124378109453,0.9942520414487774,0.07417582417582418,0.42592592592592593,-0.014066472224614268,0.28000000000000014,0.0,0.0,1.754898923279212,0.1875,0.6962122601251458,0.8268078894332505,0.9681864659244411,0.9758801954663451,0.0003596113998384147
neutral,classical,95,64,24,80,700,644,1344,4175,2471,1704,0.4081437125748503,80,75.36923076923077,21,7.75,0.6328571428571429,0.045879671980923936,0.000971837296768299,0.004145245873083875,0.004975124378109453,0.982585563139578,0.09285714285714286,0.46153846153846156,-1.742727019238277e-05,0.2800000000000001,0.0,0.0,1.6708423652452196,0.4375,0.9886994082884974,0.9828963375640564,1.632762354519577,0.49149747608733274,0.0040316970848721725
neutral,classical,96,64,24,80,725,669,1394,4105,2552,1553,0.37831912302070647,80,74.67692307692307,16,9.3375,0.6027586206896551,0.030482680401926143,0.0008698686755985571,0.0036639957911333704,0.004975124378109453,0.9904739932210327,0.08827586206896551,0.515625,0.005240701145389354,0.28000000000000014,0.0,0.0,1.6454462215346974,0.5,1.0,0.9861415913585865,1.6505834964344401,0.5742624399215437,-0.0019343036996265796
neutral,classical,97,64,24,80,704,648,1352,4073,2571,1502,0.3687699484409526,80,73.86153846153846,15,9.7,0.6633522727272727,0.07588056985001602,0.0010260424595771342,0.004775266907569253,0.004975124378109453,0.9932792305809246,0.07244318181818182,0.3333333333333333,-0.01332272685719002,0.28000000000000014,0.0,0.0,1.6179355328068725,0.575,0.9837082626231857,0.981881975132013,1.8646622432096809,0.6903879123093415,-0.0008518126320841553
neutral,classical,98,64,24,80,673,617,1290,4182,2364,1818,0.4347202295552367,80,75.06153846153846,15,9.2,0.649331352154532,0.06080827159324302,0.0009654931022671733,0.003215469957264433,0.004975124378109453,0.9912618863387771,0.07726597325408618,0.5384615384615384,-0.002994300721967158,0.2800000000000001,0.0,0.0,1.681136623633018,0.5375,0.9959386076315955,0.9855821315852171,1.5749367606601443,0.5715253784750626,0.0006679579834873368
neutral,classical,99,64,24,80,710,654,1364,4121,2586,1535,0.37248240718272263,80,74.6923076923077,12,7.775,0.5774647887323944,0.017262432753395493,0.0010606936225890469,0.00475031984388025,0.004975124378109453,0.9831091829317202,0.07464788732394366,0.41509433962264153,7.661050605833886e-05,0.28000000000000014,0.0,0.0,1.6515802397173287,0.55,0.9927744539878084,0.9926610202823624,1.66672278383144,0.41538617874334116,-0.0007361634742205305
neutral,classical,100,64,24,80,709,653,1362,4186,2507,1679,0.4010989010989011,80,75.67692307692307,14,8.2875,0.6050775740479548,0.030286131925874524,0.0008973218996591081,0.0033890087922722884,0.004975124378109453,0.9939053055419498,0.07757404795486601,0.4727272727272727,0.0015058324496288467,0.2800000000000001,0.0,0.0,1.660729996034554,0.4375,0.9886994082884974,0.9847315977779444,1.7569608523501998,0.7094655416634874,0.0013773644042241228
neutral,classical,101,64,24,80,756,700,1456,4076,2802,1274,0.3125613346418057,80,74.70769230769231,16,9.1375,0.6865079365079365,0.05364330571666111,0.0010281631013118336,0.0039153710037783465,0.004975124378109453,0.9924451687242933,0.07936507936507936,0.5833333333333334,-0.019254936515044258,0.28000000000000014,0.0,0.0,1.730409258155349,0.2,0.7219280948873623,0.8965258881453699,0.7473071708303893,0.6034508952233946,-0.0020715338885031317
neutral,classical,102,64,24,80,709,653,1362,4188,2449,1739,0.4152340019102197,80,75.70769230769231,14,8.1375,0.6572637517630465,0.053932162779575826,0.001031610714663336,0.003866911690688359,0.004975124378109453,0.989303853574665,0.08039492242595205,0.3508771929824561,0.003661654706902301,0.2800000000000001,0.0,0.0,1.7028814497127323,0.1,0.4689955935892812,0.8899459770875985,0.7664105389342923,0.4528083065216783,-0.0024535695291682527
neutral,classical,103,64,24,80,725,677,1402,4079,2658,1421,0.3483696984555038,72,74.27692307692308,16,10.472222222222221,0.6910344827586207,0.03836869252599397,0.000848914960639406,0.0030516008689036624,0.004975124378109453,0.9939759419485877,0.07586206896551724,0.43636363636363634,-0.015283484738824793,0.28000000000000014,0.0,0.0,1.7490190942967525,0.2916666666666667,0.8708644692353646,0.8666195973419951,0.9401042348153553,0.6832171423536486,-0.0072785939330966545
neutral,classical,104,64,24,80,741,685,1426,4162,2540,1622,0.3897164824603556,80,75.8,16,9.15,0.5762483130904184,0.010125549531968342,0.0009116498159639518,0.0034257316469172923,0.009950248756218905,0.9768196198052002,0.08232118758434548,0.5737704918032787,0.019631183767034793,0.28000000000000014,0.0,0.0,1.6012903631124378,0.45,0.9927744539878084,0.9567893532087418,1.6487498841530648,0.6342995867800308,0.005128377131738822
neutral,classical,105,64,24,80,755,699,1454,4107,2606,1501,0.36547358168979793,80,75.16923076923077,15,9.7125,0.5536423841059602,0.007239047700847261,0.0008593467987574521,0.0026107757111534374,0.004975124378109453,0.9903219265183607,0.09006622516556291,0.5735294117647058,0.0012667094155231762,0.28000000000000014,0.0,0.0,1.6642451047965114,0.4375,0.9886994082884974,0.9842348798254674,1.5397968364085373,0.6845186255073117,-0.0016685392082703128
neutral,classical,106,64,24,80,720,664,1384,4103,2670,1433,0.34925664148184254,80,74.56923076923077,19,9.8,0.6861111111111111,0.10173342517973304,0.001011851676210342,0.0034365354420378066,0.004975124378109453,0.9956033861469316,0.08055555555555556,0.3793103448275862,0.0032835246127660977,0.28000000000000014,0.0,0.0,1.620677453482157,0.45,0.9927744539878084,0.9878116471969712,1.6267556064450204,0.9815450636368521,0.0028391511795729887
neutral,classical,107,64,24,80,758,702,1460,4131,2700,1431,0.3464052287581699,80,75.58461538461539,14,9.55,0.6015831134564644,0.021842055974716168,0.0011095353122092615,0.003283951669988485,0.004975124378109453,0.98691325395573,0.08047493403693931,0.45901639344262296,-0.008782802203866624,0.28000000000000014,0.0,0.0,1.5998792071302306,0.6625,0.9224062617590723,0.9582714250168062,2.0614351753128526,0.4289802128283435,-0.0022230672186450496
neutral,classical,108,64,24,80,699,643,1342,4171,2464,1707,0.40925437544953247,80,75.29230769230769,14,9.325,0.6580829756795422,0.024599967652407052,0.0010521515813777108,0.0036734342975378153,0.004975124378109453,0.9922109471161433,0.0844062947067239,0.4745762711864407,-0.009371303590956753,0.28000000000000014,0.0,0.0,1.5438909906853795,0.7625,0.79085809055281,0.8695063323648203,2.483100283474266,0.49570081340507194,-0.006150515475413601
neutral,classical,109,64,24,80,701,645,1346,4222,2504,1718,0.4069161534817622,80,76.1076923076923,16,9.1625,0.5805991440798859,0.008394977179352774,0.000892877841273289,0.003960809873291799,0.014925373134328358,0.9844646635668192,0.08416547788873038,0.423728813559322,0.003871310519238197,0.2800000000000001,0.0,0.0,1.6846980577693258,0.3125,0.8960382325345575,0.9461398734270823,1.4108143861966198,0.595244026206864,4.38141686830888e-05
neutral,classical,110,64,24,80,658,602,1260,4108,2263,1845,0.4491236611489776,80,73.6923076923077,13,8.225,0.5668693009118541,0.010697882259600867,0.001131522285976807,0.005068966448572559,0.004975124378109453,0.9892004200055404,0.06838905775075987,0.5111111111111111,-0.01192124040989323,0.2800000000000002,0.0,0.0,1.6610051010885405,0.5125,0.9995491108252484,0.9686981209890412,1.7240092255726744,0.536844083842105,0.0035460530619713703
neutral,no_inheritance,11,64,24,80,724,668,1392,4102,2617,1485,0.36201852754753777,80,74.61538461538461,15,8.9,0.5193370165745856,0.0005179186534617561,0.0009585438228004112,0.003370209324052388,0.527363184079602,0.06757961390845037,0.0,0.0,0.005372897971495344,0.28000000000000014,0.6406343989416978,0.3203171994708489,2.283892561244807,0.4125,0.9777945702913884,0.9852113940918166,1.6061469377843292,0.6538229480782656,0.0065108385606336356
neutral,no_inheritance,12,64,24,80,710,654,1364,4139,2601,1538,0.3715873399371829,80,74.96923076923076,14,8.9125,0.5084507042253521,6.180935689911239e-07,0.000903249279733401,0.0030116234948102598,1.0,-0.01978259636561466,0.0,0.0,-0.021733803119910966,0.28000000000000014,0.6384211674547525,0.31921058372737626,2.2847923432154253,0.4375,0.9886994082884974,0.9844546313932411,1.5355477887378448,0.7047305791239964,-0.004591414754297118
neutral,no_inheritance,13,64,24,80,717,665,1382,4088,2594,1494,0.36545988258317025,76,74.29230769230769,17,10.947368421052632,0.5258019525801952,0.0015328039713126476,0.0010609481504285086,0.004337630030222934,0.24378109452736318,0.022000436730891547,0.0,0.0,-0.005895854530024169,0.28000000000000014,0.6326934039537371,0.31634670197686854,2.2737366835788007,0.4605263157894737,0.9954993847275952,0.9879387769777819,1.5598181965984672,0.7167144602161383,0.0019908753987614896
neutral,no_inheritance,14,64,24,80,712,656,1368,4085,2479,1606,0.3931456548347613,80,74.16923076923077,16,10.0375,0.5126404494382022,3.6928068957977006e-07,0.0007866597997452465,0.0029873031270607475,1.0,0.02424932924447904,0.0,0.0,-0.024156931893321576,0.28000000000000014,0.6392708399072894,0.3196354199536447,2.2851619394690363,0.5,1.0,0.9712533139794477,1.579128655820773,0.7008884075404533,-0.004792528416198616
neutral,no_inheritance,15,64,24,80,708,652,1360,4122,2549,1573,0.38161086851043186,80,74.67692307692307,19,10.2125,0.5056497175141242,6.07414835899849e-06,0.0010708749446704682,0.004320856314095378,0.9552238805970149,-0.06997798688187873,0.0,0.0,0.00323130701679597,0.28000000000000014,0.6304745038478845,0.31523725192394225,2.2688127509401372,0.4,0.9709505944546686,0.9860704071496017,1.5114720796155166,0.7354447025786944,-0.00045553839341142856
neutral,no_inheritance,16,64,24,80,715,659,1374,4156,2540,1616,0.3888354186717998,80,75.3076923076923,16,8.725,0.5034965034965035,0.0004823107637792999,0.0010962983589699004,0.00443672182465231,0.527363184079602,0.009034966954092486,0.0,0.0,-0.020690863195074294,0.28000000000000014,0.633128641709408,0.316564320854704,2.274080672720615,0.4,0.9709505944546686,0.9730527824711728,1.563290793064817,0.6930843352946567,-0.005531562146544627
neutral,no_inheritance,17,64,24,80,743,687,1430,4143,2549,1594,0.38474535360849627,80,75.53846153846153,18,8.95,0.5033647375504711,6.354610468779125e-06,0.0009701752519584089,0.0033966711421637695,0.9402985074626866,-0.023472480300141572,0.0,0.0,0.019923034816793,0.2800000000000001,0.6400858780296014,0.3200429390148007,2.2856718951483983,0.525,0.99819587904281,0.9822052770042698,1.7226069158621407,0.6553074989281584,0.0015729022236600741
neutral,no_inheritance,18,64,24,80,689,633,1322,4197,2433,1764,0.42030021443888493,80,75.53846153846153,14,8.675,0.5544267053701016,0.008181457103807091,0.0011349310403887438,0.003977704217913622,0.004975124378109453,-0.016421613566813126,0.0,0.0,0.007524083233628964,0.2800000000000001,0.6262140051118107,0.31310700255590534,2.261684890155273,0.5,1.0,0.9924860707156109,1.7448415184119987,0.6631953404133942,0.00648658750713675
neutral,no_inheritance,19,64,24,80,747,691,1438,4200,2625,1575,0.375,80,76.47692307692307,14,8.375,0.47657295850066933,0.0017002748218564456,0.0009240680978762192,0.003568692164575713,0.1890547263681592,-0.013481192902187945,0.0,0.0,-0.024603296086535026,0.28,0.6429134453456022,0.3214567226728011,2.2862263020183264,0.525,0.99819587904281,0.9926769092988632,1.5955292658895568,0.6618675875178441,-0.009015646258503396
neutral,no_inheritance,20,64,24,80,724,668,1392,4123,2484,1639,0.3975260732476352,80,74.93846153846154,15,10.9,0.4972375690607735,0.0005008613431852493,0.001095571363648761,0.004080061295452013,0.5024875621890548,-0.007699023734094366,0.0,0.0,-0.021603995936722437,0.28000000000000014,0.6458363403923959,0.32291817019619795,2.289967606182713,0.375,0.9544340029249649,0.9822783454340395,1.4373958280491794,0.6747333386105226,-0.006285910295756919
neutral,no_inheritance,21,64,24,80,678,622,1300,4121,2566,1555,0.37733559815578743,80,74.2,17,10.3375,0.5058997050147492,7.232885823882243e-05,0.0009835366975672957,0.004100786585797179,0.7910447761194029,0.02054135835034283,0.0,0.0,0.010400783731339625,0.28000000000000014,0.6415534269277497,0.3207767134638749,2.2936568995885707,0.475,0.99819587904281,0.9913571819520356,1.5058511642999257,0.7058039846568803,0.003974234631704219
neutral,no_inheritance,22,64,24,80,719,663,1382,4109,2634,1475,0.35896811876368945,80,74.64615384615385,17,8.3875,0.48400556328233657,0.0012314447255810414,0.0011200754960503962,0.004254372837385015,0.31840796019900497,-0.05948613212663842,0.0,0.0,8.842582435580892e-06,0.2800000000000001,0.6319448290765645,0.31597241453828223,2.2734660477413597,0.5125,0.9995491108252484,0.9809186452040184,1.5667448386252252,0.7940793920861033,0.005396508065888405
neutral,no_inheritance,23,64,24,80,701,645,1346,4158,2460,1698,0.4083694083694084,80,75.12307692307692,14,9.225,0.4964336661911555,0.0001243434509334805,0.0010245337949478404,0.0036296430451728937,0.8059701492537313,0.014646138825648936,0.0,0.0,0.02150350894274841,0.28000000000000014,0.6308173371147239,0.31540866855736194,2.271715469139982,0.4375,0.9886994082884974,0.9867001035164594,1.5011154079095852,0.6635808558304852,0.005126044568084012
neutral,no_inheritance,24,64,24,80,703,647,1350,4218,2616,1602,0.37980085348506404,80,76.07692307692308,15,10.0,0.5163584637268848,0.0009098923668106763,0.0009393597252478262,0.003553952205818278,0.30845771144278605,0.04111261049620261,0.0,0.0,0.002055353533627041,0.28,0.6291989103140541,0.31459945515702703,2.270477441385238,0.4375,0.9886994082884974,0.9942453565939561,1.6073036117738262,0.7201515328876963,-0.0022522522522522514
neutral,no_inheritance,25,64,24,80,729,673,1402,3984,2602,1382,0.3468875502008032,80,72.87692307692308,18,10.125,0.5034293552812071,2.750202150941794e-05,0.0009733935682681227,0.003755787987854125,0.8606965174129353,0.05013439449411457,0.0,0.0,0.0114872004635784,0.2800000000000001,0.6390343272514986,0.3195171636257493,2.282547044938273,0.525,0.99819587904281,0.9914428644227716,1.7159136379167748,0.684139198184523,0.008470062478830991
neutral,no_inheritance,26,64,24,80,725,669,1394,4208,2565,1643,0.3904467680608365,80,76.26153846153846,14,8.5125,0.5172413793103449,0.00047477089132162177,0.0011382794924323432,0.004647927218377453,0.5174129353233831,0.028211334016304497,0.0,0.0,-0.005807585295996814,0.2800000000000001,0.6382795581549681,0.31913977907748403,2.278909705198064,0.4125,0.9777945702913884,0.9821408679092865,1.7030109986950372,0.7058515535238612,0.00360642954213593
neutral,no_inheritance,27,64,24,80,674,618,1292,3985,2384,1601,0.4017565872020075,80,72.04615384615384,16,10.3625,0.48516320474777447,0.0008669860694204435,0.0012010086443423377,0.004239337438958694,0.4079601990049751,0.032369124284950805,0.0,0.0,-0.02588823707970661,0.2800000000000001,0.6226113372235961,0.31130566861179804,2.2566378076800255,0.5625,0.9886994082884974,0.9858716061517375,1.8425428627818932,0.7917573020693687,-0.009399426015689324
neutral,no_inheritance,28,64,24,80,702,646,1348,3995,2552,1443,0.3612015018773467,80,72.63076923076923,15,9.2375,0.5356125356125356,0.0007743857452680268,0.0008568623169203823,0.003365223715943118,0.31343283582089554,-0.02096127614193901,0.0,0.0,-0.010933964449555494,0.2800000000000001,0.640655138313436,0.320327569156718,2.287075764332811,0.3875,0.9631672450918832,0.9710750327468405,1.5782348910381288,0.6915839100521421,-0.002341600342104726
neutral,no_inheritance,29,64,24,80,731,675,1406,4080,2489,1591,0.38995098039215687,80,74.38461538461539,15,9.5625,0.4829001367989056,0.0011702703298598748,0.0010057162426285358,0.004100419281507641,0.32338308457711445,0.005843540705268645,0.0,0.0,0.02038011695906433,0.28000000000000014,0.6343100728399291,0.31715503641996456,2.276141034305489,0.3875,0.9631672450918832,0.9865895397362189,1.5276794308705661,0.7081490668654102,0.008211805555555552
neutral,no_inheritance,30,64,24,80,682,626,1308,4180,2544,1636,0.39138755980861245,80,75.16923076923077,13,7.1,0.5102639296187683,0.00014849844109396382,0.0009054312695149626,0.00328840146241027,0.7562189054726368,0.03797953506439732,0.0,0.0,-0.013366347983584381,0.2800000000000001,0.6357722097275871,0.31788610486379354,2.275458340510996,0.425,0.9837082626231857,0.9913008291995304,1.6085848353824475,0.7323578157418555,-0.008324099722991687
neutral,no_inheritance,31,64,24,80,723,667,1390,4106,2664,1442,0.3511933755479786,80,74.66153846153846,14,8.675,0.4827109266943292,0.0021415682790729244,0.0010336145697682118,0.004315177925451163,0.1791044776119403,0.016134673576247868,0.0,0.0,-0.017908120944058886,0.28000000000000014,0.6396131280885531,0.31980656404427654,2.285455122658909,0.3875,0.9631672450918832,0.9758905672704444,1.576303020791785,0.714586395803119,-0.004253573530852762
neutral,no_inheritance,32,64,24,80,720,664,1384,3999,2650,1349,0.3373343335833959,80,72.96923076923076,18,11.1625,0.5138888888888888,0.00023586948025791036,0.001060039792551498,0.003972371168182064,0.7014925373134329,-0.014973529588377476,0.0,0.0,-0.0003038451605061887,0.28000000000000014,0.6333821036392604,0.3166910518196302,2.2736749477224674,0.3875,0.9631672450918832,0.9735001159510052,1.6092513324310993,0.6978815597409205,-0.0018757502578945569
neutral,no_inheritance,33,64,24,80,690,634,1324,3919,2491,1428,0.36437866802755803,80,71.27692307692308,15,8.375,0.5028985507246376,4.7057136545814674e-05,0.001074533985081707,0.003857558609364533,0.8756218905472637,0.03986480767729843,0.0,0.0,-0.014479680001510037,0.2800000000000001,0.6429153453919145,0.32145767269595726,2.2884107892487497,0.45,0.9927744539878084,0.9861538792192335,1.469844305489357,0.7528732372449322,-0.008934365660949614
neutral,no_inheritance,34,64,24,80,741,693,1434,4112,2691,1421,0.3455739299610895,72,75.03076923076924,14,9.13888888888889,0.5087719298245614,0.0002227387759444711,0.0010945074964613414,0.004290825422625927,0.6965174129353234,-0.027812679585026347,0.0,0.0,0.0045356130316783205,0.28000000000000014,0.6322215172903147,0.31611075864515736,2.2733972550515995,0.5,1.0,0.9916765089105509,1.5011831809632976,0.6821762079485616,1.6199752304841779e-18
neutral,no_inheritance,35,64,24,80,697,641,1338,4186,2546,1640,0.3917821309125657,80,75.49230769230769,18,9.5,0.5078909612625538,2.6025818388835265e-05,0.0009531728582973513,0.003513673924496065,0.8756218905472637,0.0692353275369452,0.0,0.0,0.004954367666232085,0.2800000000000001,0.6242515912616784,0.3121257956308392,2.2681143590647856,0.5,1.0,0.9844531275160703,1.6341920847010958,0.6970061973137203,-0.0013542513906044504
neutral,no_inheritance,36,64,24,80,703,647,1350,4103,2470,1633,0.39800146234462586,80,74.3076923076923,15,8.35,0.5035561877667141,3.1815051339527823e-06,0.0008765491428387993,0.0032221321518577303,1.0,0.0047691771727554864,0.0,0.0,-0.01229447882074683,0.28000000000000014,0.6242068969788105,0.31210344848940524,2.2638093643070776,0.3375,0.9224062617590723,0.9899130476705971,1.5035627990817328,0.6894721150172961,0.0009953899137188158
neutral,no_inheritance,37,64,24,80,685,629,1314,4136,2586,1550,0.37475822050290136,80,74.53846153846153,16,8.5375,0.5386861313868613,0.003478541041160122,0.0011297242729753948,0.004408622294268384,0.08955223880597014,0.002140901012631939,0.0,0.0,-0.012328780014963375,0.28000000000000014,0.6400796202506014,0.3200398101253007,2.2885526463969144,0.4375,0.9886994082884974,0.9889598861343516,1.6013095860546511,0.7082454342089259,-0.00310764986587551
neutral,no_inheritance,38,64,24,80,704,648,1352,4166,2514,1652,0.3965434469515122,80,75.29230769230769,15,9.2125,0.5,0.00010929921721553916,0.0011580563708149451,0.004226865092036256,0.8208955223880597,0.02734654328213913,0.0,0.0,-0.01811385121947079,0.28000000000000014,0.6364290741741635,0.31821453708708175,2.2778780822238294,0.4125,0.9777945702913884,0.9823995357223066,1.6119679601001118,0.6988168213089428,-0.0006623815451374737
neutral,no_inheritance,39,64,24,80,694,638,1332,4177,2314,1863,0.4460138855638018,80,75.3076923076923,17,10.5625,0.5014409221902018,8.886183169731928e-07,0.0008965809610360541,0.0028274626470321217,1.0,-0.0007867561277801496,0.0,0.0,0.0012733744770358213,0.2800000000000001,0.6393119497811025,0.31965597489055125,2.2827593618083135,0.475,0.99819587904281,0.9855535100775634,1.6772437408000722,0.6737424491491618,0.0035903489869423596
neutral,no_inheritance,40,64,24,80,715,659,1374,4143,2398,1745,0.42119237267680426,80,75.1076923076923,15,10.225,0.49230769230769234,0.00033675072749422483,0.001105660169427948,0.003982593736223787,0.6069651741293532,0.004591137385481538,0.0,0.0,-0.013397169414732124,0.2800000000000001,0.6432704491698491,0.32163522458492455,2.2897449748928382,0.55,0.9927744539878084,0.9902021133782531,1.630567295018265,0.7286945645233506,-0.0022299579788433704
neutral,no_inheritance,41,64,24,80,734,678,1412,4180,2656,1524,0.3645933014354067,80,75.96923076923076,15,11.3875,0.510899182561308,6.235813425806147e-06,0.0010979681597547584,0.00474046223288116,0.9651741293532339,0.016680931040033372,0.0,0.0,-0.007842401643133795,0.2800000000000001,0.6506575535739353,0.32532877678696764,2.2985103545816323,0.525,0.99819587904281,0.973121985403229,1.642146834481214,0.6598964778647649,0.002065543371259818
neutral,no_inheritance,42,64,24,80,670,614,1284,4098,2452,1646,0.40165934602244996,80,73.72307692307692,17,9.9875,0.5447761194029851,0.005450780154290045,0.0011318964822112467,0.004043055607591228,0.024875621890547265,0.028723108904618305,0.0,0.0,0.011766465859987668,0.28000000000000014,0.6406174277038607,0.3203087138519303,2.291154490528059,0.4625,0.9959386076315955,0.9888835745021092,1.475139208039021,0.6355992358428438,-0.0019568164165357223
neutral,no_inheritance,43,64,24,80,661,605,1266,4139,2392,1747,0.4220826286542643,80,74.21538461538462,13,8.9375,0.49319213313161875,0.00012690661136894026,0.0012253875058236728,0.005089981397381968,0.746268656716418,0.021296428943315678,0.0,0.0,0.012809566870558675,0.28000000000000014,0.6287735959986184,0.3143867979993092,2.2699454030504436,0.425,0.9837082626231857,0.9878896432123718,1.5440043674850155,0.6822518559939518,0.0011427606779418824
neutral,no_inheritance,44,64,24,80,739,683,1422,4189,2573,1616,0.3857722606827405,80,76.18461538461538,15,7.5125,0.4803788903924222,0.001174288716175911,0.001130435219100171,0.0039385117875788515,0.32338308457711445,-0.020089541724065327,0.0,0.0,0.006180113866294024,0.2800000000000001,0.6406775393927275,0.32033876969636377,2.285547320673759,0.4625,0.9959386076315955,0.9889403361250968,1.632480275988927,0.6804493773980145,-0.00039366935455606623
neutral,no_inheritance,45,64,24,80,709,653,1362,4124,2449,1675,0.40615906886517944,80,74.72307692307692,16,9.575,0.5176304654442877,0.0005290322392147041,0.001017478904149587,0.0038025082816319153,0.527363184079602,0.08382010074849329,0.0,0.0,0.0013394144601219793,0.2800000000000002,0.6449998111486626,0.3224999055743313,2.2894146419646138,0.4,0.9709505944546686,0.9839415651881044,1.569600269599769,0.6270631626477644,-0.0032425930960778408
neutral,no_inheritance,46,64,24,80,693,637,1330,4284,2433,1851,0.4320728291316527,80,76.93846153846154,18,9.8875,0.5295815295815296,0.0023078090536049617,0.0009953838987059765,0.003958781587863297,0.12935323383084577,0.029173124892939835,0.0,0.0,0.009290864607654409,0.2800000000000001,0.6418406065476324,0.3209203032738162,2.2836472089723965,0.55,0.9927744539878084,0.9912777809178616,1.7102786771005363,0.6517279772343894,0.0033675234799802303
neutral,no_inheritance,47,64,24,80,656,600,1256,4179,2374,1805,0.4319215123235224,80,74.75384615384615,16,10.6,0.4740853658536585,0.0026879455634161685,0.0009828344026440563,0.0033517989804676233,0.10945273631840796,-0.03059324182873724,0.0,0.0,0.0037036093870454756,0.2800000000000001,0.6364178543847852,0.3182089271923926,2.2706049808746145,0.35,0.934068055375491,0.9772714728813401,1.5668396212752367,0.7656717604097018,-0.0036366726349302517
neutral,no_inheritance,48,64,24,80,654,598,1252,4066,2497,1569,0.38588293162813575,80,72.98461538461538,17,8.425,0.4969418960244648,0.0002986575935270243,0.0010033168904502179,0.0035458263489991163,0.582089552238806,-0.019466021782655357,0.0,0.0,0.002922294553985655,0.28000000000000014,0.6432783598844314,0.3216391799422157,2.2887557144638153,0.4125,0.9777945702913884,0.9834007060569014,1.5416580526194132,0.6120679836414314,0.0009252159825254194
neutral,no_inheritance,49,64,24,80,702,646,1348,3938,2608,1330,0.3377348908075165,80,71.75384615384615,13,7.8625,0.5113960113960114,0.0002799011776200419,0.0009517283169332963,0.003178683224395301,0.6467661691542289,0.04329311896129684,0.0,0.0,-0.0037909158902514617,0.2800000000000001,0.6328670165807896,0.3164335082903948,2.2708678589214224,0.5625,0.9886994082884974,0.9918748450485586,1.6302986739129743,0.7811003176103373,0.0025868199344796093
neutral,no_inheritance,50,64,24,80,705,649,1354,4173,2416,1757,0.4210400191708603,80,75.41538461538461,20,11.1875,0.5078014184397163,0.00022291935888568357,0.0010111381677605203,0.003914313325868173,0.6567164179104478,0.017702523409716155,0.0,0.0,0.019766641609982455,0.28000000000000014,0.6386255055049792,0.3193127527524896,2.281802034766397,0.4875,0.9995491108252484,0.9931456174821682,1.670171778645679,0.7187089481931989,0.006240349320363025
neutral,no_inheritance,51,64,24,80,674,618,1292,4149,2338,1811,0.43649072065557964,80,74.56923076923077,19,9.5875,0.49851632047477745,4.7267210971224573e-05,0.0011715996817152601,0.0039373443017623674,0.8955223880597015,0.02833278600071457,0.0,0.0,0.024158885116015855,0.2800000000000002,0.6298510191205119,0.31492550956025595,2.2703284027349335,0.55,0.9927744539878084,0.9745667093431829,1.6276602366703699,0.6531720882282889,0.010122921185827917
neutral,no_inheritance,52,64,24,80,701,645,1346,4029,2552,1477,0.3665922065028543,80,73.13846153846154,18,11.5875,0.5320970042796006,0.0031920790972762222,0.0010639925694609323,0.003766338859178063,0.0845771144278607,0.12973028689210211,0.0,0.0,0.02900843881856538,0.2800000000000001,0.6425227080479811,0.32126135402399053,2.2834502341464784,0.3625,0.944738828646789,0.991255197368885,1.537097124776176,0.6995505761598048,0.0027302060064532145
neutral,no_inheritance,53,64,24,80,708,652,1360,4139,2670,1469,0.354916646532979,80,74.93846153846154,16,11.125,0.480225988700565,0.0015022255642601415,0.0009886112032582975,0.003971746369886262,0.263681592039801,0.01366427779933223,0.0,0.0,-0.01487588326954492,0.28000000000000014,0.6374477103086379,0.31872385515431895,2.2749329389424875,0.5625,0.9886994082884974,0.9882616264116512,1.6537113311389695,0.6831897249469343,-0.0030137197242407657
neutral,no_inheritance,54,64,24,80,725,669,1394,4082,2682,1400,0.34296913277804997,80,74.32307692307693,17,10.3625,0.5075862068965518,8.044569438273941e-05,0.0009326096605092316,0.003247561936818494,0.8557213930348259,0.02811000888988605,0.0,0.0,-0.0009566221820450638,0.28000000000000014,0.6252346798266939,0.31261733991334695,2.269997980653091,0.4625,0.9959386076315955,0.9868636230226553,1.4736940291420928,0.733071368664329,2.082492634457531e-05
neutral,no_inheritance,55,64,24,80,667,611,1278,4157,2401,1756,0.4224200144334857,80,74.58461538461539,17,8.325,0.5187406296851574,0.0011228256024939376,0.0009770760987963924,0.00348655022952531,0.2935323383084577,0.04336231348291339,0.0,0.0,0.013720788118958549,0.28000000000000014,0.6314186349361048,0.3157093174680524,2.2676046966911927,0.475,0.99819587904281,0.9918337316590842,1.5268470618586425,0.6829231070742957,0.006213192571644739
neutral,no_inheritance,56,64,24,80,703,647,1350,4210,2555,1655,0.39311163895486934,80,75.95384615384616,14,7.3875,0.5149359886201992,0.00032866936459045697,0.0011712701241788238,0.0042022246702161994,0.6567164179104478,-0.08060647047554602,0.0,0.0,0.013184674126502371,0.28,0.6257365245328629,0.31286826226643144,2.2607126121939163,0.45,0.9927744539878084,0.9749230921766171,1.6492908562461657,0.7100106191070199,0.004791611421736503
neutral,no_inheritance,57,64,24,80,723,667,1390,4035,2735,1300,0.322180916976456,80,73.56923076923077,17,11.6,0.5186721991701245,0.00039053770966499674,0.001076911223031747,0.003949522647388757,0.5373134328358209,-0.07086645399899989,0.0,0.0,-0.019165912277899072,0.2800000000000001,0.641330250325328,0.320665125162664,2.286023944843066,0.4875,0.9995491108252484,0.9897202395469608,1.5842295702718616,0.7475150889268276,0.0013681402965685931
neutral,no_inheritance,58,64,24,80,722,666,1388,4110,2436,1674,0.4072992700729927,80,74.70769230769231,17,9.8625,0.4778393351800554,0.0025308503492446136,0.0009505356864774688,0.0035862965058966606,0.09950248756218906,0.050037505787157446,0.0,0.0,0.004457865976416425,0.28000000000000014,0.6325201729283907,0.31626008646419534,2.275018350645981,0.5375,0.9959386076315955,0.9838158554326494,1.6764952161725866,0.6838368108360161,-0.0009304941363122424
neutral,no_inheritance,59,64,24,80,728,672,1400,4194,2573,1621,0.38650453028135434,80,76.0923076923077,16,8.2375,0.49313186813186816,0.0006556411310640105,0.0010839716055278006,0.00405867638733717,0.4925373134328358,-0.03291261192394618,0.0,0.0,-0.013570026141712488,0.28,0.6461640678386616,0.3230820339193308,2.294794824828362,0.4375,0.9886994082884974,0.9822109797299913,1.5537572459782647,0.6635750939876554,-0.0031194505673681947
neutral,no_inheritance,60,64,24,80,700,644,1344,4211,2511,1700,0.4037045832343861,80,75.92307692307692,14,7.8625,0.52,0.0006490965499588199,0.0009623343343282517,0.0035837111271149677,0.43781094527363185,0.02773218113133866,0.0,0.0,-0.015947683361879933,0.2800000000000001,0.6513574043382766,0.3256787021691383,2.2994366254872984,0.3625,0.944738828646789,0.9847596884338629,1.465529781397641,0.6282030867495277,-0.004988179627702116
neutral,no_inheritance,61,64,24,80,720,664,1384,4101,2549,1552,0.3784442818824677,80,74.53846153846153,15,9.8625,0.5041666666666667,0.00021601177837067206,0.0009648103687862784,0.0033871855205283748,0.6318407960199005,0.00697455763172998,0.0,0.0,0.007034615121651044,0.28000000000000014,0.646547722488892,0.323273861244446,2.2916907407058424,0.3875,0.9631672450918832,0.9695962740823731,1.5380314067066005,0.6916118792225991,0.0028274724508287196
neutral,no_inheritance,62,64,24,80,702,646,1348,4189,2501,1688,0.4029601336834567,80,75.61538461538461,17,10.8375,0.4772079772079772,0.0024948277451895123,0.0009196094245271586,0.0033683761113911977,0.13432835820895522,-0.020301050335374715,0.0,0.0,0.00936428444086343,0.2800000000000001,0.6360817351464386,0.3180408675732193,2.2803035913677,0.475,0.99819587904281,0.9850684971199815,1.504821360663226,0.6600222488780642,0.002655444544622067
neutral,no_inheritance,63,64,24,80,714,658,1372,4092,2611,1481,0.36192570869990226,80,74.3076923076923,19,10.275,0.5210084033613446,0.000696195671946221,0.001006575278683403,0.0036102370420745366,0.44776119402985076,-0.041654043464531755,0.0,0.0,0.0011519660582981761,0.28000000000000014,0.6385236989432601,0.31926184947163005,2.283972582119936,0.55,0.9927744539878084,0.9797703471139064,1.5740425597987269,0.803188817436943,-0.001540091101154383
neutral,no_inheritance,64,64,24,80,714,658,1372,4101,2602,1499,0.36552060473055353,80,74.44615384615385,14,8.2125,0.5070028011204482,0.00012158924323990399,0.0008620396540944716,0.0029187170065569697,0.7562189054726368,-0.021895915219579294,0.0,0.0,0.000573964895104695,0.28000000000000014,0.6370404460020385,0.31852022300101923,2.2833900425784988,0.5125,0.9995491108252484,0.9908689118285965,1.4827378414797172,0.7314981900999813,0.00032982124544711543
neutral,no_inheritance,65,64,24,80,754,698,1452,4054,2862,1192,0.2940305870744943,80,74.33846153846154,16,10.1125,0.493368700265252,0.00035003868055020516,0.0008964873328499879,0.00356471531298087,0.5422885572139303,0.008974768198688783,0.0,0.0,0.026178000071508306,0.28000000000000014,0.6195686201857847,0.30978431009289237,2.2613605858282817,0.5125,0.9995491108252484,0.9771688015092512,1.584001364355767,0.8171803204215574,0.00710694231719834
neutral,no_inheritance,66,64,24,80,690,634,1324,4121,2596,1525,0.37005581169619023,80,74.38461538461539,16,10.4625,0.5173913043478261,0.0007175389014901987,0.0008746317802288137,0.002758672382367581,0.4129353233830846,0.003512516826594261,0.0,0.0,-0.00277650797334969,0.28000000000000014,0.64840350185999,0.324201750929995,2.294672985192114,0.525,0.99819587904281,0.9915427666303147,1.5498459576366865,0.6380724511780349,0.002719953863477419
neutral,no_inheritance,67,64,24,80,748,692,1440,4142,2692,1450,0.3500724287783679,80,75.6,16,11.425,0.5227272727272727,0.0009834758592439045,0.0009614277841155199,0.003663116171046476,0.3283582089552239,-0.054755829148618276,0.0,0.0,0.012258683608448201,0.28000000000000014,0.6317314701746555,0.31586573508732774,2.273509009505478,0.525,0.99819587904281,0.9744443096866454,1.6245973131174463,0.7041590215377301,0.003678677820986086
neutral,no_inheritance,68,64,24,80,701,645,1346,4048,2561,1487,0.3673418972332016,80,73.43076923076923,16,9.5875,0.5078459343794579,0.00022907813453450915,0.0009286754993664839,0.0033349261044600224,0.6467661691542289,-0.02093375096966118,0.0,0.0,0.007946439744712791,0.28000000000000014,0.6296724261216132,0.3148362130608066,2.2671959088538554,0.425,0.9837082626231857,0.9867647636648194,1.6039607090433623,0.7120529381906383,-0.0010170688887500162
neutral,no_inheritance,69,64,24,80,759,705,1464,4074,2582,1492,0.36622484045164455,78,74.72307692307692,17,10.179487179487179,0.5480895915678524,0.0030449907835113886,0.0011106253176835475,0.0041524837311711915,0.12437810945273632,-0.003049011356274427,0.0,0.0,0.002932469736381227,0.28000000000000014,0.63089551910663,0.315447759553315,2.2735743155227914,0.5256410256410257,0.9981021327390103,0.9583649531774789,1.6980858456935852,0.6608101132016232,-0.001056485937982375
neutral,no_inheritance,70,64,24,80,733,677,1410,4031,2639,1392,0.34532374100719426,80,73.66153846153846,13,7.675,0.5020463847203275,6.641117391496419e-06,0.0011092823630700615,0.003978909208773066,0.9601990049751243,0.05801965922221737,0.0,0.0,0.0209497610181682,0.28000000000000014,0.6443956643975736,0.3221978321987868,2.2916874279680908,0.4625,0.9959386076315955,0.9847204273925856,1.5579325829859734,0.6969412045302371,0.008817794565449445
neutral,no_inheritance,71,64,24,80,722,666,1388,4162,2524,1638,0.39356078808265255,80,75.50769230769231,15,9.7125,0.49445983379501385,0.00013987296198207395,0.000991527881090653,0.004072421086211659,0.6666666666666666,0.0005380546349406358,0.0,0.0,0.010055802701830263,0.28000000000000014,0.6306078519644999,0.31530392598224993,2.2693371555780493,0.4875,0.9995491108252484,0.979419065234319,1.7139433722412853,0.7275670453919966,-0.0033024589654781413
neutral,no_inheritance,72,64,24,80,737,681,1418,4094,2663,1431,0.3495359062042013,80,74.6923076923077,17,9.6625,0.4694708276797829,0.002445380508082653,0.0009699641561829546,0.0037916166739661653,0.11442786069651742,0.020660761174981085,0.0,0.0,0.019561514486947873,0.28000000000000014,0.6362289499137247,0.31811447495686235,2.277192399502936,0.475,0.99819587904281,0.9939736225148719,1.6064769113192832,0.6638695276732673,0.0014752247441595409
neutral,no_inheritance,73,64,24,80,720,664,1384,4205,2545,1660,0.3947681331747919,80,76.13846153846154,18,9.4125,0.5236111111111111,0.0012456016475494974,0.0009775850370376668,0.0034911639184652954,0.263681592039801,0.014729564088358878,0.0,0.0,-0.0073571136360637,0.28,0.6412625186188006,0.3206312593094003,2.289187165171335,0.3875,0.9631672450918832,0.9851692268856777,1.6475512190951533,0.7464176270997558,-0.0009984716117073663
neutral,no_inheritance,74,64,24,80,669,613,1282,4153,2442,1711,0.41199133156754153,80,74.55384615384615,16,9.4375,0.49177877428998507,0.0008564841924067774,0.0012294994246309745,0.004758702803501994,0.4079601990049751,-0.007432392539795112,0.0,0.0,0.010706250251902,0.28000000000000014,0.6366895680168874,0.3183447840084437,2.282753532537596,0.3875,0.9631672450918832,0.98075310353825,1.4137672018685248,0.7915168047838118,0.005475199202384538
neutral,no_inheritance,75,64,24,80,707,651,1358,4096,2523,1573,0.384033203125,80,74.26153846153846,16,9.5375,0.5077793493635078,0.00015416365190886426,0.0010816489813144572,0.003693573015857563,0.7313432835820896,-0.03385895618752108,0.0,0.0,0.01938051400076718,0.28000000000000014,0.6327871508967252,0.3163935754483626,2.269973389692165,0.5375,0.9959386076315955,0.9903630926131515,1.65658521513688,0.6749850710425901,0.0008528828620910645
neutral,no_inheritance,76,64,24,80,695,639,1334,4232,2507,1725,0.4076086956521739,80,76.16923076923077,14,7.825,0.497841726618705,0.0002932317949395722,0.0009400089938843365,0.003876720914949115,0.6318407960199005,0.06469867362685454,0.0,0.0,0.022478902748058194,0.2800000000000001,0.6383933006867513,0.31919665034337563,2.28430178238888,0.475,0.99819587904281,0.977699472479882,1.4515487129768165,0.7079402757712132,0.010622159101060957
neutral,no_inheritance,77,64,24,80,684,628,1312,4153,2441,1712,0.4122321213580544,80,74.78461538461538,17,9.5625,0.5087719298245614,2.4722473026442694e-05,0.0008586323483363216,0.003113128234400387,0.9353233830845771,0.0296786990865834,0.0,0.0,-0.020011398350371634,0.28000000000000014,0.6372519875006089,0.3186259937503044,2.2802979488397663,0.45,0.9927744539878084,0.9900531380171235,1.6042909725604673,0.6576516901214987,-0.005529642162483652
neutral,no_inheritance,78,64,24,80,740,684,1424,4089,2573,1516,0.3707507948153583,80,74.66153846153846,15,8.8875,0.5121621621621621,6.50206384153161e-05,0.0008177509639062699,0.0029889324907690293,0.8208955223880597,0.034512668351673215,0.0,0.0,0.01356320422354379,0.28000000000000014,0.6387744128823267,0.31938720644116336,2.2835515261812676,0.475,0.99819587904281,0.9782369161303456,1.5835217468085998,0.6736293207155449,0.005534057248236994
neutral,no_inheritance,79,64,24,80,688,632,1320,4014,2557,1457,0.36297957149975085,80,72.70769230769231,22,12.1875,0.5058139534883721,1.0656162237426565e-05,0.0008694372868115124,0.003785512527322,0.9154228855721394,0.0518673081029408,0.0,0.0,-0.000668322828547091,0.28000000000000014,0.6299228979917989,0.31496144899589945,2.265517159638327,0.4625,0.9959386076315955,0.9760246957673003,1.5076313584441132,0.6505470637237056,-0.004890332764075115
neutral,no_inheritance,80,64,24,80,670,614,1284,4084,2425,1659,0.4062193927522037,80,73.50769230769231,15,10.5625,0.4761194029850746,0.0023651221984085265,0.0011710013900907024,0.004809611977041703,0.1691542288557214,-0.029002418075914204,0.0,0.0,0.01216214021870135,0.2800000000000001,0.6276022743358134,0.3138011371679067,2.2674264260967965,0.425,0.9837082626231857,0.9795876729633108,1.5592910508057574,0.7025896708482781,0.0018268419987318213
neutral,no_inheritance,81,64,24,80,684,628,1312,4138,2588,1550,0.37457709038182696,80,74.55384615384615,13,8.4,0.46637426900584794,0.0032037193340987945,0.0010015885283165863,0.00379278609969504,0.07960199004975124,-0.07313455734865043,0.0,0.0,0.02328017027181606,0.28000000000000014,0.6281660605354695,0.31408303026773476,2.2716128792809367,0.45,0.9927744539878084,0.9775836610876922,1.5397541774306076,0.7344481922018979,0.005710082856763085
neutral,no_inheritance,82,64,24,80,701,645,1346,4274,2453,1821,0.42606457650912494,80,76.9076923076923,16,9.5875,0.5349500713266762,0.002328509120727861,0.0008989329205840649,0.0030586576452046425,0.10945273631840796,-0.0036371731570245904,0.0,0.0,0.001502436252280498,0.2800000000000001,0.6364524662944074,0.3182262331472037,2.27778063331458,0.35,0.934068055375491,0.9737207894344857,1.3730078574654176,0.6898287495135996,-0.0006512262827394983
neutral,no_inheritance,83,64,24,80,708,652,1360,4070,2452,1618,0.39754299754299754,80,73.87692307692308,16,9.1375,0.4830508474576271,0.0019856623395736635,0.0010192911585023207,0.003533228460270849,0.19402985074626866,0.023678898501798596,0.0,0.0,-0.008585142709876925,0.28000000000000014,0.6373196164916816,0.3186598082458408,2.28062675509708,0.475,0.99819587904281,0.9851202918589084,1.5638417282077661,0.7324040798924011,-0.0020085844164468253
neutral,no_inheritance,84,64,24,80,708,652,1360,4120,2451,1669,0.40509708737864075,80,74.64615384615385,14,9.45,0.5028248587570622,0.00023488591863153694,0.0008722232003510327,0.0028892964383791975,0.6268656716417911,0.0030153591695565463,0.0,0.0,-0.0010644205849685284,0.28000000000000014,0.6315551281751739,0.31577756408758695,2.2736155682975734,0.3875,0.9631672450918832,0.9756579434126514,1.4336571958474955,0.6804568503781631,0.0024764351022716524
neutral,no_inheritance,85,64,24,80,701,645,1346,4009,2469,1540,0.38413569468695435,80,72.83076923076923,15,9.475,0.5420827389443652,0.002434656471135919,0.001040941804655649,0.004805601458789954,0.15920398009950248,0.020211190979244308,0.0,0.0,-0.047516937084393834,0.2800000000000001,0.6365400003928372,0.3182700001964186,2.2830896981579403,0.4,0.9709505944546686,0.9867970807750457,1.6546353538151362,0.7309495642468781,-0.0076468006849890885
neutral,no_inheritance,86,64,24,80,724,668,1392,4165,2605,1560,0.3745498199279712,80,75.58461538461539,16,8.95,0.4972375690607735,0.00017392042398813208,0.0009931636513364644,0.0039354613156451085,0.6766169154228856,-0.03302371198166468,0.0,0.0,0.006973528305568383,0.2800000000000001,0.6309595636520412,0.3154797818260206,2.268939995183125,0.5375,0.9959386076315955,0.9818086690950791,1.5745007280895025,0.7239915823815882,0.004144928079274923
neutral,no_inheritance,87,64,24,80,750,694,1444,4074,2810,1264,0.31026018654884635,80,74.58461538461539,14,9.475,0.512,0.00021620592575005617,0.0010668710169649464,0.0042102576538917864,0.6716417910447762,-0.0854420120265755,0.0,0.0,0.01641342738897747,0.28000000000000014,0.6400904619234136,0.3200452309617068,2.284469723133464,0.3875,0.9631672450918832,0.9825829931572401,1.5006496923538397,0.6757229625508965,0.003279173291167884
neutral,no_inheritance,88,64,24,80,685,629,1314,4077,2396,1681,0.41231297522688254,80,73.63076923076923,17,10.6125,0.5065693430656935,1.4301298831152949e-05,0.00104723026934939,0.004835234513559723,0.9402985074626866,-0.04814342437704878,0.0,0.0,0.011056905840713727,0.2800000000000001,0.6285037258481097,0.3142518629240548,2.2747413892216755,0.425,0.9837082626231857,0.9733480524419774,1.5269600902922793,0.6427776481220454,0.004399128404410827
neutral,no_inheritance,89,64,24,80,720,664,1384,4158,2647,1511,0.3633958633958634,80,75.41538461538461,16,9.875,0.5097222222222222,9.747837849606415e-05,0.000990974774354739,0.003871452882337735,0.746268656716418,-0.008077743882320226,0.0,0.0,-0.0014222529758843583,0.28000000000000014,0.6367607659998004,0.3183803829999002,2.2806579439655845,0.45,0.9927744539878084,0.9831779127470822,1.6306334871154462,0.7061744557279847,0.0018230126455234682
neutral,no_inheritance,90,64,24,80,708,652,1360,4122,2585,1537,0.37287724405628336,80,74.67692307692307,18,11.05,0.5296610169491526,0.0009683961092500862,0.0009285401656753708,0.003910511669348142,0.2935323383084577,0.049776274579965724,0.0,0.0,0.006645380061470613,0.28000000000000014,0.6300278323840904,0.3150139161920452,2.2733618987974884,0.525,0.99819587904281,0.9706590146741446,1.7515690526617864,0.6578779865521888,-0.0011787497342692665
neutral,no_inheritance,91,64,24,80,728,672,1400,4093,2613,1480,0.36159296359638404,80,74.53846153846153,15,9.25,0.4423076923076923,0.009988467360226308,0.0010196917559888315,0.0035227227717433154,0.004975124378109453,-0.019473568459402506,0.0,0.0,0.003970932486967005,0.2800000000000001,0.6424255098100292,0.3212127549050146,2.2899333981728835,0.4125,0.9777945702913884,0.9932490789835962,1.4922869866043729,0.6556288163283034,0.0003795220684203385
neutral,no_inheritance,92,64,24,80,698,642,1340,4143,2439,1704,0.4112961622013034,80,74.84615384615384,15,8.425,0.49570200573065903,0.00018541552489126714,0.001056259279971658,0.004206049907648845,0.6467661691542289,-0.022721489462535407,0.0,0.0,-0.018632876411784877,0.2800000000000001,0.6343522527293913,0.31717612636469567,2.275762650857134,0.475,0.99819587904281,0.9877223510937606,1.5686307400985597,0.695085205274082,0.000764778409140891
neutral,no_inheritance,93,64,24,80,706,650,1356,4141,2508,1633,0.39434919101666266,80,74.93846153846154,16,9.1375,0.48725212464589235,0.0007373118742152358,0.0011312919099747323,0.00422688893479374,0.4577114427860697,-0.007774528869896213,0.0,0.0,0.007514245365471767,0.28000000000000014,0.6382265583977027,0.31911327919885135,2.284759973598826,0.3875,0.9631672450918832,0.9738809167715626,1.4491800362519611,0.6614486627983589,0.004146459845388472
neutral,no_inheritance,94,64,24,80,719,663,1382,4111,2575,1536,0.3736317197762102,80,74.67692307692307,17,8.675,0.5271210013908206,0.0008937689182958036,0.0010324971106862035,0.0040667270500600716,0.32338308457711445,0.0014191686899698058,0.0,0.0,-0.008537946241246375,0.28000000000000014,0.6368903930211025,0.31844519651055125,2.282856772262988,0.4625,0.9959386076315955,0.9776588975791225,1.5032256251682703,0.7226238127647302,-0.000772293023310026
neutral,no_inheritance,95,64,24,80,699,643,1342,4258,2513,1745,0.40981681540629405,80,76.63076923076923,13,8.975,0.4892703862660944,0.0005966808247885799,0.0010063388485021384,0.0035182237005602773,0.4925373134328358,0.009528074332253061,0.0,0.0,0.0072150967478882,0.2800000000000001,0.6362080336280997,0.3181040168140499,2.2856921179103273,0.4375,0.9886994082884974,0.9834537671548698,1.4666683561738787,0.7700137467502647,0.0004102464766126388
neutral,no_inheritance,96,64,24,80,704,648,1352,4077,2530,1547,0.3794456708363993,80,73.92307692307692,15,8.725,0.5071022727272727,9.08911876970923e-06,0.0009400687710587246,0.003674993511980515,0.9054726368159204,0.009174422045526624,0.0,0.0,0.024197438918108466,0.2800000000000001,0.634963070305822,0.317481535152911,2.2842742934178966,0.4,0.9709505944546686,0.9793130714705706,1.5232598654711833,0.6854730796017634,0.006656026505708209
neutral,no_inheritance,97,64,24,80,713,657,1370,4183,2514,1669,0.3989959359311499,80,75.6923076923077,17,8.6125,0.5301542776998598,0.001848637853142262,0.000949213186454633,0.003964958084351381,0.17412935323383086,-0.031640749882177174,0.0,0.0,-0.017264704533993508,0.2800000000000001,0.6459455378161304,0.3229727689080652,2.2973952049758246,0.4875,0.9995491108252484,0.9829854929802857,1.5618500841233354,0.6820263822767573,-0.005949425086079491
neutral,no_inheritance,98,64,24,80,679,623,1302,4170,2357,1813,0.4347721822541966,80,74.96923076923076,16,9.7,0.5051546391752577,3.343777773973447e-05,0.0010625460873603218,0.004200382675221876,0.8656716417910447,0.020249387647323355,0.0,0.0,0.017847070352664002,0.2800000000000001,0.6447052932473227,0.32235264662366137,2.2929239133268378,0.55,0.9927744539878084,0.9871804502655372,1.6338028367811972,0.6755579491814204,0.0028276084168636323
neutral,no_inheritance,99,64,24,80,680,624,1304,4142,2424,1718,0.4147754707870594,80,74.55384615384615,15,8.7,0.513235294117647,3.1090718383941854e-05,0.0011110529313436326,0.003814514042429093,0.8606965174129353,-0.0271583250459732,0.0,0.0,-0.008374732870575718,0.28000000000000014,0.6351463391181703,0.31757316955908516,2.280811253831074,0.5,1.0,0.9772153434137683,1.6192839640234276,0.6787885830515168,-0.004529450756008157
neutral,no_inheritance,100,64,24,80,680,624,1304,4224,2314,1910,0.4521780303030303,80,75.81538461538462,15,8.0375,0.4985294117647059,4.992758938597726e-06,0.0010678985439662178,0.003873662293420937,1.0,0.0013979998031847078,0.0,0.0,0.016926452927232605,0.2800000000000001,0.6363804923252251,0.31819024616261254,2.2784214084925627,0.45,0.9927744539878084,0.9915845351871396,1.535699267830043,0.6895492088261522,0.0011155589990817258
neutral,no_inheritance,101,64,24,80,744,688,1432,4071,2706,1365,0.3352984524686809,80,74.44615384615385,16,9.525,0.5134408602150538,0.0002536308603169144,0.0009637163484276407,0.0038564078266432596,0.6467661691542289,-0.00040785258714681966,0.0,0.0,-0.017022174222842634,0.28000000000000014,0.647318553008437,0.3236592765042185,2.291278885126819,0.4875,0.9995491108252484,0.9900072041155213,1.5393804607674677,0.6531115365626361,-0.006334142297723153
neutral,no_inheritance,102,64,24,80,714,658,1372,4148,2492,1656,0.39922854387656703,80,75.16923076923077,17,10.3125,0.48179271708683474,0.0011554508686012627,0.0011954948811107988,0.005053294146411619,0.3283582089552239,-0.059568422399785326,0.0,0.0,-0.0016647501056206992,0.28000000000000014,0.6360716740966542,0.3180358370483271,2.2777393605773852,0.4,0.9709505944546686,0.9880587148023479,1.6722047760325562,0.7353246567323234,-0.002434513176407356
neutral,no_inheritance,103,64,24,80,708,652,1360,4110,2446,1664,0.4048661800486618,80,74.49230769230769,12,8.7625,0.5225988700564972,0.0012994945225571347,0.0009147170848257959,0.0036167484055900263,0.2835820895522388,0.094246462180111,0.0,0.0,-0.0005492132804324201,0.28000000000000014,0.6324466776461416,0.3162233388230708,2.2699067473366044,0.475,0.99819587904281,0.9933211697513149,1.6765633794533474,0.6842569801917806,0.006093025733922959
neutral,no_inheritance,104,64,24,80,755,699,1454,4167,2623,1544,0.3705303575713943,80,76.0923076923077,15,10.5375,0.49801324503311256,0.000261075309053691,0.0009781716127124393,0.0037831957091580834,0.6119402985074627,-0.014892092615023696,0.0,0.0,0.021115958485228764,0.28,0.6409251028641653,0.32046255143208263,2.2884399985432626,0.4375,0.9886994082884974,0.9746954678365463,1.6403583327876377,0.7141540093053754,0.005577264402001192
neutral,no_inheritance,105,64,24,80,701,645,1346,4092,2549,1543,0.3770772238514174,80,74.1076923076923,17,9.175,0.5292439372325249,0.0014665947704280285,0.0009379083688903739,0.003952548063673136,0.21393034825870647,0.011674384708071198,0.0,0.0,0.0030209910560017317,0.28000000000000014,0.6377781777599286,0.3188890888799643,2.2773111897021736,0.475,0.99819587904281,0.9795151892442145,1.5441549463108535,0.7360100175143589,0.004391003498230817
neutral,no_inheritance,106,64,24,80,760,704,1464,4069,2752,1317,0.3236667485868764,80,74.66153846153846,17,9.5125,0.5302631578947369,0.0019004463422130462,0.0010495660489597376,0.003634320156583142,0.19402985074626866,0.020936359883949755,0.0,0.0,-0.009937234432838782,0.28000000000000014,0.6336579389905055,0.31682896949525274,2.2785941382371586,0.425,0.9837082626231857,0.9859740476557859,1.4136371825341851,0.7080768615278019,-0.004893288004821711
neutral,no_inheritance,107,64,24,80,726,670,1396,4067,2625,1442,0.35456110154905335,80,74.1076923076923,16,8.7875,0.4628099173553719,0.004386293632502175,0.001124114740316031,0.003679404603874438,0.04477611940298507,0.008085908507555225,0.0,0.0,0.0012444412043449704,0.2800000000000001,0.6401622987507857,0.32008114937539284,2.2819906711009015,0.4375,0.9886994082884974,0.9928406131095867,1.5427097618942018,0.7852914822760823,-0.0011944628722887207
neutral,no_inheritance,108,64,24,80,696,640,1336,4058,2583,1475,0.3634795465746673,80,73.50769230769231,15,8.55,0.521551724137931,0.0007647711461803361,0.0008871743192909744,0.003751629933329382,0.36318407960199006,0.06672074761474509,0.0,0.0,0.0054073792653193675,0.28000000000000014,0.6384893706398568,0.3192446853199284,2.286347548714834,0.4375,0.9886994082884974,0.9855104977153447,1.386755670267053,0.7700817078918019,0.0011547689114056155
neutral,no_inheritance,109,64,24,80,701,645,1346,4206,2497,1709,0.4063242986210176,80,75.86153846153846,15,10.3125,0.5235378031383737,0.0015318161027058318,0.0011129376218204368,0.004050858118532314,0.2537313432835821,0.05573921063535807,0.0,0.0,0.015285068711944044,0.2800000000000001,0.64634946201421,0.323174731007105,2.289317531610783,0.5375,0.9959386076315955,0.9876589525794607,1.6162638814827865,0.7275531981664672,0.0028926929782849896
neutral,no_inheritance,110,64,24,80,728,672,1400,4177,2569,1608,0.3849652860904956,80,75.83076923076923,15,8.725,0.5315934065934066,0.00221597194526656,0.0008622093543433512,0.003223587200546699,0.15422885572139303,-0.03739905017370472,0.0,0.0,0.0028301632530915444,0.2800000000000001,0.6469335154675716,0.3234667577337858,2.2898712403244645,0.475,0.99819587904281,0.9815595530207423,1.757956153862758,0.6918275550342706,-0.0014562687503628792
